,0,1,2,3,4,5,6,7,8,9,10,11,12,13,14,15,16,17,18,19,20,21,22,23,24,25,26,27,28,29,30,31,32,33,34,35,36,37,38,39,40,41,42,43,44,45,46,47,48,49,50,51,52,53,54,55,56,57,58,59,60,61,62,63,64,65,66,67,68,69,70,71,72,73,74,75,76,77,78,79,80,81,82,83,84,85,86,87,88,89,90,91,92,93,94,95
2018/01/01,47.0,31.0,143.0,240.0,374.0,561.0,766.0,726.0,690.0,543.0,363.0,336.0,221.0,208.0,134.0,138.0,115.0,166.0,136.0,95.0,134.0,111.0,108.0,125.0,121.0,83.0,131.0,113.0,110.0,77.0,124.0,114.0,134.0,129.0,82.0,100.0,74.0,82.0,62.0,122.0,108.0,110.0,132.0,126.0,140.0,157.0,168.0,226.0,262.0,285.0,289.0,334.0,309.0,344.0,430.0,482.0,638.0,575.0,513.0,490.0,269.0,230.0,174.0,156.0,109.0,201.0,153.0,237.0,284.0,180.0,298.0,385.0,391.0,339.0,445.0,497.0,487.0,506.0,515.0,452.0,525.0,656.0,508.0,455.0,365.0,362.0,347.0,276.0,286.0,252.0,208.0,172.0,149.0,157.0,106.0,133.0
2018/01/02,121.0,139.0,79.0,83.0,43.0,46.0,21.0,34.0,34.0,18.0,28.0,16.0,20.0,10.0,31.0,7.0,5.0,7.0,23.0,12.0,16.0,26.0,25.0,33.0,38.0,94.0,100.0,101.0,149.0,251.0,298.0,361.0,447.0,492.0,528.0,476.0,620.0,671.0,705.0,714.0,653.0,726.0,715.0,794.0,776.0,789.0,829.0,812.0,940.0,1049.0,881.0,948.0,986.0,821.0,819.0,953.0,866.0,924.0,787.0,685.0,695.0,605.0,753.0,570.0,573.0,676.0,695.0,684.0,739.0,628.0,825.0,895.0,1100.0,972.0,1038.0,959.0,1127.0,934.0,912.0,865.0,827.0,724.0,647.0,706.0,794.0,641.0,569.0,478.0,448.0,324.0,291.0,253.0,206.0,215.0,124.0,121.0
2018/01/03,109.0,95.0,96.0,105.0,44.0,75.0,52.0,58.0,45.0,39.0,51.0,30.0,30.0,7.0,20.0,45.0,35.0,13.0,16.0,11.0,18.0,35.0,15.0,25.0,52.0,86.0,94.0,111.0,142.0,267.0,310.0,449.0,551.0,560.0,610.0,567.0,683.0,631.0,698.0,758.0,745.0,652.0,745.0,900.0,925.0,823.0,910.0,955.0,960.0,997.0,1005.0,1051.0,1222.0,1006.0,1110.0,1000.0,926.0,976.0,1008.0,811.0,696.0,649.0,657.0,674.0,652.0,744.0,617.0,516.0,416.0,315.0,214.0,290.0,365.0,948.0,1053.0,953.0,1037.0,1052.0,909.0,941.0,829.0,935.0,753.0,804.0,733.0,647.0,700.0,580.0,545.0,467.0,271.0,227.0,243.0,209.0,149.0,149.0
2018/01/04,148.0,145.0,150.0,137.0,108.0,106.0,51.0,64.0,43.0,65.0,40.0,46.0,59.0,37.0,28.0,29.0,9.0,22.0,17.0,40.0,11.0,27.0,42.0,42.0,35.0,99.0,122.0,132.0,130.0,233.0,275.0,430.0,573.0,572.0,697.0,668.0,693.0,741.0,810.0,714.0,796.0,879.0,839.0,813.0,872.0,815.0,961.0,945.0,1069.0,1177.0,997.0,1061.0,1160.0,1035.0,1014.0,1210.0,1127.0,1155.0,1100.0,901.0,806.0,653.0,741.0,635.0,777.0,691.0,775.0,792.0,910.0,889.0,909.0,874.0,1078.0,1183.0,1243.0,1317.0,1413.0,1178.0,1121.0,999.0,990.0,877.0,917.0,935.0,852.0,901.0,775.0,709.0,524.0,520.0,402.0,275.0,289.0,221.0,156.0,207.0
2018/01/05,228.0,164.0,179.0,165.0,123.0,124.0,72.0,67.0,84.0,72.0,99.0,81.0,49.0,16.0,39.0,28.0,44.0,40.0,31.0,32.0,51.0,50.0,33.0,59.0,44.0,91.0,102.0,160.0,185.0,226.0,217.0,471.0,491.0,484.0,580.0,554.0,702.0,777.0,693.0,908.0,820.0,892.0,946.0,957.0,1035.0,1058.0,1187.0,1128.0,1260.0,1058.0,1109.0,983.0,1154.0,1255.0,1183.0,1321.0,1243.0,1278.0,1345.0,1236.0,1254.0,1175.0,1017.0,1011.0,837.0,851.0,915.0,780.0,877.0,1004.0,928.0,912.0,1016.0,1088.0,962.0,871.0,938.0,862.0,795.0,808.0,851.0,813.0,805.0,851.0,857.0,826.0,879.0,717.0,623.0,563.0,354.0,326.0,242.0,256.0,270.0,248.0
2018/01/06,257.0,200.0,206.0,236.0,191.0,172.0,159.0,158.0,93.0,91.0,94.0,116.0,94.0,58.0,80.0,47.0,66.0,59.0,64.0,0.0,66.0,64.0,67.0,70.0,60.0,98.0,81.0,70.0,112.0,71.0,83.0,129.0,115.0,92.0,85.0,100.0,176.0,159.0,155.0,188.0,199.0,224.0,272.0,336.0,383.0,492.0,438.0,559.0,591.0,636.0,527.0,712.0,808.0,805.0,955.0,985.0,1171.0,937.0,795.0,734.0,539.0,403.0,333.0,230.0,212.0,251.0,324.0,281.0,373.0,441.0,442.0,535.0,563.0,732.0,606.0,661.0,581.0,580.0,629.0,546.0,495.0,520.0,578.0,526.0,569.0,531.0,540.0,561.0,529.0,359.0,305.0,273.0,219.0,198.0,161.0,196.0
2018/01/07,215.0,172.0,131.0,143.0,149.0,108.0,99.0,68.0,60.0,94.0,56.0,58.0,86.0,127.0,51.0,66.0,82.0,58.0,69.0,50.0,62.0,20.0,24.0,39.0,45.0,113.0,86.0,58.0,63.0,85.0,93.0,145.0,100.0,83.0,124.0,127.0,132.0,179.0,157.0,284.0,304.0,328.0,450.0,472.0,488.0,576.0,627.0,777.0,757.0,778.0,933.0,906.0,1001.0,1032.0,1077.0,998.0,1139.0,1090.0,1019.0,893.0,772.0,719.0,523.0,467.0,357.0,487.0,540.0,534.0,528.0,725.0,683.0,763.0,686.0,632.0,777.0,841.0,658.0,701.0,682.0,657.0,618.0,689.0,765.0,607.0,559.0,479.0,471.0,436.0,307.0,284.0,177.0,261.0,177.0,141.0,137.0,144.0
2018/01/08,173.0,110.0,74.0,107.0,68.0,76.0,50.0,42.0,11.0,33.0,7.0,24.0,17.0,12.0,27.0,18.0,6.0,12.0,23.0,12.0,12.0,28.0,23.0,18.0,55.0,103.0,116.0,161.0,211.0,317.0,379.0,606.0,787.0,1057.0,1142.0,1297.0,1197.0,1115.0,1135.0,1056.0,1071.0,1036.0,836.0,900.0,890.0,881.0,1002.0,966.0,997.0,958.0,990.0,917.0,970.0,958.0,927.0,1049.0,858.0,1024.0,1007.0,908.0,840.0,688.0,829.0,901.0,963.0,815.0,1048.0,921.0,1147.0,1228.0,1138.0,1052.0,990.0,1274.0,1328.0,1236.0,1302.0,879.0,973.0,1010.0,834.0,1004.0,813.0,722.0,681.0,683.0,671.0,558.0,468.0,360.0,285.0,242.0,176.0,161.0,152.0,117.0
2018/01/09,108.0,78.0,75.0,82.0,51.0,65.0,21.0,23.0,26.0,31.0,40.0,26.0,20.0,11.0,27.0,16.0,28.0,35.0,14.0,17.0,20.0,29.0,45.0,41.0,53.0,84.0,93.0,140.0,224.0,305.0,435.0,597.0,848.0,1048.0,864.0,1149.0,1388.0,1159.0,1201.0,1214.0,1310.0,1075.0,955.0,899.0,967.0,905.0,1063.0,1043.0,1150.0,970.0,1088.0,1101.0,1043.0,1017.0,951.0,990.0,1040.0,1053.0,978.0,815.0,924.0,754.0,737.0,1011.0,850.0,997.0,1073.0,1137.0,1271.0,1206.0,1283.0,1121.0,1157.0,1301.0,1310.0,1223.0,1252.0,1382.0,1312.0,1304.0,1445.0,1337.0,1059.0,1097.0,1006.0,686.0,691.0,432.0,380.0,347.0,248.0,222.0,233.0,230.0,161.0,133.0
2018/01/10,141.0,127.0,68.0,72.0,63.0,50.0,36.0,26.0,49.0,38.0,33.0,24.0,22.0,14.0,12.0,23.0,33.0,14.0,20.0,13.0,24.0,27.0,31.0,24.0,35.0,105.0,121.0,135.0,243.0,376.0,452.0,617.0,882.0,1021.0,1231.0,1157.0,1223.0,1003.0,1236.0,1263.0,1146.0,1086.0,984.0,1054.0,959.0,973.0,1081.0,1103.0,1101.0,952.0,947.0,1075.0,1184.0,961.0,945.0,966.0,1053.0,1065.0,926.0,965.0,806.0,705.0,797.0,816.0,1063.0,935.0,1192.0,1109.0,1128.0,1118.0,1045.0,1143.0,1232.0,1369.0,1517.0,1429.0,1433.0,1418.0,1261.0,1308.0,1329.0,1189.0,1062.0,1036.0,1051.0,784.0,663.0,495.0,461.0,337.0,377.0,190.0,210.0,186.0,210.0,199.0
2018/01/11,133.0,160.0,113.0,100.0,73.0,77.0,55.0,34.0,49.0,46.0,21.0,14.0,33.0,12.0,20.0,20.0,7.0,12.0,21.0,14.0,16.0,15.0,31.0,31.0,46.0,95.0,86.0,126.0,188.0,295.0,410.0,655.0,938.0,986.0,1241.0,1177.0,1290.0,1267.0,1212.0,1358.0,1133.0,1051.0,1059.0,1011.0,999.0,939.0,921.0,1085.0,1163.0,1051.0,1056.0,1029.0,1005.0,907.0,1034.0,1040.0,994.0,1104.0,962.0,973.0,843.0,807.0,859.0,846.0,968.0,1023.0,1042.0,1065.0,1225.0,1277.0,1196.0,1173.0,1232.0,1380.0,1353.0,1429.0,1323.0,1323.0,1387.0,1282.0,1343.0,1184.0,1158.0,951.0,939.0,812.0,694.0,714.0,524.0,433.0,372.0,230.0,211.0,225.0,186.0,165.0
2018/01/12,153.0,130.0,142.0,120.0,131.0,122.0,69.0,53.0,47.0,63.0,31.0,50.0,30.0,28.0,52.0,35.0,22.0,60.0,57.0,38.0,13.0,39.0,24.0,20.0,44.0,109.0,136.0,125.0,191.0,355.0,437.0,627.0,903.0,1084.0,1046.0,1271.0,1194.0,1316.0,1163.0,1303.0,1332.0,1008.0,1045.0,1075.0,1149.0,1059.0,1019.0,1148.0,974.0,1062.0,1117.0,1079.0,1140.0,1031.0,1015.0,1137.0,1013.0,1232.0,1214.0,1391.0,1430.0,1339.0,1321.0,1502.0,1448.0,1351.0,1479.0,1174.0,1265.0,1262.0,1113.0,1185.0,1078.0,1174.0,1097.0,1117.0,1127.0,1039.0,1068.0,1026.0,1073.0,1017.0,1082.0,966.0,960.0,873.0,1032.0,1049.0,797.0,654.0,390.0,341.0,310.0,273.0,223.0,181.0
2018/01/13,214.0,191.0,252.0,237.0,187.0,206.0,143.0,151.0,143.0,107.0,106.0,115.0,130.0,97.0,61.0,70.0,78.0,64.0,58.0,68.0,77.0,55.0,51.0,86.0,68.0,141.0,124.0,98.0,127.0,79.0,137.0,133.0,179.0,176.0,193.0,242.0,387.0,349.0,383.0,491.0,634.0,634.0,697.0,744.0,762.0,773.0,887.0,1086.0,1075.0,1061.0,1063.0,1140.0,1173.0,1269.0,1188.0,1220.0,1247.0,1211.0,1209.0,1043.0,995.0,900.0,861.0,825.0,627.0,550.0,477.0,631.0,558.0,590.0,556.0,647.0,632.0,714.0,921.0,948.0,872.0,944.0,870.0,826.0,896.0,801.0,763.0,984.0,868.0,914.0,901.0,684.0,641.0,518.0,442.0,354.0,206.0,209.0,199.0,236.0
2018/01/14,213.0,183.0,182.0,195.0,219.0,175.0,187.0,159.0,177.0,114.0,124.0,121.0,123.0,115.0,88.0,85.0,59.0,65.0,112.0,96.0,50.0,81.0,55.0,69.0,62.0,99.0,63.0,106.0,106.0,118.0,78.0,133.0,147.0,117.0,113.0,133.0,129.0,120.0,183.0,279.0,411.0,343.0,375.0,568.0,497.0,673.0,751.0,765.0,783.0,828.0,813.0,957.0,916.0,1059.0,1029.0,975.0,1048.0,1128.0,1061.0,810.0,744.0,571.0,397.0,509.0,398.0,322.0,444.0,479.0,454.0,591.0,634.0,587.0,741.0,831.0,742.0,697.0,819.0,690.0,721.0,743.0,727.0,597.0,649.0,541.0,646.0,505.0,377.0,487.0,342.0,281.0,260.0,277.0,191.0,179.0,142.0,106.0
2018/01/15,100.0,73.0,54.0,52.0,37.0,50.0,23.0,24.0,36.0,7.0,28.0,27.0,24.0,16.0,15.0,18.0,46.0,21.0,33.0,15.0,26.0,27.0,37.0,31.0,44.0,91.0,111.0,132.0,189.0,389.0,498.0,635.0,931.0,1052.0,992.0,1186.0,1309.0,1105.0,1141.0,1209.0,1227.0,1097.0,985.0,985.0,1071.0,1036.0,930.0,1050.0,1086.0,1010.0,1003.0,979.0,1044.0,874.0,969.0,1107.0,1090.0,953.0,920.0,901.0,797.0,723.0,882.0,778.0,875.0,1059.0,1168.0,985.0,1111.0,1209.0,1078.0,1190.0,1276.0,1325.0,1228.0,1304.0,1211.0,1238.0,1427.0,1170.0,1089.0,1027.0,919.0,881.0,774.0,597.0,642.0,433.0,411.0,343.0,327.0,234.0,168.0,196.0,152.0,91.0
2018/01/16,142.0,85.0,105.0,67.0,33.0,75.0,33.0,43.0,18.0,26.0,21.0,36.0,42.0,7.0,12.0,21.0,18.0,9.0,39.0,16.0,27.0,36.0,21.0,55.0,45.0,120.0,130.0,138.0,229.0,369.0,472.0,574.0,903.0,978.0,1121.0,1307.0,1311.0,1271.0,1259.0,1324.0,1211.0,1222.0,993.0,975.0,1065.0,862.0,1031.0,962.0,1082.0,1093.0,906.0,600.0,1014.0,950.0,938.0,924.0,1007.0,964.0,959.0,976.0,835.0,690.0,737.0,859.0,903.0,829.0,1141.0,1047.0,1134.0,1242.0,1198.0,1107.0,1109.0,1274.0,1191.0,1320.0,1376.0,1323.0,1219.0,1300.0,1180.0,1024.0,909.0,922.0,798.0,718.0,618.0,567.0,423.0,356.0,253.0,269.0,225.0,196.0,142.0,191.0
2018/01/17,88.0,137.0,149.0,64.0,85.0,63.0,53.0,44.0,35.0,47.0,39.0,29.0,12.0,29.0,11.0,5.0,19.0,18.0,24.0,18.0,33.0,40.0,34.0,58.0,57.0,130.0,103.0,125.0,204.0,334.0,440.0,564.0,898.0,993.0,1028.0,1351.0,1302.0,1172.0,1189.0,1172.0,1143.0,1051.0,1081.0,1072.0,1076.0,952.0,1065.0,1084.0,1125.0,1039.0,1127.0,1038.0,1015.0,981.0,913.0,1009.0,1000.0,998.0,970.0,874.0,757.0,744.0,872.0,843.0,892.0,960.0,1116.0,1087.0,1121.0,1162.0,1081.0,1064.0,1315.0,1354.0,1346.0,1339.0,905.0,1049.0,1115.0,1203.0,1222.0,1471.0,1027.0,1145.0,1156.0,709.0,813.0,422.0,453.0,348.0,256.0,211.0,218.0,196.0,197.0,151.0
2018/01/18,141.0,103.0,81.0,112.0,87.0,72.0,48.0,43.0,70.0,30.0,33.0,52.0,27.0,40.0,42.0,36.0,51.0,14.0,19.0,16.0,44.0,36.0,52.0,59.0,52.0,93.0,87.0,164.0,195.0,316.0,426.0,607.0,884.0,1033.0,1086.0,1334.0,1282.0,1250.0,1085.0,1284.0,1192.0,1195.0,1021.0,1036.0,1128.0,984.0,1013.0,987.0,1029.0,1067.0,1009.0,991.0,963.0,946.0,921.0,1012.0,979.0,1239.0,966.0,1001.0,737.0,709.0,799.0,928.0,1015.0,958.0,1111.0,1047.0,1014.0,1206.0,1067.0,1242.0,1262.0,1296.0,1280.0,1414.0,1276.0,1106.0,1261.0,1349.0,1283.0,1241.0,1191.0,969.0,959.0,929.0,823.0,599.0,614.0,401.0,417.0,206.0,213.0,262.0,171.0,208.0
2018/01/19,158.0,149.0,159.0,154.0,101.0,71.0,83.0,75.0,71.0,78.0,41.0,43.0,50.0,18.0,64.0,16.0,13.0,35.0,32.0,32.0,42.0,59.0,52.0,45.0,64.0,116.0,121.0,140.0,211.0,347.0,425.0,627.0,979.0,1106.0,1011.0,1356.0,1381.0,1277.0,1079.0,1147.0,1179.0,972.0,958.0,1083.0,1026.0,949.0,1080.0,991.0,1085.0,1060.0,950.0,1054.0,1090.0,934.0,1072.0,1041.0,1143.0,1161.0,1261.0,1502.0,1506.0,1356.0,1310.0,1421.0,1450.0,1440.0,1400.0,1273.0,1281.0,1341.0,1178.0,1222.0,1203.0,1117.0,1103.0,1141.0,1050.0,1063.0,1052.0,959.0,1060.0,932.0,964.0,1041.0,1004.0,1025.0,949.0,900.0,728.0,544.0,423.0,302.0,325.0,285.0,255.0,263.0
2018/01/20,239.0,219.0,254.0,200.0,262.0,194.0,188.0,135.0,148.0,174.0,121.0,132.0,105.0,83.0,79.0,81.0,83.0,94.0,69.0,80.0,91.0,71.0,64.0,85.0,86.0,106.0,105.0,86.0,131.0,126.0,86.0,128.0,175.0,150.0,213.0,248.0,377.0,324.0,389.0,428.0,592.0,583.0,580.0,694.0,845.0,767.0,912.0,817.0,936.0,931.0,1029.0,1041.0,949.0,1033.0,1161.0,1094.0,1074.0,1122.0,1047.0,1026.0,744.0,574.0,488.0,446.0,472.0,396.0,446.0,501.0,465.0,539.0,664.0,630.0,803.0,698.0,824.0,890.0,977.0,859.0,783.0,845.0,841.0,956.0,909.0,891.0,856.0,945.0,854.0,770.0,726.0,501.0,384.0,298.0,250.0,259.0,254.0,238.0
2018/01/21,257.0,279.0,202.0,249.0,176.0,167.0,156.0,182.0,144.0,133.0,124.0,172.0,169.0,109.0,83.0,93.0,90.0,115.0,94.0,106.0,79.0,85.0,59.0,83.0,69.0,65.0,88.0,85.0,87.0,107.0,68.0,126.0,121.0,90.0,145.0,125.0,149.0,166.0,195.0,262.0,383.0,343.0,432.0,475.0,568.0,635.0,922.0,727.0,729.0,914.0,768.0,862.0,948.0,892.0,1015.0,983.0,1110.0,1072.0,1001.0,867.0,693.0,699.0,768.0,749.0,695.0,459.0,431.0,456.0,504.0,449.0,515.0,507.0,662.0,711.0,797.0,893.0,761.0,822.0,753.0,834.0,791.0,739.0,722.0,655.0,607.0,531.0,395.0,422.0,452.0,277.0,262.0,231.0,154.0,164.0,154.0,90.0
2018/01/22,107.0,126.0,97.0,47.0,34.0,45.0,47.0,31.0,31.0,5.0,22.0,24.0,15.0,14.0,38.0,26.0,20.0,4.0,32.0,33.0,20.0,34.0,25.0,22.0,34.0,97.0,106.0,135.0,180.0,298.0,494.0,585.0,892.0,1111.0,986.0,1162.0,1195.0,1166.0,1073.0,1180.0,1173.0,1193.0,1089.0,1003.0,1034.0,913.0,844.0,1031.0,1011.0,1051.0,1055.0,959.0,1026.0,928.0,876.0,979.0,994.0,1072.0,927.0,922.0,743.0,706.0,849.0,777.0,831.0,859.0,1017.0,1055.0,1086.0,1136.0,1044.0,1001.0,1116.0,1249.0,1311.0,1347.0,1381.0,1336.0,1303.0,1179.0,1102.0,916.0,821.0,828.0,659.0,596.0,512.0,535.0,400.0,321.0,319.0,195.0,192.0,211.0,150.0,144.0
2018/01/23,121.0,95.0,89.0,68.0,57.0,52.0,19.0,17.0,21.0,28.0,18.0,19.0,13.0,17.0,22.0,14.0,12.0,17.0,12.0,36.0,31.0,7.0,34.0,62.0,49.0,98.0,117.0,185.0,197.0,371.0,460.0,637.0,976.0,1005.0,1240.0,1261.0,1330.0,1184.0,1192.0,1260.0,1289.0,1270.0,1372.0,1140.0,963.0,865.0,1053.0,1059.0,996.0,1067.0,959.0,1147.0,947.0,947.0,911.0,974.0,981.0,832.0,1126.0,915.0,833.0,618.0,708.0,912.0,838.0,851.0,1077.0,1133.0,1131.0,1053.0,1111.0,1158.0,1204.0,1357.0,1419.0,1303.0,1293.0,1162.0,1218.0,1258.0,1049.0,967.0,866.0,900.0,748.0,702.0,673.0,464.0,346.0,289.0,297.0,239.0,188.0,132.0,181.0,166.0
2018/01/24,163.0,113.0,132.0,64.0,74.0,59.0,51.0,67.0,33.0,27.0,19.0,18.0,27.0,17.0,20.0,9.0,43.0,14.0,17.0,21.0,16.0,16.0,14.0,53.0,56.0,117.0,128.0,152.0,215.0,343.0,466.0,665.0,816.0,1147.0,1173.0,1253.0,1346.0,1305.0,1210.0,1316.0,1240.0,1270.0,1056.0,1029.0,1043.0,1016.0,965.0,1047.0,1073.0,1008.0,1040.0,1136.0,1107.0,953.0,952.0,934.0,1135.0,1114.0,1118.0,763.0,846.0,762.0,828.0,790.0,1035.0,990.0,1030.0,1122.0,1122.0,1242.0,1063.0,1129.0,1258.0,1308.0,1410.0,1355.0,1322.0,1344.0,1286.0,1248.0,1310.0,1205.0,1146.0,1089.0,991.0,761.0,681.0,595.0,416.0,367.0,283.0,212.0,209.0,143.0,174.0,155.0
2018/01/25,165.0,157.0,157.0,101.0,88.0,80.0,46.0,64.0,25.0,13.0,36.0,23.0,12.0,25.0,21.0,30.0,19.0,19.0,21.0,17.0,10.0,27.0,55.0,21.0,31.0,102.0,89.0,120.0,211.0,309.0,532.0,596.0,954.0,948.0,1030.0,1281.0,1316.0,1295.0,1253.0,1179.0,1265.0,1465.0,1090.0,1020.0,1176.0,1057.0,1090.0,1007.0,1019.0,1058.0,1059.0,1004.0,1178.0,1049.0,1039.0,1152.0,1009.0,1245.0,1065.0,1076.0,959.0,755.0,865.0,909.0,906.0,1038.0,1158.0,1133.0,1247.0,1256.0,1196.0,1114.0,1316.0,1230.0,1259.0,1403.0,1306.0,912.0,1437.0,1459.0,1519.0,1445.0,1273.0,1196.0,1054.0,881.0,771.0,543.0,439.0,427.0,309.0,220.0,206.0,265.0,164.0,244.0
2018/01/26,146.0,123.0,218.0,147.0,131.0,128.0,68.0,65.0,53.0,52.0,37.0,51.0,63.0,41.0,32.0,32.0,22.0,18.0,8.0,20.0,20.0,38.0,34.0,35.0,45.0,113.0,112.0,150.0,210.0,297.0,413.0,596.0,884.0,1005.0,1191.0,1283.0,1258.0,1397.0,1385.0,1336.0,1341.0,1201.0,1063.0,1075.0,1110.0,985.0,960.0,1126.0,1027.0,1032.0,1057.0,1151.0,1028.0,1017.0,1063.0,956.0,1261.0,1225.0,1419.0,1481.0,1424.0,1451.0,1436.0,1428.0,1311.0,1476.0,1220.0,1176.0,1363.0,1209.0,1067.0,1080.0,1183.0,1001.0,1067.0,1178.0,1127.0,1084.0,1024.0,1034.0,983.0,977.0,962.0,953.0,1078.0,957.0,837.0,884.0,691.0,538.0,404.0,301.0,345.0,259.0,232.0,295.0
2018/01/27,246.0,236.0,180.0,259.0,211.0,145.0,143.0,158.0,115.0,137.0,85.0,104.0,99.0,144.0,84.0,85.0,113.0,97.0,66.0,58.0,83.0,70.0,64.0,81.0,66.0,76.0,82.0,99.0,102.0,98.0,134.0,134.0,160.0,160.0,208.0,260.0,317.0,318.0,359.0,421.0,593.0,519.0,608.0,709.0,781.0,753.0,1015.0,1050.0,970.0,1004.0,1076.0,1000.0,1132.0,1199.0,1145.0,1159.0,1155.0,1276.0,1093.0,954.0,769.0,513.0,604.0,497.0,374.0,368.0,505.0,486.0,568.0,547.0,621.0,629.0,674.0,603.0,761.0,917.0,946.0,979.0,863.0,844.0,800.0,833.0,944.0,739.0,877.0,967.0,814.0,796.0,593.0,455.0,398.0,272.0,219.0,229.0,241.0,239.0
2018/01/28,267.0,143.0,174.0,209.0,220.0,231.0,135.0,116.0,166.0,168.0,120.0,167.0,103.0,111.0,105.0,105.0,84.0,105.0,108.0,59.0,74.0,78.0,75.0,76.0,37.0,104.0,97.0,94.0,93.0,74.0,78.0,126.0,148.0,97.0,147.0,157.0,178.0,170.0,224.0,239.0,363.0,411.0,389.0,590.0,552.0,639.0,671.0,698.0,811.0,850.0,794.0,945.0,890.0,955.0,933.0,989.0,1009.0,1092.0,966.0,850.0,623.0,543.0,430.0,409.0,329.0,434.0,443.0,406.0,517.0,468.0,640.0,576.0,643.0,689.0,823.0,814.0,1010.0,928.0,724.0,834.0,826.0,705.0,651.0,586.0,635.0,550.0,393.0,511.0,397.0,299.0,278.0,233.0,185.0,237.0,148.0,107.0
2018/01/29,131.0,96.0,69.0,51.0,76.0,37.0,18.0,19.0,16.0,32.0,23.0,20.0,11.0,18.0,17.0,19.0,21.0,7.0,15.0,22.0,16.0,17.0,33.0,22.0,51.0,115.0,144.0,139.0,199.0,288.0,464.0,671.0,878.0,1135.0,1136.0,1359.0,1060.0,1011.0,1125.0,1377.0,1394.0,1253.0,1220.0,1070.0,1108.0,1098.0,1087.0,1076.0,1066.0,1013.0,1043.0,1015.0,1025.0,1003.0,979.0,957.0,1044.0,980.0,963.0,905.0,723.0,783.0,824.0,828.0,915.0,967.0,1219.0,1038.0,1161.0,1098.0,1036.0,1275.0,1229.0,1329.0,1362.0,1310.0,1316.0,1268.0,1216.0,1097.0,1130.0,928.0,797.0,809.0,846.0,616.0,623.0,557.0,405.0,360.0,259.0,215.0,168.0,197.0,181.0,169.0
2018/01/30,127.0,70.0,94.0,75.0,40.0,50.0,26.0,23.0,36.0,12.0,33.0,14.0,8.0,22.0,11.0,38.0,19.0,7.0,19.0,21.0,13.0,20.0,21.0,40.0,52.0,118.0,91.0,180.0,196.0,330.0,475.0,621.0,934.0,1086.0,1112.0,1245.0,1162.0,864.0,1298.0,1501.0,1264.0,1094.0,1014.0,1050.0,1010.0,1033.0,1093.0,1032.0,1090.0,1080.0,925.0,977.0,873.0,1085.0,912.0,956.0,1067.0,1069.0,926.0,725.0,899.0,804.0,794.0,932.0,827.0,1002.0,1024.0,1115.0,839.0,1106.0,695.0,891.0,953.0,1318.0,1404.0,1296.0,1329.0,1346.0,1171.0,1184.0,1157.0,1258.0,863.0,840.0,812.0,739.0,563.0,488.0,376.0,390.0,313.0,212.0,193.0,201.0,140.0,156.0
2018/01/31,140.0,104.0,70.0,96.0,81.0,46.0,23.0,21.0,30.0,31.0,18.0,29.0,25.0,11.0,26.0,16.0,11.0,7.0,23.0,23.0,23.0,27.0,27.0,36.0,44.0,82.0,87.0,139.0,203.0,332.0,550.0,705.0,815.0,1105.0,1220.0,1281.0,1198.0,1270.0,1269.0,1371.0,1298.0,1285.0,1110.0,1152.0,1140.0,989.0,897.0,1128.0,1133.0,981.0,989.0,861.0,1138.0,931.0,892.0,984.0,1078.0,1075.0,1044.0,934.0,723.0,681.0,882.0,924.0,868.0,976.0,1159.0,1121.0,1203.0,1105.0,1162.0,1183.0,1212.0,1380.0,1460.0,1330.0,1293.0,1349.0,1347.0,1313.0,1132.0,1141.0,938.0,784.0,761.0,813.0,585.0,492.0,488.0,395.0,309.0,229.0,237.0,266.0,163.0,142.0
2018/02/01,145.0,102.0,170.0,94.0,87.0,84.0,36.0,61.0,26.0,37.0,13.0,24.0,28.0,37.0,21.0,7.0,0.0,15.0,17.0,24.0,21.0,23.0,24.0,43.0,48.0,101.0,75.0,124.0,184.0,296.0,521.0,581.0,937.0,1078.0,1119.0,1152.0,1236.0,1428.0,1336.0,1299.0,1272.0,1021.0,1121.0,1021.0,949.0,998.0,945.0,954.0,1030.0,970.0,1007.0,1012.0,1032.0,1195.0,999.0,1025.0,952.0,1094.0,1210.0,871.0,798.0,763.0,817.0,846.0,899.0,1017.0,1203.0,1041.0,1209.0,1228.0,1064.0,1065.0,1118.0,1315.0,1319.0,1309.0,1317.0,1398.0,1326.0,1325.0,1238.0,1090.0,1117.0,1042.0,949.0,789.0,894.0,634.0,498.0,367.0,345.0,258.0,256.0,210.0,203.0,195.0
2018/02/02,170.0,208.0,177.0,129.0,129.0,123.0,72.0,69.0,64.0,90.0,43.0,36.0,28.0,44.0,40.0,33.0,25.0,25.0,39.0,45.0,29.0,32.0,30.0,41.0,42.0,123.0,124.0,169.0,250.0,325.0,471.0,646.0,941.0,1063.0,1187.0,1406.0,1329.0,1319.0,1223.0,1286.0,1237.0,924.0,1055.0,1102.0,999.0,1000.0,939.0,972.0,1012.0,1112.0,1008.0,1177.0,1186.0,1005.0,1003.0,1006.0,1153.0,1220.0,1304.0,1443.0,1463.0,1465.0,1471.0,1395.0,1442.0,1445.0,1283.0,1261.0,1322.0,1205.0,1099.0,1171.0,1009.0,985.0,1008.0,1191.0,1091.0,1066.0,1078.0,1043.0,1026.0,985.0,969.0,829.0,963.0,1144.0,983.0,1113.0,749.0,588.0,446.0,394.0,324.0,221.0,244.0,223.0
2018/02/03,268.0,259.0,230.0,209.0,195.0,186.0,171.0,132.0,123.0,147.0,130.0,146.0,144.0,100.0,75.0,126.0,88.0,88.0,80.0,73.0,84.0,72.0,102.0,102.0,78.0,125.0,89.0,125.0,110.0,130.0,103.0,124.0,158.0,185.0,199.0,251.0,356.0,299.0,338.0,471.0,637.0,587.0,626.0,695.0,828.0,1010.0,830.0,935.0,1064.0,1047.0,979.0,1026.0,1052.0,1086.0,1092.0,1139.0,1110.0,1110.0,1112.0,953.0,786.0,629.0,471.0,501.0,435.0,407.0,493.0,562.0,511.0,577.0,774.0,718.0,822.0,770.0,791.0,811.0,768.0,780.0,823.0,807.0,731.0,783.0,769.0,849.0,923.0,743.0,757.0,615.0,621.0,556.0,360.0,318.0,261.0,252.0,182.0,177.0
2018/02/04,173.0,217.0,172.0,205.0,174.0,194.0,171.0,152.0,180.0,125.0,139.0,136.0,89.0,137.0,71.0,96.0,98.0,74.0,78.0,107.0,69.0,49.0,69.0,67.0,66.0,88.0,127.0,107.0,103.0,94.0,104.0,71.0,124.0,91.0,101.0,111.0,184.0,164.0,174.0,268.0,356.0,332.0,376.0,468.0,521.0,656.0,642.0,734.0,775.0,696.0,790.0,915.0,914.0,1010.0,958.0,1069.0,1184.0,1333.0,1062.0,859.0,696.0,529.0,355.0,368.0,406.0,399.0,444.0,476.0,508.0,574.0,532.0,559.0,594.0,687.0,650.0,574.0,611.0,578.0,655.0,591.0,624.0,633.0,584.0,508.0,591.0,427.0,437.0,342.0,333.0,263.0,200.0,178.0,165.0,175.0,158.0,106.0
2018/02/05,86.0,105.0,74.0,68.0,52.0,41.0,61.0,56.0,21.0,25.0,24.0,33.0,12.0,5.0,7.0,27.0,23.0,7.0,27.0,52.0,28.0,37.0,30.0,21.0,60.0,117.0,100.0,140.0,195.0,307.0,505.0,738.0,842.0,1168.0,1085.0,1012.0,1348.0,932.0,1255.0,1033.0,1151.0,1089.0,1264.0,1443.0,1265.0,1124.0,1191.0,1187.0,1116.0,1109.0,1112.0,970.0,962.0,911.0,873.0,898.0,933.0,1036.0,1135.0,1265.0,1318.0,1188.0,1122.0,1240.0,1017.0,1004.0,1284.0,1078.0,1172.0,1199.0,1032.0,1089.0,1187.0,1123.0,1103.0,998.0,916.0,831.0,860.0,796.0,819.0,740.0,687.0,749.0,635.0,563.0,443.0,335.0,319.0,344.0,196.0,190.0,145.0,171.0,92.0,127.0
2018/02/06,82.0,70.0,99.0,49.0,77.0,71.0,61.0,43.0,19.0,30.0,14.0,21.0,13.0,19.0,22.0,27.0,13.0,16.0,21.0,28.0,34.0,27.0,43.0,36.0,52.0,93.0,133.0,167.0,207.0,331.0,568.0,704.0,937.0,1232.0,1271.0,1230.0,1256.0,1437.0,1100.0,1165.0,1011.0,1048.0,1219.0,1128.0,1075.0,1031.0,1046.0,1015.0,950.0,1070.0,998.0,977.0,1031.0,957.0,1018.0,1043.0,1081.0,1042.0,1069.0,881.0,813.0,731.0,790.0,882.0,1005.0,895.0,1002.0,1124.0,1249.0,1207.0,1156.0,1181.0,1170.0,1232.0,1255.0,1363.0,1057.0,1203.0,1237.0,1072.0,957.0,996.0,833.0,907.0,785.0,762.0,625.0,495.0,425.0,361.0,354.0,207.0,168.0,157.0,116.0,130.0
2018/02/07,96.0,88.0,120.0,73.0,77.0,61.0,36.0,37.0,29.0,8.0,21.0,29.0,25.0,12.0,24.0,21.0,8.0,12.0,17.0,11.0,14.0,38.0,18.0,39.0,65.0,103.0,117.0,114.0,249.0,375.0,515.0,763.0,962.0,1087.0,1360.0,1269.0,1335.0,1169.0,1099.0,1117.0,1265.0,1045.0,1112.0,1065.0,1115.0,1018.0,1008.0,1157.0,1070.0,1040.0,1068.0,1038.0,1106.0,958.0,1112.0,971.0,1177.0,1019.0,1023.0,804.0,743.0,707.0,776.0,885.0,993.0,974.0,1150.0,1087.0,1143.0,1253.0,1059.0,1197.0,1231.0,1317.0,1260.0,1366.0,1346.0,1237.0,1400.0,1276.0,1190.0,1037.0,1066.0,860.0,857.0,824.0,685.0,483.0,432.0,390.0,312.0,243.0,214.0,204.0,184.0,154.0
2018/02/08,183.0,123.0,101.0,63.0,66.0,69.0,29.0,23.0,15.0,47.0,20.0,32.0,26.0,9.0,30.0,31.0,30.0,11.0,27.0,9.0,32.0,34.0,36.0,40.0,54.0,107.0,112.0,162.0,200.0,293.0,540.0,683.0,993.0,1201.0,1236.0,1201.0,1400.0,1222.0,1230.0,1275.0,1195.0,1112.0,1057.0,1015.0,1140.0,1009.0,1027.0,955.0,1019.0,1022.0,1060.0,1051.0,575.0,860.0,801.0,742.0,683.0,352.0,1169.0,956.0,872.0,769.0,885.0,896.0,874.0,945.0,1191.0,1095.0,1218.0,1171.0,1046.0,1097.0,1210.0,1265.0,1275.0,1397.0,1283.0,1229.0,1324.0,1233.0,1218.0,1179.0,1084.0,1390.0,1169.0,863.0,837.0,624.0,486.0,328.0,295.0,341.0,226.0,191.0,193.0,258.0
2018/02/09,160.0,143.0,142.0,126.0,83.0,113.0,77.0,66.0,54.0,37.0,65.0,42.0,49.0,21.0,23.0,16.0,37.0,20.0,33.0,42.0,21.0,24.0,36.0,37.0,40.0,98.0,122.0,136.0,197.0,304.0,505.0,710.0,1062.0,1199.0,1214.0,1376.0,820.0,747.0,673.0,600.0,527.0,453.0,380.0,307.0,233.0,160.0,120.0,1041.0,1122.0,1112.0,1195.0,1199.0,1120.0,1152.0,1084.0,1149.0,1172.0,1274.0,1341.0,1431.0,1429.0,1496.0,1279.0,1262.0,1186.0,1377.0,1321.0,1103.0,1251.0,1297.0,1292.0,1225.0,1283.0,1224.0,1135.0,1220.0,1091.0,1166.0,1149.0,1107.0,1100.0,1098.0,1146.0,1137.0,1041.0,1085.0,1085.0,938.0,879.0,624.0,578.0,356.0,389.0,246.0,351.0,282.0
2018/02/10,200.0,252.0,185.0,246.0,232.0,137.0,182.0,112.0,166.0,150.0,123.0,176.0,119.0,129.0,74.0,89.0,101.0,95.0,72.0,94.0,52.0,105.0,87.0,96.0,108.0,111.0,109.0,149.0,146.0,105.0,112.0,180.0,164.0,154.0,194.0,359.0,386.0,329.0,364.0,557.0,643.0,739.0,731.0,797.0,754.0,833.0,1017.0,1126.0,1143.0,1041.0,1164.0,1186.0,1028.0,1125.0,1229.0,1106.0,1192.0,1171.0,1216.0,1029.0,754.0,595.0,569.0,462.0,524.0,495.0,441.0,522.0,555.0,527.0,675.0,642.0,787.0,812.0,943.0,1007.0,1124.0,1036.0,1033.0,1071.0,1127.0,1296.0,1177.0,1123.0,932.0,899.0,978.0,775.0,661.0,538.0,362.0,366.0,427.0,368.0,299.0,207.0
2018/02/11,291.0,281.0,257.0,242.0,233.0,269.0,150.0,250.0,145.0,208.0,125.0,119.0,135.0,162.0,84.0,117.0,102.0,79.0,73.0,107.0,112.0,76.0,88.0,96.0,79.0,85.0,87.0,100.0,95.0,98.0,82.0,104.0,133.0,115.0,137.0,150.0,162.0,175.0,234.0,327.0,425.0,412.0,459.0,636.0,622.0,678.0,727.0,775.0,772.0,835.0,807.0,993.0,919.0,925.0,958.0,1135.0,1163.0,1049.0,982.0,811.0,669.0,498.0,482.0,434.0,329.0,366.0,375.0,454.0,614.0,558.0,626.0,729.0,765.0,820.0,913.0,845.0,845.0,870.0,803.0,718.0,751.0,812.0,727.0,740.0,642.0,572.0,608.0,523.0,466.0,297.0,218.0,227.0,202.0,188.0,157.0,135.0
2018/02/12,85.0,88.0,100.0,49.0,49.0,33.0,38.0,30.0,28.0,33.0,25.0,5.0,34.0,19.0,21.0,22.0,27.0,13.0,13.0,22.0,19.0,33.0,41.0,37.0,42.0,104.0,114.0,188.0,201.0,381.0,549.0,686.0,982.0,1267.0,1191.0,1291.0,1364.0,1283.0,1382.0,1318.0,1084.0,1138.0,1173.0,1083.0,1089.0,1086.0,1092.0,1038.0,1047.0,1027.0,1097.0,1126.0,1081.0,1096.0,1025.0,957.0,1079.0,1024.0,1085.0,928.0,765.0,877.0,791.0,831.0,1017.0,868.0,904.0,1057.0,1222.0,1230.0,1187.0,1096.0,1247.0,1337.0,1329.0,1286.0,1495.0,1293.0,1321.0,1346.0,1259.0,1018.0,889.0,863.0,762.0,760.0,621.0,556.0,457.0,276.0,350.0,254.0,263.0,184.0,140.0,123.0
2018/02/13,98.0,100.0,103.0,73.0,66.0,64.0,41.0,34.0,22.0,19.0,33.0,24.0,10.0,10.0,13.0,14.0,17.0,23.0,18.0,39.0,42.0,40.0,18.0,40.0,51.0,114.0,111.0,139.0,197.0,330.0,579.0,729.0,1073.0,1144.0,1217.0,1394.0,1348.0,1344.0,1338.0,1391.0,1333.0,1167.0,1106.0,1167.0,1080.0,1101.0,1120.0,1126.0,1117.0,1078.0,1045.0,1055.0,1062.0,1160.0,1060.0,1160.0,1097.0,1173.0,1168.0,1054.0,919.0,882.0,900.0,889.0,991.0,1053.0,1033.0,1273.0,1209.0,1130.0,1149.0,1293.0,1269.0,1221.0,1428.0,1351.0,1291.0,1348.0,1257.0,1220.0,1212.0,1036.0,1035.0,933.0,844.0,771.0,710.0,632.0,460.0,423.0,326.0,257.0,215.0,246.0,189.0,133.0
2018/02/14,163.0,141.0,167.0,73.0,48.0,112.0,75.0,43.0,27.0,38.0,23.0,17.0,32.0,31.0,21.0,48.0,8.0,19.0,14.0,25.0,14.0,26.0,27.0,33.0,45.0,120.0,108.0,174.0,290.0,357.0,559.0,668.0,1101.0,1119.0,1249.0,1238.0,1392.0,1284.0,1305.0,1294.0,1238.0,1313.0,1203.0,1110.0,1091.0,969.0,1070.0,1169.0,1166.0,1183.0,1230.0,1009.0,1184.0,1119.0,1007.0,1042.0,1095.0,1170.0,1105.0,1117.0,1021.0,775.0,841.0,990.0,1060.0,1008.0,1035.0,1119.0,1267.0,1265.0,1247.0,1324.0,1322.0,1377.0,1391.0,1313.0,1170.0,963.0,1092.0,1139.0,1236.0,1261.0,1256.0,1202.0,1299.0,1337.0,1273.0,741.0,419.0,415.0,354.0,208.0,381.0,412.0,338.0,236.0
2018/02/15,228.0,237.0,171.0,132.0,104.0,105.0,102.0,66.0,56.0,34.0,43.0,41.0,53.0,44.0,20.0,21.0,18.0,22.0,14.0,25.0,29.0,46.0,35.0,44.0,57.0,121.0,133.0,133.0,176.0,339.0,559.0,752.0,1040.0,992.0,1072.0,1063.0,1206.0,1087.0,1173.0,955.0,1129.0,967.0,1093.0,1090.0,1117.0,1066.0,1147.0,1026.0,1181.0,1116.0,1004.0,1104.0,1109.0,1057.0,1065.0,1221.0,1286.0,1394.0,1362.0,1203.0,923.0,924.0,869.0,885.0,830.0,944.0,876.0,896.0,941.0,961.0,1010.0,1121.0,1146.0,1290.0,1281.0,1415.0,1349.0,1212.0,1169.0,1304.0,1175.0,993.0,988.0,993.0,1004.0,808.0,799.0,669.0,505.0,440.0,443.0,259.0,254.0,240.0,213.0,215.0
2018/02/16,177.0,193.0,221.0,149.0,134.0,105.0,64.0,68.0,66.0,60.0,108.0,30.0,49.0,40.0,47.0,53.0,21.0,40.0,33.0,33.0,32.0,71.0,37.0,49.0,65.0,104.0,126.0,127.0,225.0,322.0,541.0,687.0,888.0,920.0,952.0,1060.0,1120.0,1059.0,1231.0,983.0,1001.0,950.0,896.0,945.0,1108.0,1053.0,903.0,1144.0,1079.0,1162.0,1092.0,918.0,895.0,995.0,942.0,1082.0,1094.0,1234.0,1364.0,1345.0,1392.0,1383.0,1402.0,1249.0,1357.0,918.0,892.0,925.0,947.0,900.0,914.0,926.0,1161.0,929.0,931.0,1126.0,1042.0,1013.0,937.0,911.0,953.0,917.0,1003.0,1025.0,1048.0,998.0,897.0,787.0,723.0,519.0,405.0,355.0,258.0,278.0,282.0,281.0
2018/02/17,188.0,216.0,183.0,147.0,281.0,193.0,182.0,132.0,153.0,143.0,134.0,117.0,98.0,82.0,97.0,80.0,131.0,86.0,90.0,82.0,103.0,80.0,66.0,105.0,75.0,110.0,80.0,152.0,127.0,106.0,100.0,92.0,221.0,164.0,157.0,201.0,315.0,366.0,313.0,412.0,490.0,510.0,557.0,600.0,701.0,754.0,726.0,934.0,1014.0,967.0,1016.0,926.0,978.0,928.0,1042.0,1087.0,1017.0,1115.0,1067.0,841.0,643.0,538.0,480.0,383.0,427.0,442.0,402.0,502.0,531.0,465.0,646.0,652.0,806.0,688.0,825.0,927.0,957.0,801.0,793.0,663.0,774.0,750.0,911.0,884.0,782.0,882.0,759.0,708.0,662.0,545.0,477.0,326.0,332.0,255.0,192.0,270.0
2018/02/18,255.0,226.0,188.0,194.0,238.0,127.0,209.0,151.0,121.0,102.0,161.0,110.0,95.0,112.0,77.0,74.0,57.0,77.0,105.0,63.0,50.0,72.0,59.0,79.0,68.0,80.0,76.0,106.0,120.0,74.0,102.0,148.0,98.0,90.0,115.0,147.0,155.0,144.0,186.0,297.0,453.0,352.0,385.0,578.0,665.0,615.0,684.0,705.0,773.0,656.0,824.0,771.0,929.0,913.0,870.0,883.0,1026.0,1024.0,896.0,690.0,640.0,472.0,562.0,432.0,433.0,449.0,435.0,490.0,486.0,553.0,595.0,609.0,708.0,726.0,678.0,710.0,796.0,739.0,693.0,791.0,751.0,786.0,780.0,648.0,567.0,628.0,561.0,426.0,383.0,365.0,301.0,223.0,189.0,198.0,148.0,140.0
2018/02/19,105.0,89.0,81.0,66.0,77.0,35.0,21.0,29.0,31.0,35.0,18.0,28.0,12.0,24.0,11.0,28.0,28.0,32.0,21.0,27.0,41.0,20.0,34.0,58.0,52.0,115.0,120.0,187.0,225.0,397.0,550.0,657.0,949.0,1130.0,1236.0,1374.0,1229.0,1294.0,1300.0,1289.0,1074.0,1102.0,1291.0,1159.0,1057.0,991.0,942.0,1131.0,1122.0,929.0,1144.0,1074.0,974.0,984.0,1030.0,1005.0,1015.0,1035.0,1002.0,972.0,820.0,732.0,812.0,869.0,901.0,1052.0,1244.0,1177.0,1033.0,1083.0,1179.0,1255.0,1022.0,1114.0,1149.0,1027.0,1137.0,1311.0,1099.0,1280.0,1181.0,1124.0,1070.0,917.0,750.0,611.0,645.0,545.0,436.0,358.0,303.0,231.0,226.0,224.0,273.0,129.0
2018/02/20,116.0,83.0,114.0,60.0,63.0,51.0,25.0,80.0,16.0,37.0,32.0,39.0,15.0,16.0,24.0,21.0,24.0,52.0,20.0,14.0,42.0,22.0,41.0,49.0,46.0,128.0,95.0,113.0,319.0,388.0,528.0,726.0,972.0,1027.0,1351.0,1317.0,1300.0,1405.0,1399.0,1193.0,1343.0,1153.0,1025.0,1133.0,1049.0,909.0,1058.0,1121.0,1172.0,1082.0,1067.0,1059.0,1105.0,978.0,1097.0,1100.0,1091.0,1113.0,1121.0,902.0,700.0,874.0,818.0,946.0,929.0,1001.0,1209.0,1114.0,1249.0,1158.0,1228.0,1187.0,1254.0,1385.0,1336.0,1365.0,1409.0,1298.0,1328.0,1226.0,1227.0,1129.0,1026.0,1117.0,815.0,775.0,673.0,464.0,432.0,379.0,344.0,227.0,236.0,205.0,134.0,137.0
2018/02/21,133.0,87.0,106.0,115.0,57.0,88.0,44.0,29.0,27.0,30.0,38.0,37.0,23.0,19.0,10.0,27.0,20.0,4.0,20.0,16.0,22.0,20.0,32.0,30.0,46.0,95.0,112.0,155.0,292.0,407.0,524.0,684.0,1026.0,1057.0,1279.0,1401.0,1332.0,1296.0,1341.0,1348.0,1320.0,1175.0,1065.0,1122.0,1122.0,1045.0,1143.0,985.0,1061.0,1054.0,1088.0,1152.0,1029.0,878.0,1009.0,964.0,1167.0,1082.0,1118.0,893.0,841.0,886.0,847.0,895.0,1101.0,1136.0,1148.0,1251.0,1138.0,1239.0,1229.0,1193.0,1190.0,1378.0,1360.0,1417.0,1459.0,1304.0,1344.0,1293.0,1401.0,1239.0,1069.0,1007.0,959.0,846.0,808.0,697.0,475.0,438.0,308.0,214.0,213.0,233.0,182.0,196.0
2018/02/22,219.0,116.0,103.0,116.0,75.0,78.0,79.0,57.0,41.0,46.0,14.0,36.0,31.0,38.0,11.0,24.0,21.0,21.0,6.0,19.0,21.0,33.0,14.0,23.0,40.0,76.0,108.0,104.0,278.0,338.0,560.0,730.0,973.0,1163.0,1284.0,1347.0,1281.0,1241.0,1328.0,1266.0,1275.0,1231.0,1038.0,1038.0,1210.0,994.0,1104.0,1133.0,1173.0,1180.0,1141.0,1053.0,1042.0,944.0,1007.0,1119.0,1289.0,1046.0,1117.0,979.0,902.0,746.0,785.0,977.0,976.0,1072.0,1087.0,1142.0,1273.0,1093.0,1278.0,1217.0,1229.0,1388.0,1300.0,1469.0,1197.0,1227.0,1356.0,1230.0,1337.0,1339.0,1311.0,1328.0,1200.0,946.0,1009.0,702.0,478.0,547.0,433.0,264.0,259.0,216.0,252.0,175.0
2018/02/23,107.0,187.0,168.0,193.0,155.0,106.0,76.0,84.0,47.0,48.0,34.0,66.0,39.0,28.0,43.0,35.0,14.0,42.0,35.0,39.0,16.0,40.0,29.0,47.0,57.0,116.0,122.0,152.0,161.0,350.0,538.0,641.0,1102.0,1207.0,1210.0,1339.0,1368.0,1367.0,1330.0,1304.0,1110.0,1107.0,1051.0,1158.0,1098.0,1065.0,851.0,1081.0,1115.0,1098.0,1020.0,1157.0,945.0,929.0,988.0,1013.0,1102.0,1302.0,1366.0,1454.0,1387.0,1344.0,1405.0,1417.0,1368.0,1263.0,1363.0,1292.0,1413.0,1157.0,1159.0,1278.0,1215.0,1210.0,1124.0,1149.0,1181.0,1090.0,972.0,1016.0,1088.0,1033.0,1057.0,1112.0,1040.0,990.0,1047.0,1041.0,822.0,613.0,430.0,409.0,318.0,225.0,283.0,287.0
2018/02/24,223.0,219.0,288.0,173.0,183.0,247.0,149.0,132.0,142.0,116.0,91.0,130.0,143.0,75.0,93.0,66.0,87.0,88.0,72.0,92.0,58.0,91.0,71.0,97.0,74.0,111.0,106.0,115.0,102.0,109.0,159.0,145.0,204.0,125.0,269.0,294.0,380.0,395.0,358.0,585.0,650.0,786.0,667.0,749.0,924.0,1054.0,1024.0,1042.0,993.0,993.0,1075.0,1185.0,1110.0,1140.0,1135.0,1140.0,1199.0,1242.0,1166.0,1135.0,923.0,726.0,844.0,810.0,653.0,593.0,463.0,591.0,558.0,573.0,688.0,633.0,747.0,783.0,905.0,941.0,812.0,882.0,889.0,963.0,848.0,924.0,881.0,881.0,1104.0,983.0,830.0,808.0,684.0,605.0,471.0,327.0,267.0,232.0,247.0,230.0
2018/02/25,212.0,222.0,256.0,200.0,219.0,179.0,235.0,152.0,182.0,174.0,159.0,150.0,112.0,111.0,109.0,68.0,110.0,68.0,72.0,68.0,71.0,46.0,56.0,89.0,65.0,102.0,114.0,83.0,72.0,99.0,116.0,140.0,152.0,109.0,138.0,104.0,181.0,180.0,225.0,287.0,453.0,320.0,511.0,543.0,597.0,646.0,707.0,796.0,838.0,841.0,759.0,973.0,858.0,991.0,931.0,889.0,1043.0,1065.0,1030.0,864.0,732.0,573.0,383.0,384.0,437.0,465.0,396.0,503.0,569.0,573.0,653.0,596.0,790.0,763.0,828.0,892.0,825.0,752.0,754.0,756.0,778.0,821.0,841.0,692.0,721.0,566.0,516.0,481.0,447.0,332.0,309.0,229.0,221.0,184.0,110.0,159.0
2018/02/26,124.0,103.0,99.0,98.0,60.0,40.0,91.0,30.0,20.0,23.0,21.0,17.0,21.0,19.0,16.0,31.0,17.0,31.0,28.0,30.0,34.0,20.0,28.0,25.0,51.0,93.0,129.0,132.0,303.0,321.0,547.0,701.0,967.0,1131.0,1202.0,1325.0,1211.0,1326.0,1140.0,1080.0,1170.0,1138.0,1251.0,1231.0,1191.0,918.0,1113.0,1017.0,1173.0,988.0,1063.0,1087.0,1107.0,1049.0,1142.0,1004.0,1106.0,1130.0,1042.0,903.0,897.0,756.0,785.0,898.0,885.0,1130.0,1185.0,1156.0,1270.0,1214.0,1211.0,1210.0,1335.0,1322.0,1288.0,1439.0,1357.0,1341.0,1124.0,1160.0,1175.0,1220.0,970.0,884.0,856.0,814.0,712.0,563.0,553.0,422.0,377.0,245.0,194.0,189.0,212.0,176.0
2018/02/27,122.0,112.0,122.0,65.0,83.0,65.0,17.0,31.0,30.0,11.0,26.0,22.0,26.0,14.0,31.0,13.0,8.0,16.0,40.0,49.0,16.0,33.0,27.0,27.0,55.0,96.0,146.0,132.0,238.0,429.0,510.0,709.0,970.0,1124.0,1283.0,1329.0,1205.0,1288.0,1256.0,1311.0,1175.0,1041.0,1044.0,952.0,1109.0,1100.0,1043.0,1121.0,1171.0,1037.0,1138.0,1084.0,1161.0,1067.0,1124.0,1084.0,1021.0,1181.0,1011.0,966.0,934.0,883.0,950.0,972.0,1170.0,1121.0,1053.0,1128.0,1335.0,1204.0,1271.0,1100.0,1229.0,1308.0,1319.0,1369.0,1271.0,1227.0,1210.0,1293.0,1323.0,1273.0,1118.0,1046.0,909.0,705.0,592.0,524.0,469.0,429.0,261.0,211.0,229.0,156.0,183.0,140.0
2018/02/28,154.0,98.0,101.0,79.0,60.0,65.0,24.0,53.0,31.0,33.0,33.0,33.0,20.0,20.0,23.0,27.0,7.0,22.0,19.0,24.0,26.0,26.0,42.0,39.0,58.0,88.0,145.0,139.0,272.0,379.0,609.0,739.0,1069.0,1023.0,1249.0,1285.0,1371.0,1297.0,1279.0,1212.0,1187.0,1276.0,1196.0,1246.0,1211.0,1056.0,1012.0,1048.0,1141.0,1227.0,1179.0,1179.0,1065.0,1113.0,938.0,1158.0,1303.0,1133.0,1144.0,987.0,917.0,903.0,877.0,866.0,1064.0,956.0,1168.0,1329.0,1363.0,1269.0,1224.0,1053.0,1260.0,1285.0,1336.0,1363.0,1305.0,1164.0,1228.0,1179.0,1288.0,1278.0,932.0,907.0,1147.0,907.0,761.0,555.0,434.0,357.0,303.0,301.0,206.0,212.0,200.0,180.0
2018/03/01,191.0,173.0,120.0,129.0,99.0,95.0,40.0,17.0,28.0,63.0,18.0,15.0,26.0,6.0,18.0,18.0,44.0,18.0,32.0,32.0,31.0,34.0,20.0,64.0,43.0,135.0,124.0,178.0,215.0,333.0,546.0,788.0,981.0,884.0,1252.0,1258.0,1065.0,1104.0,1241.0,1294.0,1196.0,1137.0,1073.0,1130.0,1003.0,1183.0,1264.0,1175.0,1225.0,1085.0,1135.0,1117.0,1030.0,1012.0,1149.0,984.0,1253.0,1166.0,1101.0,959.0,936.0,872.0,895.0,941.0,977.0,991.0,1277.0,1213.0,1235.0,1068.0,1198.0,1207.0,1333.0,1238.0,1148.0,1169.0,1094.0,1073.0,1373.0,1286.0,1161.0,1375.0,1254.0,1162.0,1266.0,1236.0,940.0,775.0,521.0,484.0,413.0,349.0,276.0,211.0,199.0,212.0
2018/03/02,179.0,192.0,181.0,192.0,138.0,129.0,69.0,95.0,72.0,53.0,56.0,54.0,40.0,64.0,53.0,6.0,24.0,29.0,25.0,41.0,16.0,24.0,55.0,34.0,91.0,92.0,105.0,173.0,217.0,324.0,526.0,831.0,906.0,1207.0,1239.0,1343.0,1185.0,1329.0,1240.0,1215.0,1086.0,1054.0,1105.0,1120.0,1268.0,1096.0,1007.0,1167.0,1161.0,1187.0,1157.0,1141.0,955.0,917.0,1090.0,1172.0,1230.0,1235.0,1373.0,1292.0,1348.0,1019.0,1390.0,1273.0,1114.0,1180.0,1356.0,1366.0,1205.0,1133.0,1188.0,1225.0,1247.0,1300.0,1197.0,1129.0,1049.0,1186.0,981.0,1004.0,1034.0,1067.0,1202.0,1030.0,1180.0,1210.0,1350.0,1143.0,903.0,764.0,396.0,477.0,405.0,363.0,307.0,265.0
2018/03/03,241.0,243.0,240.0,231.0,250.0,176.0,174.0,144.0,186.0,149.0,161.0,106.0,127.0,119.0,100.0,103.0,122.0,66.0,68.0,85.0,64.0,94.0,121.0,71.0,92.0,82.0,119.0,97.0,107.0,125.0,105.0,148.0,200.0,123.0,226.0,287.0,363.0,344.0,323.0,457.0,575.0,692.0,747.0,767.0,904.0,1118.0,1044.0,1060.0,1246.0,1128.0,1079.0,1088.0,1180.0,1181.0,1228.0,1014.0,1252.0,1329.0,1254.0,1078.0,926.0,633.0,494.0,526.0,499.0,444.0,540.0,564.0,633.0,551.0,736.0,709.0,895.0,892.0,947.0,883.0,1059.0,1015.0,1137.0,968.0,1257.0,1218.0,1213.0,1007.0,1122.0,921.0,871.0,762.0,724.0,524.0,509.0,354.0,359.0,406.0,304.0,280.0
2018/03/04,258.0,255.0,212.0,233.0,234.0,225.0,214.0,194.0,151.0,157.0,140.0,148.0,79.0,107.0,128.0,177.0,109.0,100.0,90.0,89.0,89.0,95.0,78.0,80.0,66.0,78.0,81.0,91.0,107.0,77.0,127.0,112.0,130.0,127.0,153.0,139.0,197.0,144.0,205.0,317.0,378.0,375.0,485.0,494.0,595.0,628.0,817.0,834.0,873.0,904.0,987.0,975.0,989.0,1047.0,1007.0,1065.0,1144.0,1247.0,1131.0,909.0,752.0,647.0,431.0,420.0,423.0,529.0,469.0,545.0,491.0,530.0,582.0,636.0,658.0,700.0,929.0,988.0,837.0,789.0,858.0,795.0,784.0,785.0,792.0,879.0,751.0,541.0,432.0,537.0,408.0,317.0,256.0,226.0,164.0,188.0,148.0,140.0
2018/03/05,127.0,97.0,143.0,104.0,67.0,37.0,55.0,48.0,73.0,19.0,14.0,21.0,13.0,15.0,24.0,12.0,29.0,18.0,20.0,31.0,27.0,23.0,7.0,34.0,43.0,97.0,148.0,151.0,240.0,413.0,573.0,823.0,1014.0,1161.0,1243.0,1370.0,1344.0,1200.0,1269.0,1293.0,1144.0,1116.0,1125.0,1168.0,1132.0,977.0,1069.0,1040.0,1208.0,1190.0,1085.0,1132.0,1069.0,918.0,1089.0,1062.0,1155.0,1093.0,954.0,1023.0,801.0,725.0,925.0,1028.0,890.0,1015.0,1097.0,1123.0,1319.0,1223.0,1286.0,1161.0,1167.0,1244.0,1167.0,1337.0,1343.0,1370.0,1323.0,1192.0,1171.0,1058.0,961.0,833.0,733.0,775.0,656.0,608.0,493.0,317.0,297.0,260.0,189.0,193.0,151.0,159.0
2018/03/06,102.0,84.0,92.0,81.0,61.0,63.0,33.0,36.0,26.0,30.0,18.0,16.0,18.0,18.0,22.0,7.0,33.0,27.0,19.0,34.0,24.0,17.0,41.0,27.0,85.0,99.0,105.0,121.0,236.0,418.0,571.0,752.0,1049.0,1118.0,1214.0,1307.0,1345.0,1267.0,1180.0,1327.0,1216.0,1274.0,1232.0,1175.0,1087.0,1033.0,1146.0,994.0,1095.0,1061.0,1051.0,1023.0,1070.0,982.0,1046.0,1045.0,1024.0,1096.0,1032.0,889.0,873.0,729.0,836.0,796.0,940.0,1071.0,1097.0,1206.0,1290.0,1226.0,1268.0,938.0,852.0,1279.0,1310.0,1176.0,1348.0,1162.0,1314.0,1200.0,1189.0,1168.0,1155.0,955.0,782.0,644.0,525.0,456.0,349.0,229.0,323.0,158.0,317.0,256.0,216.0,174.0
2018/03/07,169.0,143.0,115.0,113.0,67.0,80.0,52.0,40.0,52.0,25.0,38.0,28.0,31.0,15.0,26.0,16.0,11.0,29.0,37.0,25.0,14.0,24.0,27.0,35.0,41.0,125.0,100.0,106.0,217.0,377.0,565.0,787.0,1007.0,1098.0,1328.0,1384.0,1357.0,1203.0,1319.0,1285.0,1189.0,1157.0,1253.0,1030.0,1005.0,1017.0,951.0,1030.0,1144.0,1145.0,1137.0,1146.0,1224.0,980.0,1043.0,1091.0,1072.0,1169.0,1180.0,959.0,756.0,830.0,916.0,1006.0,1050.0,1147.0,1056.0,1027.0,1247.0,1276.0,1301.0,1269.0,1197.0,1256.0,1423.0,1274.0,1389.0,1212.0,1315.0,1272.0,1235.0,1162.0,1030.0,877.0,866.0,771.0,689.0,447.0,491.0,468.0,306.0,271.0,242.0,221.0,241.0,183.0
2018/03/08,130.0,156.0,117.0,161.0,105.0,60.0,60.0,41.0,57.0,38.0,20.0,36.0,21.0,25.0,37.0,25.0,12.0,12.0,33.0,18.0,37.0,26.0,58.0,69.0,40.0,142.0,142.0,125.0,257.0,387.0,550.0,728.0,1062.0,1224.0,1267.0,1331.0,1192.0,1201.0,1431.0,1255.0,895.0,535.0,1030.0,1192.0,1061.0,975.0,1083.0,996.0,1157.0,1111.0,1128.0,982.0,1064.0,1079.0,1060.0,1156.0,1055.0,1136.0,1255.0,949.0,844.0,795.0,805.0,944.0,837.0,963.0,1102.0,1170.0,1312.0,1210.0,1287.0,1123.0,1197.0,1386.0,1411.0,1362.0,1433.0,1547.0,1393.0,1442.0,1313.0,1435.0,1321.0,1390.0,1278.0,1085.0,954.0,789.0,652.0,501.0,382.0,265.0,272.0,206.0,190.0,157.0
2018/03/09,209.0,194.0,193.0,135.0,131.0,127.0,78.0,97.0,67.0,79.0,39.0,51.0,52.0,39.0,30.0,37.0,21.0,46.0,44.0,49.0,45.0,17.0,38.0,67.0,47.0,99.0,142.0,115.0,243.0,402.0,640.0,790.0,1124.0,1201.0,1188.0,1083.0,1327.0,1339.0,1165.0,1376.0,1301.0,1351.0,1049.0,1105.0,1041.0,1040.0,1160.0,1029.0,1289.0,1169.0,1166.0,1083.0,1127.0,1064.0,974.0,1299.0,1147.0,1291.0,1371.0,1268.0,1402.0,1326.0,1472.0,1150.0,1165.0,1100.0,1345.0,1447.0,1516.0,1262.0,1138.0,1227.0,1160.0,1386.0,1378.0,1180.0,1190.0,1050.0,1007.0,1122.0,1101.0,999.0,1073.0,1128.0,905.0,1177.0,1117.0,1150.0,840.0,653.0,463.0,406.0,338.0,254.0,254.0,266.0
2018/03/10,229.0,208.0,247.0,248.0,187.0,201.0,174.0,164.0,136.0,139.0,149.0,141.0,100.0,84.0,80.0,94.0,103.0,58.0,75.0,65.0,98.0,78.0,102.0,67.0,64.0,121.0,99.0,136.0,73.0,109.0,176.0,183.0,173.0,233.0,227.0,336.0,409.0,361.0,374.0,483.0,592.0,701.0,810.0,920.0,868.0,1017.0,1247.0,1270.0,1292.0,1315.0,1337.0,1360.0,1292.0,1314.0,1158.0,1350.0,1280.0,1253.0,1227.0,1200.0,956.0,650.0,565.0,457.0,454.0,458.0,482.0,521.0,576.0,603.0,696.0,676.0,785.0,897.0,926.0,1002.0,1096.0,849.0,963.0,925.0,1009.0,936.0,955.0,1170.0,1121.0,1206.0,1018.0,903.0,932.0,723.0,479.0,319.0,331.0,280.0,309.0,209.0
2018/03/11,224.0,247.0,195.0,221.0,213.0,225.0,181.0,203.0,134.0,127.0,113.0,202.0,113.0,129.0,150.0,134.0,103.0,84.0,70.0,133.0,81.0,68.0,60.0,99.0,57.0,75.0,99.0,98.0,106.0,99.0,104.0,111.0,139.0,149.0,117.0,150.0,140.0,192.0,183.0,327.0,438.0,339.0,495.0,670.0,695.0,797.0,774.0,775.0,786.0,922.0,979.0,1195.0,1200.0,1260.0,1076.0,952.0,1183.0,1328.0,1197.0,947.0,879.0,658.0,560.0,475.0,420.0,369.0,531.0,432.0,518.0,750.0,767.0,724.0,784.0,799.0,905.0,737.0,907.0,804.0,824.0,791.0,867.0,902.0,779.0,754.0,737.0,772.0,519.0,561.0,413.0,354.0,285.0,298.0,138.0,207.0,127.0,130.0
2018/03/12,95.0,106.0,136.0,116.0,90.0,16.0,46.0,47.0,13.0,20.0,14.0,19.0,15.0,11.0,13.0,20.0,9.0,8.0,22.0,23.0,15.0,24.0,26.0,29.0,77.0,94.0,125.0,186.0,219.0,347.0,546.0,733.0,1016.0,1110.0,1270.0,1303.0,1295.0,1355.0,1273.0,1266.0,1133.0,1156.0,1169.0,1017.0,1217.0,983.0,1037.0,1096.0,1127.0,1016.0,1056.0,1027.0,972.0,1161.0,1102.0,977.0,1143.0,1155.0,1026.0,1099.0,947.0,814.0,921.0,1080.0,1085.0,1027.0,1171.0,1150.0,1362.0,1215.0,1011.0,1112.0,1350.0,1355.0,1354.0,1358.0,1233.0,1327.0,1184.0,1323.0,1391.0,1041.0,911.0,956.0,853.0,822.0,660.0,528.0,455.0,381.0,368.0,239.0,197.0,210.0,209.0,160.0
2018/03/13,115.0,61.0,73.0,80.0,54.0,56.0,21.0,48.0,40.0,22.0,28.0,43.0,17.0,13.0,39.0,28.0,28.0,7.0,21.0,12.0,16.0,20.0,13.0,35.0,36.0,120.0,127.0,132.0,257.0,400.0,552.0,779.0,1085.0,1124.0,1248.0,1338.0,1435.0,1292.0,1362.0,1395.0,1402.0,1387.0,1270.0,1108.0,1096.0,1072.0,1183.0,1155.0,1127.0,1099.0,1071.0,1042.0,1076.0,972.0,1049.0,1025.0,1100.0,1124.0,1020.0,908.0,890.0,783.0,809.0,889.0,985.0,988.0,1181.0,1185.0,1351.0,1230.0,1278.0,1131.0,1288.0,1226.0,1307.0,1229.0,1026.0,1001.0,1493.0,1258.0,1135.0,1230.0,1016.0,934.0,845.0,757.0,680.0,614.0,408.0,435.0,278.0,268.0,254.0,243.0,180.0,159.0
2018/03/14,221.0,148.0,135.0,100.0,112.0,83.0,55.0,59.0,27.0,20.0,14.0,30.0,31.0,29.0,27.0,19.0,6.0,19.0,13.0,23.0,18.0,20.0,14.0,17.0,76.0,89.0,132.0,183.0,209.0,452.0,530.0,677.0,1068.0,1197.0,1276.0,1052.0,1234.0,1153.0,1190.0,1267.0,1182.0,1255.0,1191.0,1205.0,1081.0,1091.0,1090.0,1088.0,1190.0,1160.0,1194.0,1054.0,963.0,985.0,1124.0,1168.0,1082.0,1095.0,977.0,1013.0,927.0,839.0,892.0,906.0,1137.0,1144.0,1221.0,1238.0,1347.0,1149.0,1087.0,1051.0,1318.0,1317.0,1235.0,1321.0,1031.0,1183.0,995.0,1281.0,1438.0,1368.0,1425.0,1244.0,1199.0,1015.0,697.0,561.0,429.0,457.0,301.0,247.0,228.0,187.0,160.0,130.0
2018/03/15,139.0,125.0,170.0,148.0,85.0,65.0,49.0,49.0,34.0,47.0,26.0,53.0,16.0,13.0,9.0,7.0,11.0,22.0,28.0,32.0,10.0,41.0,16.0,41.0,60.0,88.0,127.0,150.0,227.0,399.0,565.0,771.0,1058.0,1220.0,1164.0,1274.0,1305.0,1156.0,1362.0,1370.0,1142.0,1161.0,1092.0,1021.0,1140.0,1103.0,1112.0,1160.0,1239.0,1201.0,1023.0,975.0,1074.0,1059.0,1114.0,1107.0,1020.0,1110.0,1080.0,985.0,879.0,892.0,916.0,935.0,1105.0,1065.0,1184.0,1006.0,1339.0,1279.0,1260.0,1152.0,1369.0,1313.0,1440.0,1208.0,1320.0,1302.0,1272.0,1316.0,1288.0,1204.0,1102.0,1156.0,1050.0,997.0,842.0,597.0,498.0,444.0,422.0,325.0,315.0,274.0,180.0,180.0
2018/03/16,175.0,165.0,143.0,122.0,95.0,106.0,71.0,85.0,52.0,31.0,41.0,39.0,34.0,31.0,41.0,48.0,20.0,32.0,48.0,37.0,25.0,43.0,64.0,67.0,59.0,100.0,136.0,203.0,264.0,331.0,533.0,752.0,1094.0,1173.0,1277.0,1355.0,1404.0,1416.0,1467.0,1483.0,1203.0,976.0,1095.0,1015.0,1151.0,1164.0,1126.0,1081.0,1271.0,1207.0,1049.0,1127.0,1181.0,1118.0,995.0,1245.0,1200.0,1219.0,1291.0,1264.0,1158.0,1386.0,1389.0,1160.0,1345.0,1604.0,1389.0,1508.0,1557.0,1437.0,1280.0,1306.0,1337.0,1198.0,1262.0,1221.0,1129.0,1145.0,1041.0,1063.0,908.0,1025.0,1016.0,976.0,1109.0,1102.0,1246.0,991.0,881.0,688.0,441.0,346.0,348.0,327.0,242.0,293.0
2018/03/17,260.0,214.0,288.0,250.0,190.0,161.0,249.0,188.0,154.0,203.0,128.0,139.0,103.0,81.0,93.0,115.0,98.0,58.0,48.0,71.0,61.0,58.0,95.0,64.0,109.0,125.0,128.0,107.0,120.0,101.0,125.0,142.0,134.0,209.0,285.0,324.0,370.0,333.0,436.0,650.0,628.0,760.0,702.0,783.0,833.0,916.0,1049.0,1045.0,1099.0,1048.0,1081.0,1101.0,1208.0,1115.0,1192.0,1154.0,1208.0,1222.0,1329.0,922.0,675.0,546.0,583.0,468.0,456.0,418.0,456.0,420.0,657.0,632.0,737.0,659.0,763.0,675.0,817.0,755.0,922.0,775.0,935.0,787.0,793.0,922.0,999.0,821.0,1025.0,1007.0,1041.0,858.0,688.0,569.0,512.0,351.0,274.0,262.0,254.0,192.0
2018/03/18,217.0,237.0,186.0,233.0,210.0,185.0,183.0,167.0,144.0,180.0,181.0,158.0,83.0,135.0,134.0,93.0,86.0,74.0,102.0,73.0,65.0,64.0,42.0,43.0,94.0,123.0,108.0,109.0,80.0,155.0,74.0,132.0,116.0,117.0,142.0,149.0,172.0,194.0,204.0,332.0,365.0,407.0,484.0,751.0,691.0,734.0,669.0,806.0,937.0,739.0,840.0,867.0,957.0,1030.0,1025.0,1078.0,1191.0,1233.0,1174.0,879.0,559.0,589.0,523.0,444.0,515.0,418.0,382.0,511.0,520.0,557.0,690.0,633.0,781.0,745.0,845.0,823.0,856.0,896.0,885.0,869.0,1091.0,983.0,891.0,844.0,651.0,629.0,549.0,431.0,421.0,407.0,414.0,263.0,229.0,286.0,142.0,176.0
2018/03/19,139.0,134.0,72.0,61.0,65.0,50.0,34.0,48.0,24.0,14.0,17.0,21.0,14.0,6.0,17.0,29.0,26.0,16.0,37.0,35.0,20.0,30.0,56.0,64.0,40.0,94.0,123.0,141.0,257.0,387.0,492.0,759.0,1100.0,1250.0,1244.0,1389.0,1343.0,1325.0,1241.0,1500.0,1239.0,1204.0,1176.0,1136.0,1168.0,1229.0,1138.0,1067.0,1255.0,1245.0,1082.0,1104.0,1053.0,1119.0,1029.0,1035.0,1219.0,1073.0,1155.0,961.0,911.0,844.0,854.0,1048.0,1118.0,1079.0,1103.0,1246.0,1251.0,1283.0,1128.0,1165.0,1193.0,1361.0,1524.0,1359.0,1253.0,1510.0,1359.0,1226.0,1160.0,1121.0,987.0,932.0,794.0,685.0,667.0,482.0,429.0,360.0,271.0,245.0,194.0,176.0,143.0,151.0
2018/03/20,114.0,63.0,89.0,92.0,39.0,79.0,38.0,28.0,14.0,20.0,17.0,10.0,34.0,9.0,13.0,14.0,11.0,30.0,26.0,24.0,24.0,41.0,26.0,47.0,45.0,102.0,125.0,157.0,220.0,411.0,559.0,691.0,1081.0,1141.0,1284.0,1474.0,1409.0,1325.0,1392.0,1474.0,1334.0,1120.0,1111.0,1124.0,1158.0,1017.0,1254.0,1178.0,1087.0,1245.0,1061.0,1144.0,1083.0,962.0,1053.0,1005.0,1176.0,1152.0,1008.0,915.0,830.0,814.0,830.0,936.0,975.0,1085.0,1173.0,1300.0,1344.0,1144.0,1365.0,1193.0,1433.0,1386.0,1431.0,1287.0,1284.0,1495.0,1258.0,1314.0,1334.0,1190.0,1044.0,1011.0,1026.0,792.0,717.0,627.0,442.0,435.0,321.0,301.0,208.0,171.0,169.0,148.0
2018/03/21,187.0,112.0,86.0,85.0,95.0,95.0,52.0,44.0,39.0,34.0,18.0,20.0,33.0,20.0,16.0,37.0,8.0,29.0,16.0,25.0,15.0,29.0,24.0,36.0,37.0,115.0,141.0,148.0,215.0,369.0,535.0,701.0,1127.0,1166.0,1362.0,1161.0,1393.0,1403.0,1425.0,1452.0,1370.0,1339.0,1118.0,972.0,1063.0,964.0,1107.0,1184.0,1271.0,1039.0,1008.0,1130.0,1101.0,1142.0,1179.0,1077.0,1094.0,1078.0,1048.0,1051.0,760.0,826.0,917.0,881.0,1145.0,988.0,1284.0,1235.0,1290.0,1308.0,1199.0,1059.0,1339.0,1445.0,1360.0,1532.0,1423.0,1261.0,1460.0,1423.0,1388.0,1419.0,1144.0,1018.0,981.0,841.0,742.0,672.0,505.0,435.0,345.0,259.0,213.0,228.0,191.0,134.0
2018/03/22,187.0,171.0,156.0,153.0,103.0,98.0,52.0,73.0,34.0,34.0,18.0,40.0,18.0,21.0,15.0,21.0,9.0,11.0,33.0,57.0,21.0,26.0,41.0,48.0,43.0,78.0,132.0,173.0,199.0,385.0,566.0,791.0,951.0,1211.0,1304.0,1431.0,1494.0,1435.0,1454.0,1441.0,1422.0,1377.0,1202.0,1250.0,1204.0,1225.0,1104.0,1163.0,1220.0,1061.0,1263.0,1176.0,1239.0,1026.0,982.0,1081.0,1253.0,1121.0,1184.0,946.0,868.0,863.0,955.0,966.0,1110.0,1173.0,1118.0,1075.0,1229.0,1219.0,1154.0,1195.0,1295.0,1526.0,1498.0,1416.0,1417.0,1286.0,1549.0,1450.0,1547.0,1475.0,1330.0,1302.0,1304.0,929.0,909.0,761.0,541.0,530.0,428.0,278.0,344.0,297.0,229.0,206.0
2018/03/23,215.0,184.0,187.0,144.0,119.0,155.0,79.0,89.0,69.0,67.0,61.0,45.0,48.0,26.0,50.0,41.0,42.0,70.0,52.0,48.0,47.0,33.0,69.0,53.0,60.0,123.0,127.0,196.0,190.0,315.0,605.0,716.0,884.0,1079.0,1214.0,1136.0,1157.0,1036.0,1106.0,1008.0,1215.0,999.0,937.0,1084.0,1161.0,1072.0,1078.0,1138.0,1193.0,1044.0,1162.0,1110.0,1159.0,1025.0,1122.0,1155.0,1197.0,1419.0,1535.0,1517.0,1386.0,1501.0,1188.0,1345.0,1360.0,1182.0,1232.0,1003.0,895.0,872.0,979.0,950.0,943.0,966.0,1016.0,900.0,1109.0,1103.0,984.0,951.0,957.0,846.0,977.0,846.0,954.0,907.0,760.0,801.0,682.0,506.0,386.0,345.0,277.0,269.0,282.0,295.0
2018/03/24,226.0,216.0,242.0,203.0,189.0,168.0,156.0,128.0,137.0,113.0,93.0,140.0,74.0,111.0,90.0,88.0,64.0,62.0,45.0,117.0,75.0,70.0,70.0,103.0,71.0,148.0,153.0,86.0,91.0,113.0,111.0,120.0,207.0,157.0,199.0,211.0,301.0,317.0,348.0,481.0,487.0,516.0,630.0,588.0,677.0,814.0,773.0,978.0,862.0,1005.0,906.0,889.0,1027.0,1008.0,868.0,979.0,924.0,867.0,812.0,706.0,680.0,469.0,472.0,355.0,390.0,417.0,308.0,428.0,421.0,534.0,509.0,576.0,573.0,560.0,622.0,712.0,702.0,755.0,784.0,790.0,691.0,731.0,794.0,723.0,872.0,671.0,792.0,556.0,529.0,487.0,337.0,240.0,219.0,213.0,235.0,236.0
2018/03/25,191.0,151.0,206.0,159.0,129.0,123.0,157.0,146.0,84.0,76.0,130.0,74.0,91.0,122.0,99.0,71.0,97.0,80.0,69.0,136.0,65.0,111.0,100.0,95.0,95.0,84.0,131.0,80.0,122.0,120.0,102.0,125.0,164.0,125.0,127.0,269.0,236.0,215.0,334.0,352.0,437.0,393.0,439.0,544.0,672.0,578.0,591.0,678.0,788.0,856.0,729.0,779.0,815.0,983.0,774.0,715.0,610.0,483.0,413.0,302.0,286.0,427.0,292.0,348.0,367.0,420.0,478.0,517.0,503.0,503.0,635.0,589.0,541.0,618.0,586.0,533.0,592.0,599.0,642.0,588.0,660.0,466.0,538.0,548.0,344.0,344.0,215.0,183.0,157.0,179.0,145.0,110.0,101.0,120.0,147.0,84.0
2018/03/26,50.0,27.0,33.0,40.0,33.0,13.0,11.0,26.0,11.0,31.0,3.0,27.0,16.0,21.0,17.0,27.0,27.0,29.0,18.0,22.0,51.0,112.0,96.0,119.0,162.0,336.0,429.0,579.0,726.0,751.0,723.0,734.0,865.0,940.0,905.0,789.0,824.0,952.0,825.0,869.0,887.0,819.0,889.0,861.0,842.0,919.0,878.0,900.0,875.0,890.0,816.0,890.0,872.0,879.0,966.0,725.0,800.0,589.0,604.0,629.0,744.0,628.0,803.0,779.0,695.0,685.0,794.0,797.0,931.0,909.0,900.0,1033.0,1089.0,959.0,810.0,870.0,729.0,855.0,690.0,843.0,701.0,637.0,551.0,463.0,382.0,303.0,321.0,224.0,192.0,234.0,145.0,166.0,119.0,68.0,78.0,56.0
2018/03/27,73.0,50.0,60.0,52.0,37.0,50.0,16.0,20.0,29.0,4.0,42.0,22.0,23.0,21.0,28.0,16.0,17.0,19.0,26.0,60.0,41.0,76.0,115.0,155.0,134.0,284.0,388.0,566.0,647.0,724.0,696.0,761.0,835.0,816.0,787.0,865.0,780.0,807.0,841.0,714.0,929.0,855.0,976.0,857.0,917.0,825.0,746.0,907.0,869.0,639.0,732.0,789.0,792.0,962.0,757.0,709.0,635.0,591.0,638.0,661.0,646.0,657.0,591.0,577.0,639.0,606.0,764.0,757.0,875.0,1058.0,1010.0,969.0,1067.0,1008.0,897.0,873.0,681.0,667.0,689.0,638.0,662.0,677.0,598.0,461.0,462.0,404.0,291.0,233.0,205.0,165.0,133.0,177.0,133.0,139.0,83.0,78.0
2018/03/28,61.0,75.0,59.0,65.0,30.0,40.0,37.0,44.0,33.0,7.0,21.0,16.0,9.0,33.0,15.0,8.0,19.0,40.0,16.0,50.0,53.0,95.0,149.0,109.0,187.0,258.0,341.0,529.0,598.0,525.0,557.0,666.0,727.0,759.0,747.0,625.0,684.0,783.0,676.0,777.0,875.0,798.0,797.0,775.0,911.0,881.0,795.0,832.0,936.0,789.0,925.0,738.0,914.0,879.0,765.0,661.0,640.0,647.0,636.0,583.0,622.0,624.0,570.0,562.0,633.0,627.0,593.0,757.0,839.0,732.0,764.0,737.0,673.0,647.0,677.0,606.0,678.0,639.0,658.0,625.0,492.0,486.0,577.0,492.0,517.0,385.0,300.0,241.0,179.0,215.0,170.0,147.0,115.0,113.0,123.0,131.0
2018/03/29,85.0,100.0,51.0,41.0,49.0,66.0,80.0,53.0,45.0,26.0,23.0,45.0,23.0,11.0,34.0,46.0,16.0,12.0,13.0,56.0,26.0,73.0,78.0,87.0,96.0,95.0,92.0,135.0,88.0,86.0,135.0,149.0,125.0,158.0,177.0,208.0,191.0,247.0,336.0,317.0,426.0,343.0,413.0,399.0,473.0,433.0,511.0,496.0,539.0,548.0,619.0,550.0,653.0,587.0,521.0,491.0,396.0,285.0,355.0,287.0,273.0,199.0,255.0,190.0,271.0,247.0,300.0,316.0,352.0,399.0,507.0,514.0,518.0,411.0,466.0,420.0,471.0,422.0,446.0,451.0,371.0,471.0,375.0,417.0,395.0,249.0,234.0,172.0,108.0,130.0,128.0,101.0,111.0,76.0,87.0,70.0
2018/03/30,63.0,68.0,40.0,49.0,65.0,59.0,43.0,33.0,36.0,20.0,25.0,39.0,16.0,10.0,14.0,45.0,9.0,25.0,13.0,20.0,26.0,60.0,49.0,77.0,75.0,79.0,100.0,92.0,74.0,73.0,69.0,84.0,120.0,139.0,103.0,157.0,195.0,167.0,227.0,269.0,318.0,309.0,376.0,371.0,519.0,382.0,428.0,491.0,457.0,510.0,506.0,547.0,574.0,508.0,516.0,400.0,311.0,259.0,227.0,189.0,224.0,199.0,245.0,200.0,197.0,203.0,278.0,341.0,346.0,428.0,330.0,387.0,343.0,311.0,430.0,484.0,363.0,440.0,368.0,338.0,418.0,349.0,389.0,309.0,394.0,236.0,176.0,196.0,192.0,145.0,125.0,136.0,89.0,116.0,112.0,74.0
2018/03/31,63.0,81.0,41.0,32.0,58.0,55.0,40.0,48.0,36.0,31.0,35.0,29.0,11.0,43.0,39.0,41.0,15.0,33.0,37.0,53.0,24.0,73.0,80.0,98.0,87.0,86.0,66.0,92.0,85.0,87.0,82.0,96.0,143.0,133.0,136.0,200.0,271.0,277.0,327.0,309.0,384.0,430.0,471.0,588.0,485.0,533.0,641.0,695.0,629.0,661.0,580.0,760.0,610.0,635.0,533.0,541.0,482.0,311.0,324.0,307.0,330.0,278.0,341.0,293.0,304.0,402.0,405.0,359.0,391.0,461.0,495.0,376.0,480.0,524.0,460.0,384.0,452.0,523.0,436.0,583.0,694.0,475.0,646.0,560.0,489.0,375.0,341.0,239.0,232.0,246.0,148.0,143.0,120.0,159.0,112.0,155.0
2018/04/01,118.0,94.0,103.0,114.0,61.0,97.0,56.0,49.0,44.0,58.0,43.0,54.0,69.0,41.0,48.0,52.0,55.0,23.0,36.0,59.0,73.0,63.0,67.0,80.0,74.0,93.0,70.0,89.0,73.0,99.0,93.0,98.0,137.0,85.0,136.0,193.0,199.0,261.0,294.0,335.0,358.0,487.0,484.0,549.0,638.0,528.0,609.0,717.0,723.0,793.0,685.0,766.0,802.0,821.0,813.0,721.0,467.0,444.0,351.0,316.0,293.0,385.0,429.0,489.0,349.0,492.0,674.0,483.0,681.0,590.0,577.0,660.0,651.0,671.0,689.0,608.0,732.0,557.0,707.0,541.0,575.0,624.0,524.0,527.0,459.0,387.0,379.0,256.0,293.0,228.0,244.0,165.0,209.0,160.0,122.0,83.0
2018/04/02,74.0,87.0,49.0,41.0,27.0,38.0,22.0,29.0,16.0,19.0,22.0,47.0,28.0,17.0,9.0,51.0,21.0,32.0,34.0,18.0,71.0,76.0,139.0,176.0,190.0,347.0,487.0,615.0,684.0,863.0,897.0,928.0,848.0,941.0,911.0,833.0,931.0,848.0,897.0,898.0,901.0,1001.0,882.0,1068.0,919.0,883.0,974.0,1082.0,1063.0,900.0,1030.0,953.0,955.0,980.0,939.0,936.0,760.0,697.0,831.0,856.0,1024.0,930.0,859.0,985.0,945.0,819.0,973.0,1065.0,1189.0,1092.0,1127.0,1328.0,1161.0,1211.0,1155.0,1141.0,970.0,964.0,832.0,913.0,722.0,814.0,723.0,545.0,467.0,468.0,338.0,207.0,209.0,208.0,219.0,119.0,99.0,86.0,105.0,62.0
2018/04/03,45.0,37.0,45.0,27.0,23.0,33.0,19.0,45.0,9.0,20.0,16.0,23.0,12.0,27.0,16.0,21.0,26.0,33.0,10.0,49.0,37.0,92.0,126.0,132.0,203.0,322.0,601.0,729.0,961.0,1113.0,1263.0,1441.0,1221.0,1274.0,1367.0,1312.0,1205.0,1257.0,1012.0,1040.0,1055.0,1062.0,1009.0,1130.0,979.0,1067.0,1074.0,1084.0,998.0,933.0,987.0,921.0,1157.0,1208.0,967.0,1002.0,744.0,775.0,851.0,918.0,1047.0,922.0,1110.0,1165.0,1219.0,1364.0,1361.0,1073.0,1181.0,1319.0,1384.0,1402.0,1512.0,1426.0,1382.0,1268.0,1119.0,1161.0,928.0,955.0,792.0,673.0,522.0,434.0,383.0,333.0,279.0,228.0,327.0,240.0,192.0,161.0,113.0,106.0,74.0,77.0
2018/04/04,56.0,52.0,57.0,29.0,35.0,51.0,40.0,22.0,23.0,17.0,43.0,27.0,38.0,29.0,13.0,7.0,13.0,25.0,17.0,20.0,29.0,111.0,98.0,152.0,194.0,346.0,499.0,685.0,1028.0,1089.0,1197.0,1310.0,1427.0,1279.0,1249.0,1375.0,1454.0,1179.0,1105.0,1095.0,1072.0,1083.0,1006.0,1008.0,1070.0,1030.0,1049.0,1065.0,1032.0,985.0,1090.0,972.0,1247.0,1170.0,1051.0,831.0,800.0,842.0,926.0,821.0,969.0,1094.0,1161.0,1185.0,1277.0,1286.0,1247.0,1054.0,1435.0,1409.0,1336.0,1366.0,1376.0,1361.0,1338.0,1204.0,1285.0,1120.0,1121.0,952.0,1021.0,898.0,745.0,612.0,493.0,417.0,357.0,233.0,227.0,291.0,167.0,177.0,155.0,128.0,109.0,97.0
2018/04/05,83.0,87.0,64.0,67.0,53.0,37.0,59.0,34.0,59.0,7.0,25.0,16.0,17.0,16.0,13.0,29.0,11.0,3.0,36.0,33.0,49.0,96.0,98.0,131.0,231.0,408.0,503.0,698.0,1013.0,1158.0,1241.0,1309.0,1458.0,1404.0,1296.0,1521.0,1483.0,1517.0,1292.0,1089.0,1084.0,1030.0,1014.0,1080.0,1167.0,1051.0,1068.0,1111.0,1033.0,910.0,1127.0,1189.0,1172.0,1185.0,1127.0,997.0,783.0,860.0,959.0,1018.0,972.0,1062.0,1148.0,1190.0,1297.0,1289.0,1247.0,1136.0,1205.0,1420.0,1363.0,1561.0,1456.0,1430.0,1323.0,1280.0,1314.0,1269.0,1053.0,1019.0,993.0,1025.0,872.0,740.0,701.0,575.0,358.0,318.0,300.0,261.0,251.0,244.0,211.0,145.0,137.0,156.0
2018/04/06,141.0,122.0,98.0,64.0,73.0,60.0,63.0,27.0,41.0,46.0,48.0,41.0,24.0,14.0,29.0,28.0,32.0,24.0,50.0,33.0,62.0,92.0,139.0,127.0,246.0,403.0,532.0,766.0,976.0,1179.0,1268.0,1391.0,1489.0,1363.0,1306.0,1408.0,1199.0,1161.0,1020.0,1044.0,1162.0,1056.0,1076.0,1017.0,1146.0,1153.0,1072.0,1047.0,1155.0,1157.0,1160.0,935.0,1132.0,1161.0,1432.0,1454.0,1455.0,1418.0,1525.0,1533.0,1616.0,1443.0,1555.0,1387.0,1371.0,1265.0,1289.0,1162.0,1235.0,1298.0,1227.0,1113.0,1127.0,1157.0,1056.0,1053.0,1224.0,1095.0,1006.0,1158.0,1039.0,1123.0,1154.0,1012.0,823.0,635.0,539.0,346.0,296.0,287.0,233.0,307.0,207.0,199.0,193.0,224.0
2018/04/07,254.0,223.0,207.0,115.0,143.0,177.0,151.0,97.0,175.0,111.0,163.0,121.0,73.0,100.0,82.0,111.0,95.0,116.0,64.0,63.0,71.0,142.0,100.0,133.0,106.0,114.0,111.0,165.0,170.0,238.0,190.0,232.0,382.0,392.0,331.0,503.0,694.0,715.0,808.0,769.0,886.0,913.0,1011.0,1048.0,1166.0,1097.0,1231.0,1267.0,1199.0,1199.0,1145.0,1194.0,1313.0,1259.0,1073.0,1115.0,904.0,548.0,496.0,468.0,435.0,554.0,559.0,527.0,502.0,556.0,732.0,843.0,767.0,774.0,852.0,848.0,882.0,800.0,850.0,905.0,937.0,879.0,913.0,1013.0,1042.0,1122.0,1091.0,1064.0,886.0,697.0,498.0,385.0,412.0,352.0,253.0,243.0,278.0,305.0,231.0,273.0
2018/04/08,301.0,214.0,212.0,177.0,134.0,166.0,132.0,163.0,166.0,115.0,98.0,104.0,76.0,74.0,69.0,117.0,89.0,115.0,71.0,78.0,99.0,117.0,116.0,73.0,115.0,101.0,110.0,112.0,173.0,153.0,157.0,167.0,92.0,60.0,72.0,83.0,167.0,125.0,82.0,40.0,40.0,620.0,591.0,726.0,762.0,851.0,890.0,935.0,1018.0,999.0,1180.0,1025.0,1263.0,1361.0,1237.0,1131.0,754.0,850.0,850.0,802.0,689.0,517.0,415.0,479.0,472.0,560.0,547.0,636.0,621.0,643.0,885.0,916.0,868.0,826.0,914.0,745.0,929.0,749.0,797.0,889.0,760.0,706.0,610.0,542.0,544.0,418.0,326.0,223.0,240.0,179.0,178.0,113.0,101.0,131.0,127.0,89.0
2018/04/09,60.0,49.0,6.0,80.0,19.0,25.0,12.0,24.0,11.0,25.0,31.0,27.0,6.0,15.0,34.0,22.0,8.0,16.0,40.0,42.0,34.0,114.0,129.0,116.0,254.0,416.0,555.0,734.0,1048.0,1119.0,1331.0,1181.0,1265.0,1345.0,833.0,1418.0,1254.0,1119.0,1097.0,1150.0,1054.0,1063.0,1156.0,1046.0,1241.0,1024.0,1080.0,1166.0,1081.0,964.0,1108.0,1037.0,1145.0,1084.0,1050.0,978.0,828.0,867.0,940.0,945.0,1076.0,951.0,1223.0,1105.0,1166.0,1300.0,1123.0,1142.0,1265.0,1364.0,1367.0,1327.0,1500.0,1538.0,1538.0,1408.0,1096.0,982.0,1054.0,841.0,902.0,797.0,698.0,506.0,472.0,397.0,383.0,259.0,269.0,219.0,177.0,151.0,115.0,107.0,86.0,64.0
2018/04/10,47.0,55.0,33.0,60.0,40.0,31.0,7.0,13.0,18.0,7.0,20.0,20.0,19.0,56.0,16.0,33.0,11.0,17.0,34.0,31.0,47.0,104.0,96.0,136.0,224.0,375.0,537.0,711.0,1046.0,1285.0,1377.0,1395.0,1387.0,1153.0,1299.0,1387.0,1173.0,1292.0,1192.0,1143.0,1257.0,1071.0,1045.0,1213.0,1087.0,1041.0,1105.0,1045.0,1120.0,1020.0,953.0,1030.0,1024.0,1077.0,1140.0,981.0,964.0,790.0,872.0,934.0,1127.0,1203.0,1215.0,1063.0,1479.0,1275.0,1361.0,1178.0,1189.0,1402.0,1433.0,1436.0,1386.0,1406.0,1337.0,1380.0,1310.0,1255.0,1073.0,1167.0,1160.0,999.0,679.0,672.0,508.0,389.0,249.0,185.0,259.0,197.0,179.0,163.0,122.0,116.0,159.0,96.0
2018/04/11,118.0,55.0,61.0,37.0,44.0,27.0,34.0,19.0,12.0,15.0,5.0,56.0,8.0,7.0,24.0,18.0,13.0,18.0,31.0,32.0,49.0,101.0,129.0,152.0,207.0,342.0,493.0,716.0,1075.0,1020.0,1283.0,1342.0,1476.0,1313.0,1277.0,1416.0,1422.0,1175.0,1094.0,1068.0,1072.0,1051.0,1026.0,934.0,1042.0,1068.0,1044.0,1164.0,1017.0,1023.0,1170.0,1150.0,1194.0,1229.0,1195.0,944.0,891.0,992.0,934.0,1080.0,1050.0,993.0,1211.0,1192.0,1342.0,1200.0,1268.0,1279.0,1412.0,1357.0,1425.0,1123.0,1157.0,1235.0,1171.0,1323.0,1458.0,1478.0,1292.0,1176.0,921.0,815.0,612.0,528.0,500.0,364.0,313.0,265.0,260.0,362.0,344.0,283.0,187.0,172.0,139.0,142.0
2018/04/12,132.0,123.0,79.0,56.0,67.0,48.0,29.0,19.0,43.0,21.0,22.0,21.0,13.0,19.0,15.0,29.0,8.0,40.0,39.0,27.0,86.0,127.0,150.0,145.0,256.0,505.0,501.0,758.0,1060.0,1165.0,1256.0,1347.0,1377.0,1382.0,1473.0,1313.0,1306.0,1153.0,1155.0,1123.0,1125.0,1067.0,1127.0,1124.0,1155.0,1131.0,977.0,1123.0,1053.0,1070.0,1075.0,1021.0,1142.0,1143.0,1029.0,1014.0,1032.0,931.0,896.0,922.0,902.0,1039.0,1137.0,1210.0,1117.0,1126.0,1248.0,1240.0,1248.0,1114.0,1353.0,1322.0,1041.0,1167.0,923.0,1385.0,1379.0,1321.0,1206.0,1077.0,1169.0,1079.0,868.0,761.0,603.0,560.0,347.0,291.0,310.0,238.0,213.0,219.0,207.0,178.0,181.0,109.0
2018/04/13,151.0,84.0,96.0,79.0,45.0,55.0,31.0,45.0,92.0,30.0,23.0,45.0,32.0,13.0,36.0,41.0,57.0,42.0,53.0,31.0,46.0,94.0,102.0,175.0,210.0,362.0,589.0,715.0,1072.0,1055.0,1364.0,1311.0,1464.0,1128.0,1532.0,1264.0,1426.0,1079.0,1170.0,1059.0,1101.0,1217.0,987.0,1103.0,1139.0,1020.0,1170.0,1070.0,1188.0,1054.0,1093.0,1180.0,1148.0,1308.0,1435.0,1368.0,1481.0,1270.0,1683.0,1511.0,1548.0,1504.0,1449.0,1512.0,1597.0,1449.0,1311.0,1074.0,1203.0,1098.0,1178.0,1007.0,1025.0,1261.0,1027.0,1007.0,1115.0,989.0,1009.0,1151.0,1124.0,1102.0,1134.0,1145.0,969.0,715.0,455.0,417.0,394.0,267.0,334.0,268.0,291.0,287.0,266.0,258.0
2018/04/14,224.0,250.0,211.0,192.0,160.0,166.0,162.0,157.0,94.0,97.0,77.0,109.0,74.0,80.0,74.0,67.0,104.0,64.0,64.0,62.0,92.0,104.0,134.0,109.0,106.0,109.0,111.0,148.0,196.0,179.0,223.0,286.0,357.0,345.0,417.0,473.0,671.0,736.0,812.0,891.0,957.0,842.0,991.0,1008.0,1314.0,1135.0,1177.0,1055.0,1045.0,1103.0,1119.0,1127.0,1199.0,1262.0,1020.0,925.0,793.0,592.0,432.0,452.0,397.0,532.0,525.0,516.0,603.0,563.0,679.0,673.0,770.0,873.0,973.0,878.0,813.0,948.0,967.0,904.0,865.0,1028.0,1008.0,901.0,1202.0,1038.0,1075.0,989.0,867.0,763.0,527.0,416.0,302.0,251.0,221.0,211.0,258.0,270.0,307.0,231.0
2018/04/15,328.0,223.0,254.0,203.0,208.0,158.0,184.0,137.0,137.0,127.0,86.0,129.0,85.0,86.0,93.0,88.0,88.0,77.0,70.0,77.0,76.0,63.0,64.0,92.0,96.0,96.0,132.0,131.0,102.0,135.0,157.0,140.0,215.0,231.0,291.0,345.0,415.0,474.0,557.0,606.0,785.0,780.0,769.0,812.0,836.0,904.0,900.0,962.0,1019.0,878.0,1059.0,989.0,1057.0,1023.0,995.0,830.0,658.0,551.0,419.0,437.0,413.0,303.0,482.0,561.0,547.0,600.0,640.0,660.0,845.0,722.0,832.0,884.0,763.0,835.0,745.0,717.0,955.0,738.0,735.0,717.0,751.0,682.0,539.0,535.0,534.0,307.0,340.0,185.0,146.0,179.0,175.0,115.0,131.0,105.0,96.0,51.0
2018/04/16,49.0,52.0,28.0,26.0,49.0,18.0,28.0,23.0,6.0,9.0,32.0,22.0,14.0,24.0,27.0,22.0,26.0,16.0,8.0,57.0,32.0,76.0,157.0,183.0,211.0,342.0,566.0,718.0,1130.0,1170.0,1148.0,1556.0,948.0,1249.0,1331.0,1294.0,1237.0,1299.0,1118.0,1056.0,1017.0,1005.0,1049.0,1027.0,1205.0,1101.0,1032.0,1118.0,1161.0,1182.0,1027.0,1033.0,1058.0,1119.0,1138.0,845.0,905.0,674.0,903.0,1032.0,1041.0,1113.0,1201.0,1233.0,1236.0,1318.0,1131.0,1238.0,1259.0,1513.0,1317.0,1417.0,1487.0,1414.0,1283.0,1110.0,1163.0,1081.0,941.0,839.0,955.0,813.0,705.0,606.0,572.0,392.0,382.0,271.0,243.0,238.0,185.0,141.0,122.0,95.0,84.0,87.0
2018/04/17,53.0,47.0,58.0,19.0,13.0,27.0,23.0,24.0,20.0,3.0,16.0,19.0,16.0,13.0,28.0,29.0,16.0,26.0,33.0,37.0,49.0,119.0,141.0,157.0,246.0,331.0,586.0,789.0,1047.0,1153.0,1228.0,1471.0,1488.0,1441.0,1382.0,1211.0,1229.0,1133.0,1037.0,1245.0,1117.0,1077.0,1150.0,1175.0,1020.0,1124.0,1037.0,995.0,968.0,937.0,1097.0,1139.0,1097.0,1289.0,983.0,830.0,849.0,819.0,982.0,885.0,1001.0,1022.0,1234.0,1080.0,1301.0,1354.0,1249.0,1127.0,1350.0,1292.0,1391.0,1530.0,1341.0,1153.0,1380.0,1265.0,1164.0,1037.0,1095.0,901.0,978.0,836.0,965.0,711.0,557.0,563.0,374.0,231.0,229.0,225.0,213.0,207.0,179.0,126.0,81.0,101.0
2018/04/18,71.0,57.0,40.0,40.0,44.0,16.0,25.0,28.0,33.0,28.0,16.0,31.0,23.0,17.0,11.0,16.0,18.0,19.0,34.0,60.0,59.0,117.0,97.0,145.0,227.0,436.0,555.0,702.0,991.0,1275.0,1216.0,1211.0,1328.0,1318.0,1268.0,1472.0,1279.0,1280.0,1219.0,1099.0,1113.0,1072.0,997.0,1057.0,1225.0,1069.0,994.0,1101.0,993.0,929.0,1089.0,969.0,1165.0,1110.0,1004.0,800.0,935.0,768.0,880.0,925.0,1025.0,1016.0,1170.0,1201.0,1366.0,1301.0,1147.0,1219.0,1399.0,1419.0,1373.0,1447.0,1372.0,1378.0,1460.0,1287.0,1248.0,1500.0,1381.0,1322.0,1285.0,1009.0,923.0,753.0,568.0,491.0,323.0,254.0,266.0,265.0,235.0,306.0,269.0,219.0,140.0,139.0
2018/04/19,81.0,131.0,84.0,69.0,60.0,31.0,48.0,24.0,16.0,13.0,18.0,14.0,36.0,42.0,24.0,40.0,20.0,36.0,26.0,26.0,63.0,88.0,122.0,148.0,338.0,549.0,556.0,768.0,1153.0,1327.0,1193.0,1332.0,1494.0,1130.0,1480.0,1261.0,1268.0,1127.0,1165.0,1031.0,1090.0,1121.0,1076.0,1087.0,1101.0,967.0,1129.0,1086.0,1066.0,1074.0,1050.0,1008.0,1170.0,1066.0,1202.0,997.0,775.0,817.0,856.0,1006.0,1143.0,1106.0,1124.0,1144.0,1337.0,1327.0,1294.0,1320.0,1261.0,1393.0,1412.0,1400.0,1252.0,1209.0,1425.0,1285.0,1383.0,1195.0,1135.0,1131.0,1050.0,1017.0,844.0,764.0,612.0,431.0,393.0,409.0,285.0,298.0,297.0,225.0,162.0,164.0,240.0,187.0
2018/04/20,134.0,131.0,103.0,77.0,74.0,62.0,52.0,37.0,39.0,44.0,30.0,40.0,13.0,27.0,36.0,27.0,19.0,41.0,31.0,45.0,54.0,90.0,127.0,124.0,184.0,359.0,533.0,727.0,1049.0,1263.0,1193.0,1400.0,1387.0,1366.0,1278.0,1315.0,1180.0,1062.0,1084.0,1019.0,1113.0,1115.0,1110.0,1035.0,1173.0,917.0,1093.0,991.0,1153.0,1062.0,1228.0,1065.0,1282.0,1383.0,1304.0,1469.0,1444.0,1355.0,1293.0,1367.0,1243.0,1606.0,1315.0,1346.0,1224.0,1258.0,1179.0,1120.0,1183.0,1157.0,1181.0,1183.0,1181.0,1025.0,1045.0,958.0,1054.0,915.0,1073.0,1092.0,1047.0,1065.0,1091.0,1094.0,918.0,683.0,522.0,370.0,310.0,270.0,277.0,241.0,249.0,242.0,287.0,233.0
2018/04/21,227.0,194.0,155.0,194.0,201.0,120.0,147.0,101.0,73.0,109.0,122.0,128.0,60.0,93.0,66.0,54.0,90.0,38.0,81.0,91.0,85.0,104.0,110.0,86.0,107.0,98.0,90.0,126.0,203.0,159.0,271.0,308.0,400.0,343.0,400.0,563.0,785.0,706.0,784.0,777.0,800.0,896.0,1057.0,996.0,1081.0,1167.0,1159.0,952.0,993.0,1036.0,1147.0,1086.0,1100.0,1064.0,1033.0,942.0,735.0,537.0,496.0,416.0,506.0,385.0,426.0,476.0,510.0,514.0,630.0,679.0,748.0,771.0,879.0,894.0,822.0,824.0,853.0,798.0,986.0,885.0,921.0,915.0,861.0,1039.0,1023.0,922.0,797.0,625.0,495.0,383.0,341.0,223.0,217.0,223.0,265.0,307.0,279.0,204.0
2018/04/22,219.0,217.0,253.0,234.0,238.0,164.0,173.0,129.0,111.0,148.0,85.0,77.0,136.0,90.0,89.0,119.0,83.0,68.0,87.0,86.0,122.0,105.0,112.0,62.0,80.0,115.0,115.0,136.0,182.0,224.0,185.0,235.0,231.0,251.0,403.0,516.0,465.0,472.0,544.0,628.0,546.0,656.0,686.0,819.0,814.0,830.0,863.0,885.0,927.0,849.0,941.0,1008.0,981.0,1059.0,987.0,815.0,709.0,530.0,435.0,362.0,369.0,471.0,443.0,515.0,536.0,588.0,681.0,709.0,804.0,639.0,701.0,743.0,833.0,828.0,728.0,794.0,809.0,855.0,829.0,722.0,745.0,869.0,585.0,623.0,450.0,412.0,279.0,252.0,229.0,167.0,210.0,186.0,149.0,89.0,98.0,125.0
2018/04/23,84.0,60.0,40.0,49.0,35.0,21.0,0.0,18.0,15.0,34.0,11.0,7.0,7.0,7.0,15.0,20.0,6.0,39.0,25.0,53.0,48.0,113.0,146.0,184.0,197.0,348.0,512.0,697.0,1091.0,1185.0,1217.0,1314.0,1469.0,1439.0,1358.0,1364.0,1342.0,1025.0,1123.0,1151.0,1073.0,1074.0,1071.0,1248.0,1067.0,1053.0,1147.0,1263.0,1105.0,1088.0,932.0,1040.0,1005.0,1006.0,1136.0,976.0,829.0,937.0,823.0,903.0,944.0,1160.0,1132.0,1242.0,1239.0,1373.0,1140.0,1237.0,1267.0,1387.0,1477.0,1572.0,1414.0,1254.0,1333.0,1371.0,1188.0,1017.0,888.0,871.0,961.0,958.0,751.0,601.0,507.0,371.0,421.0,260.0,195.0,179.0,194.0,169.0,127.0,114.0,87.0,59.0
2018/04/24,58.0,31.0,20.0,12.0,41.0,17.0,11.0,24.0,20.0,17.0,17.0,7.0,16.0,12.0,6.0,41.0,14.0,37.0,25.0,25.0,71.0,86.0,149.0,172.0,234.0,402.0,550.0,737.0,1109.0,1155.0,1354.0,1566.0,1498.0,1306.0,1512.0,1434.0,1216.0,1276.0,1104.0,1055.0,1247.0,940.0,1187.0,1045.0,1126.0,1100.0,1126.0,1094.0,964.0,1075.0,1022.0,1072.0,1179.0,1218.0,1127.0,934.0,958.0,800.0,855.0,916.0,979.0,1040.0,1135.0,1169.0,1341.0,1327.0,1310.0,1175.0,1259.0,1410.0,1433.0,1514.0,1469.0,1487.0,1402.0,1283.0,1229.0,994.0,1003.0,995.0,936.0,752.0,635.0,642.0,530.0,417.0,312.0,265.0,326.0,186.0,140.0,170.0,157.0,187.0,131.0,164.0
2018/04/25,88.0,65.0,61.0,51.0,37.0,33.0,26.0,15.0,27.0,14.0,39.0,23.0,33.0,20.0,19.0,34.0,10.0,25.0,26.0,57.0,52.0,125.0,119.0,190.0,210.0,420.0,550.0,634.0,1046.0,1196.0,1418.0,1260.0,1267.0,1305.0,1265.0,1303.0,1324.0,1263.0,1224.0,1160.0,1158.0,1063.0,1095.0,1024.0,991.0,1069.0,1024.0,1093.0,1157.0,985.0,1041.0,999.0,1283.0,1083.0,1094.0,1037.0,1034.0,749.0,945.0,885.0,1191.0,1083.0,1193.0,1097.0,1329.0,1246.0,1137.0,1190.0,1363.0,1260.0,1506.0,1429.0,1056.0,1208.0,1361.0,1218.0,1141.0,1219.0,1181.0,1160.0,1050.0,776.0,686.0,584.0,446.0,320.0,265.0,207.0,435.0,404.0,275.0,285.0,208.0,179.0,186.0,122.0
2018/04/26,122.0,84.0,74.0,47.0,29.0,33.0,75.0,46.0,36.0,25.0,28.0,16.0,7.0,18.0,27.0,18.0,16.0,22.0,38.0,41.0,53.0,95.0,87.0,147.0,237.0,371.0,475.0,695.0,1045.0,1151.0,1258.0,1544.0,1380.0,1515.0,1375.0,1284.0,1127.0,1231.0,1035.0,1154.0,1075.0,1089.0,1169.0,1232.0,1152.0,1157.0,1232.0,1119.0,1030.0,1109.0,1102.0,1016.0,1225.0,1190.0,1096.0,1121.0,951.0,789.0,963.0,1140.0,1105.0,1120.0,1141.0,1205.0,1179.0,1223.0,1286.0,1355.0,1377.0,1393.0,1370.0,1493.0,1369.0,1491.0,1524.0,1519.0,1362.0,1337.0,1133.0,1019.0,1080.0,1093.0,952.0,773.0,670.0,553.0,443.0,260.0,292.0,297.0,301.0,267.0,205.0,178.0,141.0,143.0
2018/04/27,149.0,159.0,61.0,82.0,72.0,93.0,46.0,49.0,47.0,52.0,14.0,76.0,14.0,25.0,49.0,38.0,45.0,25.0,48.0,45.0,57.0,106.0,143.0,168.0,206.0,322.0,559.0,772.0,1023.0,1161.0,1197.0,1504.0,1569.0,1280.0,1447.0,1330.0,1226.0,1075.0,1107.0,1141.0,1074.0,1067.0,1125.0,1162.0,1083.0,1179.0,1169.0,1096.0,1065.0,1192.0,1133.0,1209.0,1303.0,1445.0,1266.0,1373.0,1264.0,1254.0,1457.0,1287.0,1380.0,1508.0,1379.0,1370.0,1478.0,1379.0,1316.0,1242.0,1278.0,1053.0,1053.0,1014.0,1011.0,969.0,962.0,938.0,973.0,935.0,882.0,1021.0,1001.0,889.0,972.0,892.0,713.0,622.0,437.0,371.0,337.0,238.0,224.0,278.0,176.0,209.0,224.0,193.0
2018/04/28,201.0,177.0,206.0,177.0,110.0,112.0,101.0,113.0,135.0,46.0,88.0,59.0,78.0,52.0,88.0,68.0,58.0,64.0,38.0,39.0,87.0,89.0,136.0,137.0,130.0,94.0,116.0,173.0,237.0,194.0,207.0,264.0,287.0,279.0,353.0,370.0,518.0,506.0,580.0,615.0,690.0,715.0,630.0,769.0,778.0,681.0,755.0,987.0,884.0,948.0,1066.0,886.0,757.0,773.0,751.0,740.0,501.0,464.0,555.0,382.0,387.0,378.0,410.0,450.0,547.0,485.0,637.0,560.0,646.0,650.0,561.0,647.0,502.0,545.0,546.0,549.0,499.0,635.0,688.0,724.0,689.0,775.0,706.0,607.0,497.0,420.0,384.0,287.0,276.0,152.0,185.0,147.0,204.0,219.0,182.0,173.0
2018/04/29,151.0,180.0,158.0,132.0,95.0,122.0,109.0,63.0,98.0,123.0,39.0,76.0,65.0,77.0,72.0,62.0,48.0,59.0,59.0,84.0,85.0,96.0,92.0,80.0,71.0,69.0,118.0,87.0,112.0,123.0,91.0,110.0,102.0,152.0,160.0,242.0,312.0,301.0,383.0,446.0,436.0,490.0,492.0,607.0,649.0,653.0,656.0,707.0,849.0,717.0,652.0,774.0,771.0,732.0,695.0,577.0,424.0,310.0,311.0,347.0,251.0,235.0,298.0,259.0,297.0,379.0,412.0,374.0,439.0,376.0,541.0,468.0,529.0,577.0,472.0,420.0,538.0,382.0,593.0,497.0,548.0,469.0,453.0,467.0,399.0,317.0,213.0,192.0,147.0,196.0,104.0,141.0,134.0,155.0,85.0,66.0
2018/04/30,64.0,47.0,81.0,42.0,26.0,39.0,7.0,36.0,23.0,16.0,16.0,24.0,24.0,13.0,12.0,24.0,24.0,9.0,40.0,21.0,34.0,106.0,98.0,125.0,163.0,220.0,332.0,488.0,460.0,469.0,580.0,657.0,653.0,754.0,761.0,723.0,660.0,859.0,797.0,752.0,764.0,815.0,835.0,802.0,783.0,837.0,839.0,842.0,969.0,789.0,810.0,923.0,858.0,890.0,950.0,763.0,617.0,645.0,601.0,631.0,607.0,641.0,561.0,597.0,675.0,708.0,610.0,672.0,790.0,815.0,844.0,843.0,758.0,715.0,803.0,684.0,717.0,662.0,825.0,722.0,675.0,657.0,727.0,576.0,471.0,464.0,328.0,275.0,222.0,223.0,147.0,159.0,136.0,155.0,147.0,113.0
2018/05/01,63.0,147.0,87.0,65.0,70.0,81.0,52.0,42.0,48.0,27.0,38.0,39.0,48.0,35.0,40.0,38.0,21.0,22.0,30.0,48.0,29.0,76.0,92.0,68.0,47.0,72.0,91.0,103.0,106.0,89.0,163.0,153.0,133.0,212.0,219.0,203.0,197.0,261.0,283.0,334.0,389.0,401.0,399.0,470.0,467.0,462.0,539.0,570.0,595.0,555.0,612.0,558.0,611.0,562.0,668.0,430.0,390.0,313.0,234.0,247.0,359.0,325.0,293.0,318.0,354.0,357.0,457.0,504.0,484.0,535.0,620.0,632.0,628.0,637.0,768.0,861.0,825.0,835.0,654.0,495.0,421.0,386.0,334.0,298.0,229.0,178.0,158.0,197.0,262.0,295.0,371.0,253.0,192.0,213.0,147.0,120.0
2018/05/02,164.0,119.0,96.0,107.0,42.0,55.0,73.0,42.0,41.0,38.0,32.0,50.0,28.0,40.0,38.0,22.0,22.0,34.0,44.0,36.0,42.0,78.0,64.0,66.0,101.0,124.0,119.0,113.0,133.0,123.0,140.0,182.0,169.0,191.0,207.0,284.0,309.0,396.0,444.0,456.0,478.0,546.0,689.0,680.0,723.0,791.0,841.0,810.0,968.0,860.0,973.0,955.0,843.0,931.0,939.0,631.0,513.0,458.0,402.0,407.0,405.0,397.0,402.0,540.0,538.0,472.0,528.0,524.0,655.0,705.0,653.0,697.0,703.0,659.0,635.0,741.0,701.0,669.0,746.0,668.0,663.0,624.0,486.0,435.0,347.0,331.0,208.0,238.0,214.0,166.0,176.0,165.0,148.0,109.0,93.0,69.0
2018/05/03,51.0,41.0,54.0,44.0,23.0,10.0,18.0,29.0,9.0,0.0,6.0,24.0,23.0,17.0,28.0,14.0,33.0,21.0,9.0,32.0,61.0,113.0,113.0,156.0,186.0,400.0,485.0,685.0,1022.0,1096.0,1246.0,1463.0,1272.0,1299.0,1378.0,1506.0,1306.0,1147.0,1241.0,1046.0,1266.0,1086.0,1029.0,1017.0,1105.0,1083.0,1073.0,946.0,1246.0,1096.0,1180.0,944.0,1083.0,1078.0,1028.0,1012.0,873.0,809.0,875.0,891.0,994.0,970.0,1223.0,1295.0,1266.0,1328.0,1282.0,1197.0,1289.0,1338.0,1385.0,1387.0,1515.0,1341.0,1411.0,1337.0,1181.0,1008.0,993.0,937.0,970.0,848.0,756.0,663.0,554.0,443.0,313.0,238.0,234.0,190.0,202.0,177.0,151.0,125.0,105.0,100.0
2018/05/04,103.0,70.0,89.0,54.0,44.0,36.0,35.0,26.0,48.0,35.0,18.0,18.0,26.0,12.0,32.0,21.0,61.0,52.0,35.0,48.0,37.0,118.0,123.0,148.0,210.0,357.0,494.0,740.0,1098.0,1152.0,1395.0,1472.0,1371.0,1564.0,1501.0,1456.0,1351.0,1100.0,1034.0,1158.0,1124.0,1106.0,1208.0,1380.0,1180.0,1211.0,1161.0,1075.0,1072.0,1149.0,1059.0,1103.0,1207.0,1193.0,1401.0,1412.0,1476.0,1571.0,1532.0,1650.0,1452.0,1298.0,1310.0,1193.0,1306.0,1215.0,1175.0,1184.0,1231.0,1177.0,1084.0,1189.0,1085.0,1163.0,1093.0,1088.0,991.0,949.0,1018.0,1109.0,1092.0,1061.0,978.0,986.0,930.0,779.0,487.0,473.0,342.0,309.0,288.0,243.0,251.0,241.0,245.0,211.0
2018/05/05,215.0,205.0,165.0,148.0,185.0,147.0,155.0,103.0,93.0,75.0,103.0,93.0,82.0,87.0,76.0,78.0,63.0,77.0,70.0,50.0,83.0,102.0,103.0,91.0,113.0,79.0,123.0,128.0,183.0,158.0,250.0,261.0,421.0,361.0,441.0,496.0,715.0,747.0,708.0,837.0,1021.0,1112.0,1006.0,985.0,1150.0,961.0,1066.0,1179.0,1165.0,1104.0,1174.0,1160.0,1051.0,1190.0,1128.0,995.0,823.0,545.0,447.0,434.0,432.0,430.0,521.0,481.0,509.0,605.0,692.0,625.0,712.0,712.0,873.0,825.0,909.0,931.0,788.0,767.0,722.0,772.0,872.0,704.0,905.0,1021.0,867.0,936.0,785.0,788.0,521.0,446.0,317.0,327.0,282.0,301.0,273.0,263.0,218.0,201.0
2018/05/06,230.0,224.0,191.0,159.0,155.0,211.0,152.0,126.0,134.0,145.0,125.0,71.0,132.0,59.0,112.0,73.0,62.0,103.0,73.0,93.0,62.0,84.0,98.0,84.0,75.0,99.0,96.0,144.0,167.0,161.0,173.0,127.0,152.0,197.0,252.0,363.0,407.0,427.0,484.0,642.0,721.0,736.0,800.0,836.0,946.0,1070.0,841.0,954.0,991.0,1226.0,1153.0,1254.0,1379.0,1275.0,1327.0,1250.0,948.0,528.0,478.0,270.0,421.0,367.0,404.0,453.0,569.0,568.0,671.0,768.0,765.0,719.0,894.0,808.0,774.0,878.0,816.0,848.0,804.0,831.0,815.0,871.0,823.0,789.0,647.0,500.0,499.0,359.0,292.0,189.0,279.0,338.0,262.0,186.0,149.0,104.0,132.0,84.0
2018/05/07,70.0,59.0,29.0,28.0,22.0,36.0,14.0,20.0,20.0,5.0,7.0,50.0,10.0,30.0,25.0,26.0,11.0,22.0,40.0,35.0,50.0,124.0,100.0,167.0,227.0,446.0,538.0,781.0,1093.0,1113.0,1356.0,1559.0,1430.0,1374.0,1339.0,1310.0,1213.0,1027.0,1032.0,1128.0,1176.0,1085.0,1054.0,1083.0,1092.0,1123.0,1034.0,1056.0,1001.0,891.0,1061.0,984.0,968.0,1045.0,1075.0,876.0,771.0,740.0,1030.0,813.0,939.0,952.0,1045.0,1229.0,1359.0,1270.0,1221.0,1187.0,1175.0,1241.0,1494.0,1383.0,1361.0,1483.0,1501.0,1370.0,1375.0,1375.0,1110.0,912.0,936.0,930.0,861.0,659.0,550.0,398.0,321.0,255.0,255.0,221.0,173.0,152.0,118.0,123.0,101.0,81.0
2018/05/08,91.0,64.0,48.0,61.0,36.0,25.0,33.0,12.0,17.0,30.0,13.0,9.0,20.0,10.0,43.0,20.0,23.0,38.0,33.0,29.0,65.0,109.0,108.0,131.0,227.0,381.0,543.0,702.0,1096.0,1131.0,1443.0,1447.0,1492.0,1353.0,1413.0,1431.0,1672.0,1318.0,1066.0,1220.0,1159.0,1117.0,1021.0,1149.0,1058.0,1085.0,1108.0,1173.0,981.0,956.0,1032.0,1205.0,1164.0,1019.0,1039.0,950.0,913.0,855.0,754.0,806.0,1011.0,992.0,1034.0,1364.0,1384.0,1211.0,1198.0,1355.0,1327.0,1351.0,1146.0,1134.0,1239.0,1177.0,1408.0,1225.0,1384.0,1296.0,1180.0,1083.0,1066.0,747.0,715.0,700.0,539.0,479.0,389.0,247.0,304.0,200.0,165.0,118.0,152.0,116.0,87.0,125.0
2018/05/09,86.0,52.0,67.0,37.0,26.0,26.0,28.0,15.0,32.0,19.0,28.0,21.0,20.0,11.0,16.0,27.0,21.0,18.0,27.0,28.0,31.0,108.0,85.0,153.0,234.0,431.0,577.0,775.0,963.0,1071.0,1352.0,1087.0,1202.0,1211.0,1535.0,1264.0,1385.0,1147.0,1086.0,1076.0,1131.0,1080.0,1088.0,1207.0,1128.0,1048.0,1032.0,1048.0,1154.0,1166.0,1070.0,1069.0,1103.0,1177.0,1131.0,885.0,855.0,846.0,897.0,996.0,1010.0,1126.0,1148.0,1157.0,1274.0,1292.0,1158.0,1183.0,1437.0,1399.0,1686.0,1507.0,1569.0,1483.0,1437.0,1449.0,1429.0,1389.0,1075.0,864.0,970.0,948.0,723.0,621.0,587.0,336.0,457.0,256.0,246.0,224.0,155.0,174.0,232.0,234.0,145.0,155.0
2018/05/10,119.0,66.0,87.0,84.0,29.0,39.0,49.0,55.0,21.0,24.0,29.0,39.0,28.0,29.0,13.0,36.0,23.0,33.0,43.0,58.0,55.0,110.0,109.0,175.0,253.0,442.0,570.0,721.0,1029.0,1266.0,1339.0,1372.0,1535.0,1384.0,1363.0,1474.0,1322.0,1399.0,1062.0,1237.0,1173.0,1127.0,1153.0,1119.0,1207.0,1097.0,1200.0,1162.0,1237.0,1152.0,986.0,1084.0,1123.0,1211.0,1116.0,1045.0,1014.0,851.0,1025.0,989.0,1136.0,1144.0,1102.0,1270.0,1330.0,1310.0,1265.0,1209.0,1333.0,1342.0,1318.0,1617.0,1531.0,1538.0,1639.0,1472.0,1504.0,1348.0,1183.0,1039.0,1070.0,960.0,854.0,717.0,578.0,490.0,435.0,345.0,316.0,250.0,206.0,229.0,172.0,147.0,192.0,177.0
2018/05/11,176.0,147.0,75.0,119.0,81.0,117.0,53.0,38.0,53.0,19.0,28.0,33.0,39.0,42.0,47.0,27.0,34.0,59.0,38.0,36.0,30.0,82.0,148.0,163.0,295.0,377.0,629.0,743.0,1049.0,1082.0,1409.0,1481.0,1543.0,1363.0,1496.0,1372.0,1353.0,1112.0,1153.0,1145.0,1137.0,1116.0,1008.0,1252.0,1173.0,1104.0,1101.0,1093.0,1132.0,1031.0,1071.0,1137.0,1292.0,1362.0,1636.0,1605.0,1294.0,1487.0,1236.0,1427.0,1515.0,1459.0,1513.0,1313.0,1408.0,1456.0,1272.0,1073.0,1181.0,1223.0,1149.0,1040.0,1122.0,1112.0,1005.0,865.0,905.0,893.0,857.0,898.0,975.0,1026.0,1042.0,905.0,815.0,526.0,484.0,460.0,329.0,278.0,248.0,206.0,208.0,255.0,189.0,206.0
2018/05/12,229.0,238.0,182.0,121.0,130.0,115.0,138.0,157.0,79.0,93.0,70.0,84.0,62.0,95.0,83.0,53.0,39.0,51.0,71.0,48.0,69.0,122.0,114.0,100.0,95.0,109.0,129.0,142.0,223.0,132.0,234.0,265.0,336.0,307.0,311.0,422.0,616.0,643.0,802.0,760.0,726.0,812.0,840.0,952.0,962.0,944.0,1071.0,966.0,1071.0,966.0,984.0,930.0,883.0,830.0,964.0,825.0,713.0,488.0,482.0,453.0,378.0,371.0,481.0,533.0,498.0,465.0,560.0,562.0,633.0,720.0,769.0,729.0,814.0,927.0,829.0,923.0,1018.0,932.0,896.0,795.0,795.0,725.0,776.0,685.0,637.0,519.0,368.0,371.0,350.0,298.0,213.0,259.0,253.0,219.0,185.0,164.0
2018/05/13,200.0,232.0,158.0,186.0,151.0,135.0,72.0,84.0,114.0,91.0,84.0,90.0,43.0,90.0,73.0,69.0,59.0,48.0,59.0,71.0,70.0,92.0,95.0,96.0,82.0,95.0,86.0,111.0,88.0,92.0,156.0,136.0,161.0,165.0,196.0,403.0,401.0,336.0,371.0,520.0,606.0,571.0,639.0,755.0,783.0,755.0,691.0,856.0,821.0,942.0,881.0,777.0,889.0,904.0,804.0,715.0,675.0,433.0,399.0,331.0,339.0,357.0,488.0,414.0,476.0,547.0,456.0,594.0,578.0,630.0,579.0,665.0,650.0,636.0,724.0,650.0,691.0,630.0,813.0,721.0,745.0,712.0,630.0,515.0,519.0,427.0,326.0,301.0,188.0,181.0,151.0,167.0,191.0,70.0,119.0,84.0
2018/05/14,80.0,86.0,49.0,38.0,26.0,38.0,13.0,33.0,13.0,3.0,12.0,16.0,2.0,22.0,14.0,30.0,36.0,30.0,28.0,31.0,57.0,123.0,130.0,172.0,219.0,328.0,458.0,591.0,766.0,977.0,1044.0,1347.0,1132.0,1249.0,1117.0,1085.0,1049.0,1001.0,1113.0,1004.0,979.0,940.0,1060.0,967.0,1072.0,976.0,1006.0,949.0,954.0,1042.0,1082.0,1053.0,1028.0,1011.0,937.0,892.0,781.0,685.0,848.0,801.0,868.0,852.0,987.0,1085.0,1150.0,1121.0,1070.0,1164.0,1207.0,1287.0,1260.0,1219.0,1289.0,1167.0,1145.0,1065.0,945.0,899.0,1065.0,831.0,893.0,927.0,895.0,754.0,811.0,474.0,446.0,270.0,236.0,179.0,178.0,207.0,195.0,159.0,214.0,199.0
2018/05/15,147.0,138.0,101.0,77.0,64.0,66.0,89.0,84.0,52.0,88.0,26.0,57.0,46.0,56.0,59.0,68.0,58.0,45.0,58.0,40.0,21.0,58.0,60.0,80.0,90.0,79.0,138.0,153.0,177.0,113.0,259.0,202.0,242.0,253.0,328.0,375.0,423.0,419.0,445.0,562.0,554.0,617.0,614.0,628.0,678.0,761.0,810.0,816.0,783.0,864.0,854.0,920.0,932.0,917.0,761.0,710.0,508.0,488.0,402.0,377.0,373.0,355.0,413.0,531.0,456.0,451.0,561.0,567.0,810.0,578.0,650.0,734.0,673.0,716.0,570.0,702.0,686.0,795.0,811.0,765.0,594.0,653.0,565.0,480.0,345.0,370.0,368.0,216.0,204.0,218.0,228.0,149.0,131.0,94.0,116.0,91.0
2018/05/16,58.0,38.0,44.0,26.0,21.0,28.0,30.0,14.0,38.0,29.0,4.0,16.0,5.0,11.0,21.0,23.0,14.0,18.0,14.0,40.0,38.0,89.0,121.0,138.0,226.0,456.0,500.0,781.0,998.0,1040.0,1343.0,1404.0,1409.0,1340.0,1223.0,1374.0,1282.0,1387.0,1359.0,1261.0,1190.0,1182.0,1117.0,1050.0,1162.0,1258.0,993.0,1021.0,1274.0,967.0,1048.0,1112.0,1099.0,1164.0,1163.0,995.0,892.0,751.0,932.0,1072.0,1164.0,991.0,1169.0,1171.0,1257.0,1185.0,1188.0,1227.0,1238.0,1490.0,1488.0,1591.0,1520.0,1476.0,1495.0,1500.0,1514.0,1549.0,1420.0,1275.0,868.0,723.0,684.0,550.0,508.0,420.0,254.0,238.0,228.0,266.0,254.0,166.0,194.0,156.0,163.0,111.0
2018/05/17,80.0,89.0,84.0,62.0,27.0,38.0,35.0,36.0,35.0,23.0,20.0,18.0,11.0,13.0,15.0,30.0,31.0,7.0,29.0,39.0,43.0,134.0,121.0,148.0,250.0,343.0,530.0,736.0,1011.0,1183.0,1235.0,1531.0,1434.0,1273.0,1414.0,1349.0,1325.0,1129.0,1233.0,1134.0,1197.0,1189.0,1100.0,1114.0,1343.0,1145.0,1087.0,1188.0,1004.0,1120.0,1080.0,1086.0,1146.0,1145.0,1117.0,1048.0,874.0,849.0,926.0,1005.0,1049.0,1116.0,994.0,1136.0,1444.0,1360.0,1176.0,1225.0,1288.0,1594.0,1486.0,1419.0,1474.0,1484.0,1457.0,1157.0,1340.0,1207.0,1020.0,1094.0,938.0,915.0,896.0,672.0,607.0,570.0,426.0,368.0,258.0,278.0,228.0,231.0,193.0,147.0,180.0,141.0
2018/05/18,154.0,94.0,49.0,59.0,82.0,39.0,63.0,58.0,23.0,35.0,41.0,43.0,32.0,41.0,55.0,52.0,29.0,31.0,58.0,45.0,51.0,98.0,134.0,211.0,227.0,356.0,573.0,768.0,1009.0,1149.0,1326.0,1456.0,1370.0,1451.0,1470.0,1413.0,1194.0,1204.0,1095.0,1076.0,1111.0,1169.0,975.0,1186.0,1050.0,1104.0,1138.0,1038.0,1084.0,1199.0,1137.0,1297.0,1192.0,1336.0,1430.0,1470.0,1537.0,1393.0,1500.0,1317.0,1451.0,1441.0,1524.0,1443.0,1413.0,1488.0,1462.0,1383.0,1360.0,1327.0,1373.0,1335.0,1258.0,1124.0,1161.0,1017.0,1036.0,1007.0,959.0,992.0,949.0,1025.0,992.0,979.0,898.0,732.0,523.0,402.0,345.0,279.0,346.0,309.0,258.0,220.0,222.0,160.0
2018/05/19,274.0,197.0,148.0,222.0,142.0,185.0,126.0,152.0,109.0,85.0,108.0,75.0,84.0,81.0,57.0,57.0,55.0,59.0,81.0,63.0,65.0,93.0,101.0,151.0,94.0,98.0,118.0,143.0,195.0,183.0,283.0,339.0,405.0,361.0,366.0,689.0,654.0,761.0,779.0,815.0,782.0,1042.0,931.0,942.0,1093.0,1093.0,1061.0,1114.0,1278.0,894.0,1165.0,1109.0,1078.0,967.0,1062.0,1077.0,592.0,504.0,424.0,458.0,379.0,401.0,428.0,451.0,533.0,579.0,639.0,680.0,659.0,726.0,747.0,787.0,877.0,721.0,848.0,800.0,909.0,868.0,858.0,994.0,898.0,878.0,855.0,891.0,703.0,489.0,390.0,337.0,363.0,258.0,234.0,210.0,191.0,287.0,229.0,229.0
2018/05/20,279.0,191.0,184.0,176.0,160.0,211.0,140.0,130.0,99.0,89.0,144.0,88.0,103.0,98.0,96.0,84.0,79.0,73.0,83.0,84.0,65.0,115.0,74.0,87.0,89.0,81.0,93.0,123.0,117.0,124.0,110.0,154.0,189.0,209.0,220.0,320.0,452.0,460.0,440.0,557.0,664.0,617.0,768.0,799.0,709.0,817.0,835.0,886.0,942.0,1062.0,872.0,1097.0,1042.0,982.0,925.0,774.0,696.0,609.0,450.0,465.0,373.0,376.0,480.0,479.0,590.0,471.0,546.0,608.0,741.0,800.0,766.0,729.0,670.0,629.0,733.0,741.0,773.0,639.0,750.0,668.0,679.0,674.0,487.0,581.0,474.0,408.0,313.0,317.0,254.0,246.0,159.0,195.0,119.0,139.0,146.0,106.0
2018/05/21,95.0,47.0,19.0,61.0,20.0,17.0,28.0,9.0,27.0,6.0,17.0,5.0,13.0,29.0,18.0,31.0,19.0,21.0,21.0,21.0,46.0,101.0,118.0,143.0,225.0,399.0,554.0,720.0,1047.0,1157.0,1300.0,1540.0,1564.0,1502.0,1330.0,1398.0,1140.0,1236.0,1236.0,1232.0,1140.0,1056.0,975.0,1172.0,1100.0,1144.0,1143.0,1133.0,1055.0,1035.0,947.0,1139.0,1108.0,973.0,1043.0,870.0,808.0,867.0,861.0,941.0,1066.0,961.0,1219.0,1241.0,1422.0,1289.0,1249.0,1216.0,1331.0,1381.0,1317.0,1503.0,1594.0,1554.0,1323.0,1240.0,1270.0,1219.0,1168.0,977.0,948.0,807.0,787.0,677.0,535.0,428.0,299.0,312.0,231.0,185.0,214.0,175.0,124.0,98.0,90.0,76.0
2018/05/22,82.0,82.0,60.0,35.0,36.0,38.0,14.0,31.0,33.0,12.0,33.0,16.0,0.0,38.0,59.0,36.0,19.0,30.0,40.0,30.0,71.0,147.0,107.0,139.0,183.0,387.0,563.0,782.0,998.0,1068.0,1289.0,1434.0,1370.0,1332.0,1326.0,1431.0,1462.0,1242.0,1064.0,1130.0,1182.0,1039.0,998.0,1196.0,1266.0,1189.0,982.0,1076.0,1083.0,1044.0,1023.0,1111.0,1086.0,1266.0,1260.0,952.0,959.0,869.0,990.0,1222.0,1282.0,1160.0,1229.0,1297.0,1396.0,1261.0,1362.0,1159.0,1380.0,1390.0,1433.0,1533.0,1509.0,1489.0,1391.0,1489.0,1292.0,964.0,972.0,955.0,741.0,765.0,783.0,734.0,499.0,347.0,369.0,271.0,259.0,253.0,216.0,158.0,120.0,147.0,135.0,108.0
2018/05/23,105.0,100.0,50.0,47.0,59.0,42.0,32.0,48.0,18.0,13.0,20.0,19.0,11.0,17.0,19.0,27.0,26.0,36.0,32.0,27.0,39.0,89.0,118.0,188.0,263.0,367.0,546.0,777.0,1056.0,1125.0,1409.0,1051.0,875.0,1094.0,1558.0,1333.0,1398.0,1248.0,1225.0,1139.0,1139.0,1036.0,1177.0,1173.0,1197.0,1020.0,1072.0,1123.0,1003.0,1104.0,997.0,1156.0,1198.0,1109.0,1206.0,927.0,900.0,824.0,941.0,1239.0,1193.0,1128.0,1207.0,1197.0,1365.0,1445.0,1216.0,1280.0,1264.0,1500.0,1526.0,1446.0,1669.0,1526.0,1559.0,1389.0,1346.0,1341.0,1265.0,1272.0,1139.0,877.0,784.0,691.0,480.0,392.0,323.0,264.0,249.0,270.0,218.0,149.0,176.0,189.0,126.0,112.0
2018/05/24,86.0,112.0,77.0,87.0,59.0,35.0,39.0,41.0,19.0,29.0,23.0,27.0,8.0,7.0,33.0,37.0,22.0,22.0,39.0,38.0,48.0,129.0,132.0,148.0,268.0,421.0,601.0,703.0,993.0,1086.0,1364.0,1479.0,1475.0,1125.0,1417.0,1434.0,1294.0,1333.0,1119.0,1079.0,1131.0,1165.0,1157.0,1140.0,1045.0,1210.0,1143.0,1220.0,1037.0,1155.0,1121.0,1109.0,1221.0,1257.0,1238.0,982.0,892.0,801.0,967.0,984.0,1099.0,1056.0,1217.0,1142.0,1253.0,1288.0,1276.0,1273.0,1349.0,1364.0,1536.0,1432.0,1473.0,1545.0,1388.0,1485.0,1554.0,1493.0,1466.0,1450.0,1554.0,1080.0,982.0,715.0,602.0,499.0,467.0,309.0,247.0,253.0,303.0,175.0,194.0,259.0,179.0,225.0
2018/05/25,162.0,115.0,102.0,150.0,56.0,91.0,65.0,79.0,51.0,51.0,63.0,36.0,39.0,31.0,45.0,61.0,19.0,25.0,36.0,22.0,62.0,96.0,111.0,146.0,187.0,374.0,599.0,734.0,1023.0,1132.0,1279.0,1397.0,1418.0,1176.0,1077.0,1261.0,1273.0,1268.0,1008.0,1249.0,1297.0,1181.0,1046.0,1100.0,1123.0,1088.0,1068.0,1157.0,1095.0,1082.0,1088.0,1150.0,1264.0,1439.0,1526.0,1570.0,1437.0,1545.0,1282.0,1298.0,1193.0,1316.0,1448.0,1227.0,1417.0,1410.0,1218.0,1028.0,1219.0,1240.0,1196.0,1094.0,988.0,1143.0,1087.0,1047.0,1071.0,1188.0,1086.0,1058.0,1137.0,1090.0,1199.0,984.0,934.0,665.0,478.0,394.0,317.0,364.0,284.0,249.0,195.0,234.0,147.0,221.0
2018/05/26,234.0,222.0,262.0,159.0,156.0,141.0,117.0,117.0,108.0,127.0,131.0,86.0,87.0,57.0,77.0,93.0,91.0,76.0,74.0,70.0,62.0,101.0,81.0,105.0,91.0,127.0,115.0,137.0,171.0,252.0,295.0,356.0,412.0,379.0,371.0,462.0,610.0,725.0,739.0,701.0,854.0,880.0,1104.0,1023.0,1074.0,966.0,1135.0,1075.0,1080.0,1034.0,1067.0,1065.0,1081.0,1015.0,1117.0,984.0,807.0,654.0,496.0,465.0,409.0,526.0,454.0,558.0,635.0,630.0,702.0,760.0,818.0,875.0,933.0,991.0,1012.0,1034.0,1075.0,1081.0,1086.0,1092.0,1098.0,1082.0,833.0,584.0,528.0,431.0,414.0,405.0,220.0,177.0,303.0,384.0,446.0,589.0,559.0,568.0,423.0,341.0
2018/05/27,317.0,316.0,289.0,210.0,222.0,214.0,196.0,173.0,187.0,142.0,159.0,146.0,143.0,131.0,96.0,86.0,97.0,67.0,73.0,93.0,94.0,112.0,111.0,113.0,98.0,89.0,103.0,119.0,90.0,117.0,105.0,122.0,186.0,187.0,198.0,334.0,379.0,314.0,453.0,508.0,625.0,689.0,625.0,787.0,804.0,859.0,723.0,977.0,957.0,1009.0,972.0,931.0,793.0,1099.0,984.0,833.0,621.0,527.0,400.0,399.0,421.0,460.0,405.0,495.0,630.0,532.0,622.0,744.0,699.0,726.0,738.0,763.0,818.0,744.0,829.0,847.0,868.0,910.0,838.0,812.0,788.0,808.0,733.0,649.0,507.0,385.0,359.0,294.0,221.0,258.0,204.0,210.0,185.0,144.0,156.0,90.0
2018/05/28,72.0,84.0,40.0,27.0,51.0,19.0,31.0,25.0,28.0,19.0,10.0,32.0,24.0,22.0,50.0,14.0,34.0,33.0,33.0,46.0,63.0,117.0,93.0,121.0,232.0,360.0,560.0,633.0,950.0,1104.0,1233.0,1294.0,1529.0,1312.0,1370.0,1190.0,1295.0,1160.0,1248.0,1275.0,1299.0,1125.0,1225.0,1279.0,1158.0,919.0,1174.0,1071.0,1045.0,1077.0,1091.0,984.0,1070.0,1076.0,1209.0,988.0,816.0,736.0,1069.0,1218.0,1128.0,1012.0,1125.0,1098.0,1420.0,1281.0,1161.0,1169.0,1475.0,1332.0,1247.0,1365.0,1520.0,1469.0,1542.0,1474.0,1396.0,1395.0,1318.0,955.0,974.0,888.0,871.0,772.0,621.0,442.0,346.0,301.0,213.0,204.0,155.0,199.0,180.0,84.0,59.0,91.0
2018/05/29,97.0,42.0,51.0,15.0,21.0,23.0,46.0,30.0,27.0,17.0,33.0,23.0,5.0,8.0,18.0,32.0,39.0,22.0,51.0,45.0,25.0,89.0,121.0,164.0,234.0,338.0,624.0,709.0,963.0,1163.0,1340.0,1559.0,1462.0,1405.0,1392.0,1432.0,1464.0,1235.0,1106.0,1164.0,1134.0,1051.0,995.0,1159.0,1165.0,1128.0,1070.0,1097.0,987.0,1154.0,1087.0,1051.0,1111.0,1089.0,1103.0,962.0,1031.0,935.0,943.0,1019.0,1058.0,1045.0,1299.0,1237.0,1185.0,1382.0,1343.0,1182.0,1303.0,1383.0,1529.0,1546.0,1689.0,1560.0,1565.0,1442.0,1400.0,1189.0,951.0,935.0,894.0,781.0,833.0,639.0,585.0,474.0,320.0,309.0,261.0,249.0,195.0,189.0,148.0,148.0,70.0,110.0
2018/05/30,69.0,71.0,47.0,67.0,34.0,79.0,64.0,50.0,12.0,23.0,15.0,29.0,12.0,7.0,25.0,24.0,13.0,25.0,37.0,40.0,67.0,86.0,134.0,164.0,200.0,417.0,555.0,673.0,937.0,1080.0,1311.0,1389.0,1444.0,1405.0,1291.0,1440.0,1370.0,1213.0,1205.0,1232.0,1179.0,1014.0,1159.0,1092.0,1170.0,1048.0,1123.0,1254.0,1188.0,1005.0,1008.0,1188.0,1249.0,1249.0,1177.0,1065.0,854.0,906.0,781.0,860.0,969.0,1171.0,1288.0,1399.0,1420.0,1322.0,1247.0,1179.0,1296.0,1356.0,1375.0,1467.0,1400.0,1392.0,1389.0,1332.0,1227.0,1153.0,1175.0,873.0,1023.0,939.0,820.0,627.0,502.0,401.0,359.0,314.0,301.0,287.0,249.0,191.0,180.0,150.0,116.0,142.0
2018/05/31,74.0,99.0,79.0,67.0,77.0,33.0,32.0,38.0,7.0,7.0,61.0,22.0,25.0,16.0,24.0,31.0,26.0,16.0,52.0,30.0,55.0,99.0,126.0,148.0,251.0,348.0,616.0,676.0,1015.0,1149.0,1376.0,1437.0,1278.0,1391.0,1315.0,1308.0,1173.0,1243.0,1193.0,984.0,1151.0,1115.0,1129.0,1076.0,1086.0,1201.0,1098.0,1114.0,1115.0,1067.0,990.0,1105.0,1323.0,1241.0,1225.0,945.0,1032.0,895.0,877.0,932.0,1125.0,1037.0,1258.0,1195.0,1395.0,1201.0,1238.0,1272.0,1273.0,1318.0,1494.0,1459.0,1533.0,1459.0,1547.0,1274.0,1068.0,1080.0,1502.0,1009.0,1013.0,1163.0,1041.0,745.0,600.0,639.0,643.0,420.0,446.0,298.0,249.0,256.0,245.0,247.0,178.0,132.0
2018/06/01,139.0,128.0,169.0,91.0,94.0,95.0,75.0,71.0,48.0,58.0,42.0,47.0,43.0,42.0,19.0,57.0,41.0,27.0,44.0,39.0,49.0,138.0,139.0,131.0,239.0,372.0,639.0,665.0,1079.0,1105.0,1412.0,1535.0,1298.0,1455.0,1503.0,1405.0,1294.0,1014.0,1126.0,1010.0,1156.0,1129.0,1105.0,1138.0,1091.0,1166.0,1056.0,1168.0,1245.0,975.0,1299.0,1183.0,1269.0,1290.0,1404.0,1263.0,1398.0,1453.0,1583.0,1468.0,1598.0,1248.0,1404.0,1497.0,1488.0,1448.0,1250.0,1149.0,1277.0,1338.0,1149.0,991.0,1101.0,1113.0,1106.0,1016.0,1079.0,1153.0,1095.0,1087.0,1151.0,1139.0,1029.0,1032.0,896.0,708.0,530.0,446.0,301.0,296.0,325.0,261.0,258.0,276.0,229.0,252.0
2018/06/02,250.0,176.0,193.0,227.0,187.0,156.0,168.0,120.0,74.0,99.0,92.0,61.0,77.0,72.0,58.0,63.0,81.0,100.0,109.0,86.0,73.0,130.0,130.0,129.0,96.0,121.0,100.0,177.0,248.0,190.0,217.0,305.0,372.0,388.0,332.0,433.0,664.0,579.0,681.0,747.0,716.0,738.0,876.0,916.0,1038.0,1104.0,1227.0,1078.0,1069.0,1102.0,1084.0,1108.0,1019.0,1054.0,1108.0,1076.0,698.0,589.0,510.0,460.0,442.0,495.0,537.0,508.0,532.0,534.0,700.0,555.0,753.0,793.0,917.0,941.0,831.0,802.0,881.0,842.0,838.0,743.0,809.0,764.0,926.0,1090.0,962.0,912.0,801.0,688.0,493.0,287.0,288.0,248.0,269.0,286.0,226.0,225.0,311.0,276.0
2018/06/03,224.0,236.0,207.0,167.0,202.0,164.0,159.0,97.0,121.0,127.0,69.0,73.0,99.0,81.0,132.0,113.0,83.0,83.0,53.0,120.0,91.0,100.0,94.0,108.0,69.0,103.0,101.0,100.0,114.0,120.0,142.0,152.0,161.0,185.0,227.0,290.0,387.0,365.0,509.0,555.0,585.0,693.0,843.0,791.0,760.0,899.0,894.0,983.0,914.0,1094.0,1039.0,931.0,963.0,972.0,1022.0,901.0,627.0,635.0,419.0,380.0,405.0,397.0,427.0,527.0,618.0,609.0,611.0,746.0,862.0,911.0,1024.0,866.0,931.0,813.0,716.0,844.0,880.0,756.0,696.0,710.0,926.0,716.0,708.0,582.0,547.0,447.0,360.0,296.0,197.0,237.0,207.0,169.0,144.0,182.0,123.0,66.0
2018/06/04,56.0,69.0,46.0,53.0,48.0,26.0,12.0,20.0,13.0,16.0,18.0,23.0,9.0,13.0,26.0,27.0,14.0,17.0,29.0,47.0,41.0,104.0,139.0,238.0,216.0,377.0,518.0,685.0,996.0,1152.0,1281.0,1494.0,1257.0,1512.0,1175.0,1359.0,1450.0,1147.0,1068.0,1045.0,1039.0,1028.0,1232.0,1068.0,1104.0,1052.0,1152.0,1078.0,1123.0,991.0,1133.0,1020.0,1071.0,1002.0,1134.0,1017.0,925.0,872.0,858.0,929.0,1109.0,937.0,1124.0,1239.0,1271.0,1354.0,1213.0,1147.0,1374.0,1456.0,1360.0,1302.0,1462.0,1547.0,1396.0,1340.0,1358.0,935.0,937.0,964.0,912.0,704.0,754.0,580.0,536.0,417.0,387.0,254.0,219.0,253.0,141.0,144.0,90.0,134.0,97.0,90.0
2018/06/05,106.0,62.0,54.0,45.0,35.0,29.0,14.0,42.0,16.0,7.0,14.0,20.0,10.0,20.0,14.0,36.0,12.0,49.0,27.0,25.0,41.0,87.0,121.0,151.0,217.0,425.0,620.0,727.0,1038.0,1097.0,1361.0,1477.0,1443.0,1200.0,1361.0,1392.0,1283.0,1201.0,1175.0,1168.0,1037.0,1074.0,1041.0,1094.0,1135.0,1110.0,1066.0,1055.0,1224.0,1018.0,1187.0,1152.0,1160.0,1102.0,1212.0,1049.0,968.0,760.0,807.0,1027.0,951.0,1063.0,987.0,1167.0,1363.0,1335.0,1260.0,1149.0,1310.0,1347.0,1393.0,1453.0,1441.0,1383.0,1353.0,1300.0,1215.0,1211.0,1125.0,952.0,903.0,770.0,702.0,816.0,470.0,435.0,334.0,225.0,207.0,207.0,177.0,155.0,133.0,129.0,157.0,91.0
2018/06/06,115.0,73.0,38.0,46.0,46.0,27.0,28.0,41.0,10.0,22.0,26.0,16.0,20.0,20.0,30.0,29.0,40.0,33.0,29.0,25.0,50.0,94.0,124.0,174.0,239.0,374.0,522.0,774.0,951.0,1101.0,1288.0,1470.0,1473.0,1375.0,1389.0,1297.0,1213.0,1272.0,1205.0,1141.0,1086.0,1121.0,1143.0,1184.0,1182.0,1028.0,1015.0,1288.0,1186.0,1057.0,1219.0,1194.0,1314.0,1089.0,1125.0,960.0,986.0,911.0,927.0,1007.0,1051.0,1219.0,1189.0,1211.0,1265.0,1366.0,1168.0,1302.0,1302.0,1531.0,1463.0,1561.0,1620.0,1595.0,1477.0,1487.0,1541.0,1303.0,1012.0,903.0,856.0,890.0,824.0,554.0,621.0,462.0,377.0,297.0,259.0,194.0,179.0,146.0,135.0,161.0,145.0,178.0
2018/06/07,129.0,105.0,94.0,64.0,46.0,42.0,40.0,35.0,51.0,33.0,38.0,33.0,16.0,16.0,27.0,42.0,18.0,32.0,27.0,36.0,67.0,75.0,125.0,172.0,211.0,393.0,525.0,752.0,1039.0,1147.0,1215.0,1288.0,1462.0,1320.0,1562.0,1503.0,1422.0,1216.0,1184.0,1264.0,1197.0,1110.0,1125.0,1100.0,981.0,1207.0,1055.0,1078.0,1127.0,1075.0,1198.0,1153.0,1103.0,1248.0,1209.0,1022.0,1086.0,814.0,909.0,1021.0,1024.0,992.0,1018.0,1227.0,1265.0,1211.0,1220.0,1190.0,1235.0,1473.0,1534.0,1501.0,1496.0,1514.0,1456.0,1283.0,1324.0,1117.0,1016.0,1068.0,1071.0,831.0,904.0,719.0,554.0,424.0,396.0,316.0,221.0,273.0,235.0,161.0,155.0,212.0,151.0,180.0
2018/06/08,135.0,137.0,95.0,97.0,48.0,57.0,51.0,82.0,56.0,30.0,64.0,36.0,52.0,55.0,27.0,33.0,39.0,45.0,46.0,36.0,38.0,106.0,143.0,192.0,169.0,378.0,532.0,711.0,976.0,1019.0,1250.0,1477.0,1270.0,1326.0,1435.0,1322.0,1319.0,1137.0,1209.0,1147.0,1072.0,1084.0,1128.0,1095.0,1157.0,1061.0,1023.0,1279.0,1084.0,1121.0,1119.0,1050.0,1330.0,1487.0,1560.0,1627.0,1566.0,1387.0,1601.0,1391.0,1499.0,1355.0,1532.0,1471.0,1514.0,1428.0,1332.0,1200.0,1072.0,1138.0,1017.0,1250.0,1220.0,1132.0,1042.0,1040.0,1080.0,1058.0,1149.0,1158.0,1052.0,1107.0,1044.0,960.0,715.0,621.0,498.0,400.0,377.0,307.0,286.0,231.0,237.0,251.0,214.0,219.0
2018/06/09,168.0,206.0,130.0,195.0,201.0,131.0,131.0,127.0,159.0,71.0,90.0,82.0,89.0,67.0,84.0,82.0,118.0,81.0,65.0,52.0,127.0,113.0,105.0,88.0,124.0,120.0,165.0,165.0,263.0,158.0,242.0,339.0,377.0,373.0,477.0,428.0,523.0,581.0,621.0,647.0,882.0,728.0,810.0,904.0,1050.0,975.0,993.0,1124.0,1017.0,1021.0,1157.0,1079.0,1043.0,998.0,991.0,923.0,715.0,595.0,435.0,433.0,432.0,435.0,497.0,422.0,553.0,595.0,548.0,693.0,658.0,725.0,809.0,797.0,811.0,873.0,797.0,893.0,810.0,877.0,1014.0,886.0,881.0,1024.0,970.0,849.0,763.0,599.0,360.0,314.0,297.0,294.0,266.0,232.0,232.0,301.0,267.0,206.0
2018/06/10,234.0,209.0,201.0,217.0,194.0,118.0,149.0,136.0,130.0,126.0,92.0,107.0,78.0,91.0,106.0,79.0,82.0,50.0,69.0,110.0,95.0,75.0,85.0,99.0,113.0,121.0,117.0,142.0,131.0,133.0,77.0,146.0,154.0,199.0,193.0,313.0,484.0,278.0,477.0,433.0,651.0,686.0,651.0,591.0,819.0,817.0,872.0,840.0,955.0,908.0,897.0,1016.0,1019.0,1032.0,931.0,809.0,725.0,555.0,331.0,310.0,415.0,350.0,414.0,397.0,564.0,546.0,643.0,628.0,641.0,688.0,679.0,713.0,779.0,744.0,670.0,817.0,738.0,726.0,767.0,699.0,634.0,784.0,665.0,771.0,584.0,419.0,330.0,322.0,245.0,237.0,150.0,139.0,142.0,106.0,84.0,109.0
2018/06/11,51.0,64.0,31.0,23.0,20.0,17.0,27.0,17.0,8.0,23.0,41.0,15.0,13.0,11.0,26.0,34.0,20.0,29.0,33.0,38.0,44.0,105.0,144.0,156.0,238.0,444.0,488.0,664.0,1006.0,1052.0,1400.0,1493.0,1419.0,1492.0,1370.0,1282.0,1176.0,1094.0,1157.0,1022.0,1233.0,1039.0,977.0,1078.0,1038.0,1087.0,1039.0,1048.0,1177.0,1060.0,1120.0,1057.0,1037.0,996.0,1134.0,1033.0,931.0,907.0,936.0,1055.0,1005.0,1160.0,1200.0,1131.0,1333.0,1216.0,1189.0,1055.0,1261.0,1413.0,1567.0,1427.0,1524.0,1354.0,1247.0,1424.0,1066.0,1136.0,1056.0,1122.0,818.0,767.0,710.0,586.0,426.0,431.0,407.0,232.0,223.0,238.0,227.0,163.0,94.0,102.0,96.0,95.0
2018/06/12,41.0,47.0,51.0,37.0,40.0,12.0,20.0,47.0,26.0,21.0,24.0,40.0,21.0,26.0,7.0,26.0,19.0,17.0,44.0,47.0,49.0,103.0,126.0,118.0,215.0,390.0,588.0,719.0,928.0,1088.0,1283.0,1495.0,1533.0,1431.0,1290.0,1508.0,1339.0,1120.0,1218.0,1240.0,1039.0,1062.0,1024.0,1049.0,1100.0,1156.0,1149.0,1063.0,1093.0,948.0,1147.0,1072.0,1272.0,1153.0,1103.0,1080.0,930.0,821.0,952.0,920.0,968.0,1124.0,1135.0,1280.0,1313.0,1348.0,1103.0,1226.0,1374.0,1306.0,1419.0,1546.0,1559.0,1399.0,1464.0,1385.0,1340.0,1045.0,1040.0,1069.0,958.0,890.0,883.0,731.0,595.0,587.0,432.0,265.0,325.0,266.0,213.0,185.0,173.0,169.0,139.0,111.0
2018/06/13,91.0,83.0,103.0,52.0,36.0,30.0,36.0,31.0,33.0,22.0,27.0,13.0,5.0,21.0,33.0,26.0,36.0,24.0,53.0,41.0,50.0,103.0,119.0,125.0,256.0,358.0,562.0,693.0,947.0,1105.0,1354.0,1563.0,1546.0,1460.0,1429.0,1422.0,1373.0,1283.0,1210.0,1096.0,1200.0,1066.0,1082.0,1127.0,1230.0,1088.0,993.0,1233.0,1209.0,961.0,1132.0,1180.0,1017.0,1098.0,1149.0,1077.0,935.0,793.0,1011.0,1184.0,1228.0,1083.0,1084.0,1032.0,1392.0,1238.0,1061.0,1264.0,1337.0,1410.0,1566.0,1569.0,1481.0,1515.0,1499.0,1313.0,1357.0,1257.0,1263.0,1016.0,1081.0,924.0,800.0,739.0,550.0,434.0,348.0,307.0,256.0,292.0,206.0,188.0,155.0,196.0,123.0,119.0
2018/06/14,129.0,107.0,82.0,49.0,40.0,60.0,41.0,12.0,16.0,33.0,38.0,22.0,18.0,17.0,20.0,26.0,40.0,49.0,33.0,40.0,46.0,116.0,105.0,129.0,212.0,386.0,501.0,646.0,999.0,1179.0,1348.0,1476.0,1598.0,1334.0,1390.0,1280.0,1245.0,1229.0,1172.0,1080.0,1308.0,1241.0,1027.0,1109.0,1068.0,1190.0,1105.0,1123.0,1224.0,1075.0,1068.0,1120.0,1229.0,1261.0,1200.0,1002.0,999.0,904.0,849.0,1041.0,1149.0,1181.0,1278.0,1116.0,1344.0,1154.0,1211.0,1256.0,1379.0,1458.0,1540.0,1523.0,1579.0,1513.0,1588.0,1447.0,1549.0,1438.0,1385.0,1166.0,1057.0,985.0,931.0,731.0,743.0,623.0,431.0,324.0,324.0,271.0,276.0,212.0,336.0,233.0,209.0,211.0
2018/06/15,186.0,134.0,110.0,48.0,146.0,98.0,101.0,113.0,124.0,109.0,60.0,49.0,41.0,68.0,22.0,28.0,42.0,53.0,35.0,44.0,43.0,111.0,142.0,107.0,274.0,417.0,561.0,695.0,874.0,1037.0,1352.0,1591.0,1505.0,1454.0,1440.0,1327.0,1313.0,1247.0,1062.0,1278.0,1178.0,1092.0,1089.0,1116.0,1233.0,1224.0,1261.0,1113.0,1203.0,1083.0,1200.0,1177.0,1178.0,1497.0,1609.0,1612.0,1505.0,1524.0,1621.0,1398.0,1534.0,1454.0,1469.0,1335.0,1478.0,1376.0,1557.0,1343.0,1293.0,1166.0,1157.0,1101.0,1199.0,1024.0,1138.0,1128.0,1083.0,1111.0,756.0,685.0,706.0,722.0,590.0,527.0,518.0,595.0,527.0,490.0,302.0,295.0,348.0,320.0,241.0,240.0,260.0,245.0
2018/06/16,229.0,237.0,236.0,206.0,219.0,144.0,152.0,133.0,159.0,129.0,103.0,103.0,114.0,84.0,96.0,64.0,72.0,71.0,77.0,61.0,109.0,115.0,100.0,105.0,141.0,93.0,85.0,154.0,131.0,202.0,196.0,281.0,306.0,331.0,488.0,537.0,608.0,532.0,716.0,671.0,923.0,860.0,843.0,839.0,912.0,814.0,765.0,834.0,915.0,969.0,1007.0,839.0,1108.0,905.0,1007.0,880.0,777.0,511.0,460.0,422.0,420.0,452.0,465.0,458.0,419.0,503.0,660.0,602.0,597.0,709.0,635.0,632.0,646.0,919.0,752.0,669.0,783.0,752.0,910.0,759.0,797.0,857.0,932.0,739.0,721.0,608.0,512.0,385.0,296.0,245.0,264.0,211.0,243.0,305.0,260.0,226.0
2018/06/17,163.0,226.0,226.0,229.0,134.0,167.0,158.0,159.0,118.0,96.0,113.0,85.0,91.0,104.0,113.0,84.0,73.0,49.0,53.0,86.0,73.0,100.0,83.0,47.0,134.0,90.0,120.0,123.0,117.0,144.0,132.0,130.0,47.0,68.0,90.0,232.0,374.0,327.0,397.0,577.0,645.0,650.0,697.0,750.0,733.0,640.0,888.0,939.0,855.0,761.0,748.0,837.0,966.0,867.0,917.0,801.0,665.0,487.0,413.0,370.0,367.0,370.0,463.0,549.0,501.0,622.0,649.0,676.0,831.0,679.0,591.0,702.0,680.0,872.0,738.0,712.0,841.0,823.0,887.0,814.0,774.0,835.0,681.0,692.0,644.0,488.0,408.0,316.0,289.0,201.0,210.0,168.0,151.0,161.0,163.0,111.0
2018/06/18,112.0,85.0,66.0,52.0,44.0,32.0,43.0,40.0,21.0,22.0,27.0,22.0,12.0,9.0,20.0,34.0,30.0,19.0,18.0,31.0,42.0,115.0,125.0,146.0,289.0,341.0,589.0,677.0,1017.0,1069.0,1310.0,1420.0,1452.0,1472.0,1317.0,1365.0,1191.0,1086.0,1238.0,1104.0,1037.0,1096.0,1102.0,1162.0,1127.0,1206.0,1169.0,1152.0,1082.0,915.0,1164.0,1090.0,1210.0,1105.0,1107.0,1094.0,1045.0,937.0,966.0,1202.0,1257.0,1201.0,1153.0,1228.0,1199.0,1307.0,1177.0,1142.0,1353.0,1490.0,1397.0,1449.0,1501.0,1334.0,1395.0,1160.0,1278.0,954.0,1070.0,958.0,859.0,755.0,771.0,583.0,515.0,447.0,420.0,308.0,231.0,187.0,198.0,138.0,137.0,169.0,150.0,130.0
2018/06/19,90.0,105.0,69.0,50.0,39.0,37.0,41.0,38.0,27.0,26.0,28.0,26.0,39.0,16.0,22.0,21.0,36.0,29.0,43.0,40.0,72.0,100.0,121.0,209.0,213.0,351.0,584.0,783.0,1007.0,1104.0,1444.0,1370.0,1460.0,1461.0,1473.0,1455.0,1464.0,1100.0,1139.0,1165.0,1203.0,1091.0,1105.0,1145.0,1149.0,1026.0,1195.0,1030.0,1195.0,1071.0,1185.0,1125.0,1380.0,1361.0,1366.0,1143.0,1233.0,1102.0,1106.0,1197.0,1274.0,1107.0,1148.0,1242.0,1308.0,1260.0,1152.0,1143.0,1363.0,1254.0,1376.0,1297.0,1523.0,1321.0,1375.0,1290.0,1342.0,1081.0,994.0,898.0,865.0,737.0,776.0,697.0,559.0,592.0,390.0,291.0,301.0,231.0,207.0,230.0,237.0,189.0,147.0,163.0
2018/06/20,105.0,124.0,80.0,85.0,54.0,43.0,47.0,49.0,22.0,34.0,61.0,27.0,34.0,15.0,35.0,28.0,47.0,28.0,26.0,58.0,85.0,119.0,142.0,162.0,244.0,388.0,579.0,717.0,1041.0,1124.0,1269.0,1344.0,1500.0,1353.0,1348.0,1371.0,1295.0,1400.0,1181.0,1272.0,1142.0,1054.0,1067.0,1118.0,1184.0,1058.0,1147.0,1207.0,1203.0,1054.0,964.0,1079.0,1366.0,1308.0,1079.0,1004.0,1178.0,1005.0,1006.0,1156.0,1320.0,1062.0,1197.0,1139.0,1200.0,1261.0,1139.0,1209.0,1349.0,1349.0,1461.0,1406.0,1470.0,1596.0,1494.0,1567.0,1500.0,1281.0,967.0,785.0,786.0,727.0,627.0,415.0,391.0,485.0,506.0,373.0,309.0,290.0,337.0,232.0,199.0,157.0,204.0,159.0
2018/06/21,135.0,108.0,125.0,93.0,81.0,58.0,52.0,64.0,33.0,44.0,33.0,25.0,35.0,20.0,16.0,29.0,50.0,15.0,42.0,45.0,40.0,101.0,144.0,175.0,197.0,381.0,524.0,746.0,996.0,1064.0,1381.0,1373.0,1386.0,1531.0,1477.0,1452.0,1373.0,1152.0,1132.0,1126.0,1153.0,1149.0,1123.0,1226.0,1074.0,1256.0,1272.0,1146.0,1142.0,1136.0,1130.0,1047.0,1312.0,1145.0,1186.0,1244.0,1077.0,1025.0,1265.0,1072.0,1369.0,1225.0,1295.0,1099.0,1391.0,1328.0,1207.0,1078.0,1382.0,1365.0,1283.0,1497.0,1464.0,1352.0,1450.0,1252.0,1408.0,1202.0,1047.0,977.0,1107.0,1008.0,924.0,811.0,604.0,626.0,376.0,433.0,306.0,355.0,295.0,229.0,212.0,242.0,184.0,189.0
2018/06/22,146.0,133.0,111.0,68.0,87.0,59.0,72.0,66.0,80.0,48.0,62.0,54.0,39.0,16.0,49.0,49.0,59.0,33.0,37.0,31.0,46.0,137.0,124.0,185.0,300.0,368.0,525.0,800.0,1078.0,950.0,1248.0,1424.0,1366.0,1345.0,1419.0,1275.0,1211.0,1111.0,1151.0,1021.0,1172.0,1104.0,1065.0,1106.0,1259.0,1041.0,1253.0,1094.0,1169.0,1263.0,1334.0,1243.0,1292.0,1368.0,1559.0,1610.0,1149.0,1628.0,1369.0,1566.0,1455.0,1486.0,1094.0,1140.0,1358.0,1242.0,991.0,1041.0,1062.0,1137.0,1101.0,1098.0,1126.0,1153.0,980.0,1063.0,962.0,976.0,846.0,1107.0,1077.0,947.0,1031.0,1061.0,973.0,668.0,596.0,362.0,386.0,372.0,403.0,338.0,240.0,231.0,235.0,270.0
2018/06/23,251.0,233.0,249.0,165.0,190.0,194.0,247.0,161.0,146.0,129.0,122.0,70.0,77.0,56.0,74.0,71.0,113.0,102.0,62.0,73.0,64.0,84.0,119.0,122.0,85.0,122.0,117.0,135.0,231.0,225.0,220.0,293.0,303.0,362.0,469.0,410.0,651.0,594.0,569.0,757.0,824.0,797.0,791.0,770.0,909.0,959.0,841.0,931.0,998.0,960.0,994.0,842.0,814.0,919.0,744.0,724.0,552.0,564.0,428.0,354.0,372.0,385.0,473.0,456.0,494.0,486.0,529.0,502.0,590.0,629.0,645.0,637.0,777.0,727.0,813.0,856.0,848.0,832.0,817.0,749.0,872.0,875.0,921.0,791.0,700.0,677.0,475.0,375.0,358.0,278.0,218.0,280.0,410.0,258.0,244.0,243.0
2018/06/24,230.0,285.0,233.0,148.0,180.0,187.0,127.0,174.0,159.0,159.0,137.0,118.0,156.0,105.0,93.0,78.0,64.0,75.0,68.0,81.0,75.0,89.0,95.0,107.0,64.0,110.0,100.0,126.0,120.0,133.0,83.0,113.0,203.0,187.0,221.0,344.0,365.0,420.0,587.0,576.0,693.0,640.0,669.0,755.0,737.0,643.0,743.0,851.0,791.0,893.0,766.0,803.0,843.0,961.0,813.0,726.0,600.0,435.0,379.0,356.0,343.0,373.0,315.0,429.0,394.0,461.0,452.0,437.0,603.0,567.0,548.0,561.0,620.0,634.0,749.0,876.0,732.0,955.0,794.0,792.0,820.0,765.0,704.0,779.0,663.0,616.0,420.0,360.0,330.0,354.0,262.0,157.0,293.0,243.0,124.0,153.0
2018/06/25,144.0,109.0,121.0,30.0,31.0,60.0,35.0,24.0,29.0,15.0,31.0,18.0,30.0,17.0,33.0,18.0,13.0,20.0,28.0,37.0,33.0,90.0,125.0,176.0,261.0,402.0,562.0,708.0,980.0,1101.0,1117.0,1260.0,1297.0,1271.0,1247.0,1192.0,1203.0,1048.0,985.0,1167.0,1094.0,1025.0,972.0,1100.0,1113.0,1024.0,1112.0,1132.0,1071.0,1043.0,1013.0,1000.0,1054.0,1088.0,1071.0,1048.0,943.0,991.0,1103.0,1201.0,1133.0,969.0,1049.0,1114.0,985.0,1025.0,1034.0,1089.0,1109.0,1315.0,1350.0,1424.0,1343.0,1562.0,1572.0,1318.0,1499.0,1239.0,851.0,629.0,687.0,635.0,537.0,372.0,313.0,398.0,477.0,327.0,344.0,266.0,278.0,190.0,179.0,175.0,137.0,153.0
2018/06/26,137.0,75.0,106.0,43.0,33.0,30.0,49.0,58.0,26.0,27.0,31.0,41.0,53.0,16.0,16.0,44.0,42.0,16.0,36.0,24.0,77.0,149.0,131.0,175.0,226.0,393.0,574.0,703.0,989.0,1110.0,1211.0,1202.0,1318.0,1268.0,1345.0,1395.0,1219.0,1215.0,1131.0,1154.0,1142.0,1160.0,1069.0,1155.0,1234.0,1096.0,919.0,1147.0,1172.0,1081.0,1107.0,1138.0,1225.0,1219.0,1142.0,1004.0,1089.0,955.0,947.0,1234.0,1308.0,1080.0,984.0,1082.0,1120.0,1122.0,987.0,1216.0,1213.0,1355.0,1358.0,1487.0,1336.0,1210.0,1134.0,1326.0,1366.0,1405.0,1000.0,918.0,926.0,834.0,838.0,782.0,487.0,533.0,413.0,417.0,328.0,287.0,249.0,195.0,173.0,151.0,195.0,172.0
2018/06/27,155.0,106.0,120.0,77.0,54.0,65.0,39.0,37.0,20.0,30.0,27.0,24.0,9.0,29.0,18.0,36.0,27.0,38.0,38.0,45.0,41.0,96.0,160.0,149.0,300.0,312.0,534.0,767.0,1017.0,1041.0,1258.0,1226.0,1274.0,1383.0,1432.0,1512.0,1313.0,1155.0,1137.0,1072.0,1129.0,1116.0,1014.0,1079.0,1238.0,1209.0,1067.0,1141.0,1203.0,1038.0,1119.0,1036.0,1207.0,1168.0,1081.0,1005.0,1029.0,947.0,1013.0,1243.0,1176.0,971.0,1084.0,998.0,1214.0,1124.0,949.0,1247.0,1308.0,1112.0,1388.0,1435.0,1459.0,1394.0,1460.0,1353.0,1250.0,1290.0,1146.0,1083.0,1007.0,875.0,852.0,699.0,606.0,507.0,474.0,313.0,230.0,266.0,261.0,282.0,187.0,226.0,187.0,188.0
2018/06/28,161.0,144.0,98.0,81.0,83.0,45.0,67.0,77.0,45.0,30.0,43.0,33.0,38.0,22.0,44.0,51.0,20.0,11.0,58.0,47.0,53.0,100.0,170.0,137.0,209.0,393.0,492.0,707.0,965.0,1025.0,1153.0,1226.0,1352.0,1306.0,1268.0,1360.0,1332.0,1130.0,1166.0,1093.0,1049.0,1159.0,1029.0,1162.0,1278.0,1266.0,1078.0,1071.0,1166.0,1076.0,1088.0,1120.0,1249.0,1127.0,1153.0,1153.0,1175.0,1071.0,1187.0,1181.0,1235.0,1078.0,1058.0,911.0,1052.0,947.0,1073.0,1223.0,1145.0,1351.0,1283.0,1600.0,1502.0,1419.0,1316.0,1472.0,1393.0,1246.0,1190.0,1223.0,1242.0,1069.0,934.0,771.0,669.0,573.0,479.0,419.0,370.0,257.0,313.0,213.0,279.0,227.0,288.0,218.0
2018/06/29,207.0,212.0,129.0,112.0,94.0,62.0,61.0,103.0,49.0,41.0,41.0,57.0,43.0,37.0,38.0,45.0,30.0,30.0,51.0,41.0,64.0,108.0,191.0,131.0,254.0,362.0,559.0,690.0,930.0,949.0,1102.0,1106.0,1269.0,1277.0,1233.0,1291.0,1143.0,1075.0,1063.0,1044.0,1081.0,1156.0,1089.0,1199.0,1097.0,1182.0,1173.0,1182.0,1023.0,1097.0,1171.0,1163.0,1343.0,1531.0,1549.0,1560.0,1597.0,1559.0,1577.0,1549.0,1398.0,1238.0,1053.0,903.0,1046.0,983.0,960.0,961.0,1117.0,862.0,963.0,1068.0,993.0,1206.0,1043.0,935.0,963.0,988.0,1022.0,1127.0,1146.0,1033.0,964.0,978.0,748.0,775.0,553.0,307.0,328.0,301.0,264.0,269.0,347.0,297.0,260.0,316.0
2018/06/30,313.0,313.0,259.0,211.0,224.0,247.0,143.0,154.0,130.0,129.0,112.0,101.0,134.0,83.0,65.0,77.0,110.0,114.0,115.0,77.0,85.0,114.0,109.0,122.0,110.0,104.0,131.0,109.0,162.0,204.0,248.0,201.0,243.0,382.0,422.0,395.0,485.0,570.0,732.0,656.0,781.0,838.0,756.0,652.0,825.0,923.0,996.0,967.0,883.0,951.0,888.0,886.0,1017.0,1033.0,879.0,682.0,634.0,594.0,503.0,416.0,391.0,462.0,386.0,333.0,364.0,385.0,346.0,397.0,483.0,659.0,701.0,769.0,739.0,678.0,699.0,631.0,724.0,762.0,779.0,684.0,727.0,806.0,659.0,651.0,643.0,554.0,506.0,328.0,278.0,252.0,283.0,207.0,308.0,263.0,253.0,225.0
2018/07/01,254.0,246.0,204.0,133.0,157.0,141.0,127.0,174.0,104.0,145.0,110.0,55.0,99.0,81.0,73.0,69.0,101.0,88.0,48.0,91.0,111.0,132.0,122.0,126.0,92.0,114.0,64.0,141.0,135.0,106.0,119.0,189.0,195.0,207.0,267.0,326.0,367.0,393.0,508.0,470.0,563.0,530.0,705.0,759.0,711.0,664.0,664.0,837.0,845.0,787.0,836.0,875.0,979.0,928.0,948.0,692.0,556.0,513.0,548.0,566.0,434.0,375.0,281.0,307.0,348.0,336.0,227.0,300.0,253.0,319.0,313.0,309.0,532.0,1019.0,1043.0,890.0,934.0,924.0,793.0,799.0,830.0,742.0,723.0,670.0,562.0,539.0,320.0,374.0,318.0,266.0,265.0,268.0,268.0,197.0,159.0,127.0
2018/07/02,117.0,105.0,54.0,70.0,33.0,42.0,35.0,21.0,27.0,7.0,13.0,20.0,5.0,13.0,12.0,9.0,19.0,33.0,29.0,38.0,41.0,127.0,142.0,142.0,174.0,375.0,553.0,712.0,888.0,1031.0,1108.0,1189.0,1252.0,1184.0,1247.0,1227.0,1129.0,1106.0,1180.0,1045.0,1016.0,944.0,1129.0,955.0,996.0,1031.0,993.0,1083.0,1172.0,871.0,1070.0,913.0,1080.0,1005.0,1031.0,975.0,1010.0,1052.0,1231.0,1255.0,1442.0,1335.0,1127.0,1168.0,908.0,970.0,978.0,1014.0,1284.0,1197.0,1212.0,1344.0,1231.0,1219.0,1223.0,1163.0,1162.0,1113.0,1031.0,909.0,1025.0,919.0,769.0,764.0,633.0,531.0,454.0,348.0,199.0,190.0,177.0,191.0,179.0,103.0,109.0,78.0
2018/07/03,55.0,67.0,58.0,38.0,29.0,27.0,37.0,14.0,18.0,30.0,40.0,6.0,8.0,13.0,23.0,20.0,21.0,19.0,40.0,30.0,47.0,146.0,110.0,159.0,209.0,344.0,584.0,738.0,1003.0,1042.0,1161.0,1251.0,1213.0,1321.0,1238.0,1353.0,1127.0,1138.0,1099.0,990.0,1066.0,1066.0,1077.0,1104.0,1186.0,1048.0,1063.0,1035.0,1085.0,962.0,982.0,1056.0,1198.0,1041.0,1059.0,1129.0,1042.0,1025.0,1237.0,1348.0,1422.0,1357.0,1015.0,1180.0,1142.0,933.0,993.0,1099.0,1114.0,1193.0,1151.0,1356.0,1458.0,1381.0,1173.0,1332.0,1156.0,1056.0,993.0,922.0,957.0,925.0,819.0,711.0,514.0,535.0,325.0,150.0,178.0,218.0,209.0,191.0,141.0,108.0,123.0,131.0
2018/07/04,111.0,90.0,78.0,34.0,40.0,25.0,22.0,33.0,15.0,24.0,31.0,12.0,31.0,31.0,18.0,19.0,16.0,20.0,22.0,35.0,16.0,106.0,136.0,145.0,198.0,358.0,489.0,731.0,1009.0,929.0,1169.0,1121.0,1336.0,1340.0,1324.0,1207.0,1120.0,1097.0,1084.0,912.0,1011.0,1050.0,1031.0,1183.0,1153.0,1090.0,1104.0,967.0,1027.0,1093.0,1049.0,1007.0,1058.0,1084.0,1089.0,1072.0,1034.0,1135.0,1249.0,1431.0,1403.0,1174.0,1062.0,1018.0,1014.0,933.0,1091.0,1045.0,1072.0,1251.0,1241.0,1428.0,1307.0,1425.0,1202.0,1130.0,1165.0,956.0,983.0,1104.0,959.0,941.0,819.0,644.0,589.0,515.0,342.0,242.0,152.0,223.0,193.0,175.0,169.0,170.0,132.0,150.0
2018/07/05,117.0,115.0,90.0,51.0,32.0,37.0,36.0,23.0,20.0,27.0,31.0,35.0,26.0,21.0,19.0,43.0,36.0,35.0,31.0,35.0,27.0,105.0,115.0,138.0,216.0,312.0,535.0,746.0,1048.0,937.0,1140.0,1234.0,1272.0,1317.0,1177.0,1163.0,1196.0,1078.0,1255.0,1041.0,1082.0,1070.0,962.0,1044.0,1173.0,1092.0,1057.0,1000.0,1036.0,1027.0,972.0,1101.0,986.0,1101.0,1116.0,1152.0,1118.0,1073.0,1251.0,1339.0,1366.0,1457.0,1192.0,1059.0,1081.0,970.0,1006.0,1170.0,1265.0,1197.0,1106.0,1520.0,1250.0,1209.0,1182.0,1094.0,1085.0,1065.0,1106.0,1002.0,1052.0,997.0,970.0,871.0,669.0,543.0,419.0,356.0,342.0,280.0,318.0,265.0,245.0,181.0,227.0,225.0
2018/07/06,202.0,179.0,124.0,131.0,63.0,112.0,57.0,90.0,83.0,48.0,82.0,28.0,34.0,49.0,54.0,59.0,44.0,33.0,58.0,36.0,58.0,106.0,169.0,180.0,239.0,279.0,477.0,691.0,946.0,933.0,1067.0,1232.0,1331.0,1454.0,1277.0,1232.0,1198.0,971.0,1003.0,949.0,1141.0,902.0,1047.0,1113.0,1046.0,1072.0,1017.0,1133.0,978.0,1006.0,960.0,1043.0,1237.0,1216.0,1450.0,1477.0,1608.0,1426.0,1216.0,1497.0,1341.0,1342.0,1084.0,880.0,785.0,829.0,798.0,720.0,817.0,777.0,846.0,843.0,833.0,885.0,805.0,846.0,861.0,756.0,807.0,812.0,908.0,798.0,772.0,741.0,665.0,562.0,492.0,388.0,283.0,298.0,268.0,226.0,216.0,209.0,166.0,189.0
2018/07/07,259.0,182.0,177.0,171.0,185.0,129.0,128.0,122.0,145.0,117.0,183.0,132.0,70.0,89.0,103.0,73.0,75.0,89.0,77.0,95.0,105.0,119.0,121.0,120.0,86.0,78.0,141.0,161.0,144.0,165.0,199.0,200.0,225.0,276.0,276.0,465.0,475.0,461.0,529.0,608.0,602.0,668.0,722.0,756.0,778.0,825.0,733.0,862.0,782.0,735.0,842.0,808.0,826.0,777.0,642.0,593.0,543.0,424.0,382.0,333.0,309.0,329.0,329.0,356.0,313.0,380.0,329.0,502.0,411.0,491.0,532.0,521.0,567.0,559.0,607.0,697.0,625.0,592.0,767.0,653.0,627.0,645.0,635.0,607.0,532.0,507.0,429.0,402.0,284.0,284.0,278.0,231.0,224.0,189.0,171.0,193.0
2018/07/08,185.0,182.0,191.0,215.0,165.0,216.0,158.0,139.0,144.0,105.0,92.0,128.0,63.0,88.0,107.0,108.0,63.0,75.0,78.0,79.0,68.0,110.0,85.0,110.0,89.0,100.0,98.0,114.0,74.0,118.0,105.0,111.0,141.0,208.0,179.0,253.0,403.0,270.0,391.0,403.0,478.0,502.0,519.0,575.0,599.0,633.0,577.0,788.0,667.0,674.0,642.0,647.0,879.0,734.0,704.0,663.0,545.0,396.0,317.0,286.0,357.0,338.0,330.0,329.0,366.0,342.0,446.0,367.0,511.0,530.0,618.0,623.0,582.0,683.0,634.0,730.0,772.0,782.0,799.0,807.0,714.0,836.0,657.0,680.0,583.0,543.0,397.0,317.0,281.0,298.0,203.0,226.0,214.0,157.0,156.0,84.0
2018/07/09,145.0,80.0,39.0,44.0,29.0,51.0,58.0,56.0,14.0,21.0,52.0,22.0,29.0,6.0,10.0,33.0,20.0,15.0,29.0,29.0,55.0,130.0,115.0,178.0,224.0,344.0,472.0,640.0,949.0,1015.0,1086.0,1106.0,1189.0,1174.0,1315.0,1162.0,1275.0,1119.0,964.0,888.0,1021.0,987.0,943.0,1044.0,1079.0,1028.0,961.0,1083.0,867.0,886.0,1023.0,934.0,1024.0,1014.0,1063.0,1081.0,1071.0,989.0,1188.0,1359.0,1296.0,1102.0,971.0,1038.0,977.0,918.0,819.0,992.0,1108.0,1122.0,1140.0,1275.0,1236.0,1142.0,1089.0,989.0,1115.0,1171.0,904.0,925.0,869.0,791.0,801.0,770.0,684.0,513.0,386.0,300.0,210.0,230.0,229.0,201.0,238.0,154.0,204.0,94.0
2018/07/10,146.0,74.0,73.0,75.0,33.0,51.0,32.0,33.0,27.0,43.0,42.0,23.0,20.0,16.0,7.0,27.0,27.0,12.0,38.0,33.0,69.0,85.0,118.0,128.0,239.0,381.0,452.0,585.0,1054.0,1002.0,1101.0,1274.0,1400.0,1417.0,1339.0,1376.0,1219.0,1173.0,1393.0,977.0,1274.0,1079.0,1113.0,1039.0,1061.0,1018.0,1001.0,1039.0,985.0,1094.0,1236.0,1013.0,967.0,1108.0,1122.0,1049.0,987.0,982.0,1134.0,1479.0,1235.0,1063.0,1024.0,971.0,814.0,1033.0,1105.0,1091.0,1005.0,1141.0,1204.0,1194.0,1142.0,1216.0,1219.0,1205.0,1197.0,1025.0,809.0,914.0,730.0,782.0,645.0,562.0,517.0,490.0,409.0,339.0,231.0,214.0,243.0,199.0,174.0,155.0,177.0,149.0
2018/07/11,119.0,117.0,128.0,44.0,71.0,49.0,24.0,39.0,21.0,27.0,20.0,5.0,27.0,23.0,12.0,35.0,19.0,40.0,34.0,36.0,50.0,83.0,123.0,130.0,220.0,339.0,491.0,738.0,865.0,1030.0,1166.0,1282.0,1287.0,1368.0,1419.0,1153.0,1217.0,1018.0,1015.0,977.0,1021.0,1038.0,1040.0,1130.0,1099.0,1161.0,957.0,1022.0,1051.0,961.0,1038.0,1011.0,1095.0,1202.0,1075.0,1035.0,1047.0,1119.0,1201.0,1367.0,1302.0,1237.0,1022.0,859.0,470.0,80.0,884.0,1154.0,1012.0,1074.0,1112.0,1303.0,1148.0,1068.0,1186.0,1231.0,936.0,1169.0,1063.0,812.0,893.0,832.0,642.0,607.0,433.0,436.0,321.0,291.0,347.0,272.0,243.0,244.0,180.0,191.0,167.0,197.0
2018/07/12,141.0,167.0,121.0,79.0,73.0,60.0,52.0,66.0,51.0,29.0,38.0,23.0,31.0,40.0,17.0,52.0,30.0,17.0,45.0,23.0,44.0,96.0,117.0,178.0,240.0,365.0,523.0,715.0,966.0,1085.0,1235.0,1283.0,1265.0,1333.0,1492.0,1373.0,1211.0,1085.0,1092.0,1006.0,1046.0,975.0,884.0,986.0,1103.0,1111.0,1092.0,1175.0,1039.0,1010.0,894.0,1008.0,925.0,1165.0,1269.0,1111.0,919.0,1051.0,1232.0,1319.0,1398.0,1251.0,1003.0,1044.0,962.0,957.0,1127.0,933.0,1182.0,1207.0,1158.0,1315.0,1351.0,1228.0,1255.0,1251.0,1213.0,987.0,1006.0,1100.0,1098.0,1037.0,961.0,816.0,661.0,536.0,412.0,291.0,267.0,209.0,289.0,199.0,224.0,229.0,188.0,202.0
2018/07/13,194.0,147.0,137.0,121.0,110.0,95.0,77.0,88.0,93.0,92.0,61.0,34.0,46.0,54.0,25.0,48.0,23.0,45.0,73.0,59.0,32.0,127.0,115.0,171.0,183.0,264.0,488.0,680.0,888.0,1000.0,1110.0,1143.0,1311.0,1351.0,1335.0,1108.0,1217.0,985.0,948.0,919.0,999.0,1051.0,1008.0,955.0,1123.0,967.0,1111.0,1008.0,895.0,1074.0,949.0,1049.0,1076.0,1203.0,1315.0,1464.0,1645.0,1604.0,1367.0,1386.0,1464.0,1133.0,816.0,866.0,834.0,730.0,858.0,802.0,817.0,856.0,904.0,849.0,787.0,802.0,843.0,786.0,770.0,772.0,828.0,710.0,835.0,824.0,800.0,646.0,768.0,582.0,397.0,304.0,258.0,252.0,253.0,186.0,189.0,231.0,231.0,213.0
2018/07/14,227.0,229.0,165.0,165.0,165.0,109.0,133.0,91.0,87.0,87.0,102.0,71.0,88.0,89.0,76.0,64.0,78.0,50.0,61.0,106.0,68.0,99.0,143.0,117.0,104.0,80.0,79.0,219.0,124.0,167.0,196.0,252.0,263.0,278.0,302.0,408.0,453.0,428.0,454.0,637.0,535.0,645.0,765.0,644.0,942.0,771.0,741.0,746.0,815.0,818.0,781.0,701.0,751.0,625.0,741.0,634.0,551.0,427.0,388.0,379.0,306.0,406.0,392.0,364.0,349.0,411.0,348.0,497.0,399.0,532.0,564.0,667.0,698.0,737.0,797.0,732.0,801.0,811.0,659.0,715.0,843.0,849.0,881.0,751.0,620.0,521.0,426.0,334.0,287.0,273.0,202.0,203.0,170.0,193.0,199.0,200.0
2018/07/15,214.0,172.0,178.0,144.0,116.0,147.0,134.0,132.0,99.0,109.0,75.0,84.0,59.0,102.0,36.0,71.0,33.0,56.0,86.0,59.0,59.0,102.0,102.0,110.0,68.0,85.0,62.0,105.0,118.0,149.0,123.0,138.0,148.0,134.0,159.0,302.0,336.0,284.0,265.0,350.0,489.0,496.0,553.0,551.0,541.0,618.0,622.0,679.0,810.0,757.0,717.0,759.0,809.0,669.0,751.0,649.0,531.0,360.0,340.0,364.0,351.0,295.0,353.0,442.0,557.0,431.0,316.0,255.0,335.0,367.0,357.0,365.0,416.0,494.0,595.0,643.0,764.0,772.0,727.0,683.0,762.0,712.0,649.0,670.0,579.0,509.0,355.0,348.0,248.0,300.0,283.0,231.0,145.0,191.0,155.0,109.0
2018/07/16,84.0,54.0,41.0,30.0,37.0,33.0,26.0,46.0,31.0,3.0,16.0,19.0,21.0,6.0,27.0,30.0,31.0,8.0,36.0,32.0,44.0,107.0,131.0,161.0,196.0,307.0,482.0,620.0,862.0,879.0,1151.0,1089.0,1183.0,1350.0,1194.0,1261.0,1187.0,956.0,1037.0,939.0,1038.0,1067.0,945.0,996.0,991.0,889.0,960.0,956.0,946.0,851.0,819.0,809.0,978.0,1023.0,1012.0,901.0,826.0,903.0,1175.0,1387.0,1393.0,1161.0,881.0,979.0,955.0,846.0,929.0,889.0,928.0,999.0,1191.0,1010.0,1210.0,1129.0,1238.0,1018.0,1070.0,949.0,971.0,836.0,803.0,921.0,718.0,661.0,543.0,478.0,380.0,316.0,389.0,372.0,365.0,232.0,229.0,200.0,214.0,144.0
2018/07/17,104.0,85.0,57.0,45.0,87.0,79.0,56.0,51.0,49.0,55.0,42.0,32.0,26.0,25.0,12.0,29.0,33.0,32.0,38.0,46.0,34.0,108.0,142.0,143.0,217.0,346.0,525.0,652.0,911.0,985.0,1168.0,1201.0,1217.0,1364.0,1342.0,1094.0,1129.0,1065.0,1002.0,930.0,918.0,974.0,934.0,1016.0,1194.0,945.0,1022.0,1058.0,911.0,834.0,970.0,978.0,945.0,1099.0,1111.0,938.0,913.0,875.0,1239.0,1339.0,1298.0,1074.0,899.0,874.0,910.0,949.0,963.0,942.0,1085.0,1037.0,943.0,1259.0,1089.0,1065.0,1099.0,1096.0,1059.0,919.0,909.0,843.0,953.0,934.0,765.0,755.0,540.0,454.0,496.0,436.0,311.0,353.0,337.0,265.0,273.0,205.0,194.0,118.0
2018/07/18,159.0,104.0,80.0,48.0,44.0,54.0,33.0,30.0,47.0,24.0,40.0,23.0,12.0,21.0,19.0,24.0,36.0,35.0,39.0,98.0,39.0,109.0,113.0,130.0,176.0,308.0,501.0,635.0,960.0,908.0,1087.0,1215.0,1337.0,1361.0,1207.0,1093.0,1092.0,922.0,991.0,935.0,1069.0,1016.0,1058.0,1075.0,1085.0,1108.0,859.0,964.0,985.0,920.0,1007.0,1092.0,1040.0,1038.0,824.0,1049.0,939.0,987.0,1105.0,1380.0,1180.0,975.0,1005.0,843.0,1043.0,852.0,1016.0,993.0,950.0,1035.0,1141.0,1151.0,1269.0,1324.0,1191.0,1035.0,1200.0,1074.0,931.0,993.0,976.0,881.0,890.0,715.0,612.0,499.0,487.0,304.0,265.0,260.0,260.0,213.0,225.0,237.0,258.0,184.0
2018/07/19,165.0,155.0,132.0,79.0,109.0,92.0,32.0,70.0,67.0,40.0,18.0,25.0,24.0,15.0,24.0,39.0,30.0,29.0,34.0,49.0,35.0,115.0,116.0,129.0,173.0,278.0,493.0,669.0,895.0,1030.0,1086.0,1190.0,1188.0,1209.0,1228.0,1053.0,1142.0,1125.0,1038.0,901.0,939.0,1044.0,965.0,981.0,1038.0,1025.0,916.0,992.0,981.0,899.0,951.0,928.0,895.0,1060.0,1068.0,933.0,982.0,921.0,1115.0,1262.0,1265.0,913.0,854.0,935.0,1020.0,836.0,981.0,1018.0,948.0,1179.0,1103.0,1197.0,1268.0,1064.0,1046.0,1234.0,1073.0,925.0,945.0,1045.0,986.0,917.0,1036.0,697.0,643.0,427.0,410.0,352.0,281.0,339.0,281.0,264.0,273.0,278.0,245.0,209.0
2018/07/20,229.0,171.0,107.0,124.0,86.0,106.0,60.0,71.0,58.0,58.0,63.0,80.0,31.0,19.0,34.0,45.0,28.0,32.0,50.0,61.0,49.0,108.0,115.0,136.0,223.0,316.0,448.0,620.0,949.0,965.0,1165.0,1159.0,1324.0,1386.0,1161.0,969.0,1085.0,968.0,1036.0,875.0,945.0,1029.0,1017.0,1180.0,1031.0,943.0,925.0,1063.0,767.0,931.0,734.0,953.0,1126.0,1142.0,1376.0,1508.0,1463.0,1371.0,1236.0,1589.0,1209.0,980.0,873.0,970.0,841.0,661.0,752.0,735.0,818.0,829.0,834.0,868.0,759.0,809.0,796.0,769.0,654.0,678.0,831.0,767.0,795.0,820.0,727.0,888.0,555.0,459.0,338.0,284.0,266.0,197.0,176.0,183.0,198.0,278.0,244.0,220.0
2018/07/21,219.0,149.0,115.0,115.0,113.0,110.0,121.0,135.0,126.0,118.0,114.0,72.0,88.0,67.0,64.0,37.0,74.0,49.0,37.0,83.0,71.0,104.0,125.0,91.0,100.0,113.0,116.0,161.0,138.0,131.0,202.0,185.0,243.0,280.0,296.0,335.0,412.0,428.0,461.0,463.0,554.0,484.0,667.0,814.0,708.0,688.0,680.0,653.0,645.0,540.0,727.0,710.0,694.0,680.0,556.0,498.0,460.0,442.0,410.0,306.0,402.0,267.0,272.0,327.0,366.0,343.0,380.0,372.0,449.0,415.0,459.0,553.0,517.0,534.0,508.0,553.0,566.0,574.0,660.0,588.0,745.0,662.0,671.0,562.0,598.0,480.0,373.0,204.0,271.0,175.0,212.0,202.0,156.0,171.0,176.0,193.0
2018/07/22,132.0,137.0,184.0,108.0,147.0,106.0,93.0,122.0,133.0,84.0,75.0,61.0,70.0,58.0,82.0,72.0,59.0,41.0,38.0,90.0,75.0,68.0,63.0,73.0,67.0,96.0,102.0,110.0,90.0,87.0,95.0,98.0,192.0,172.0,169.0,233.0,267.0,288.0,283.0,412.0,384.0,502.0,493.0,540.0,637.0,579.0,530.0,601.0,619.0,515.0,603.0,657.0,818.0,769.0,626.0,615.0,460.0,393.0,367.0,314.0,308.0,237.0,335.0,304.0,318.0,296.0,385.0,324.0,442.0,451.0,522.0,483.0,540.0,595.0,583.0,657.0,679.0,700.0,706.0,654.0,685.0,695.0,679.0,639.0,562.0,525.0,403.0,336.0,335.0,280.0,262.0,209.0,200.0,139.0,168.0,120.0
2018/07/23,79.0,81.0,41.0,42.0,40.0,30.0,15.0,29.0,32.0,11.0,27.0,29.0,6.0,24.0,26.0,34.0,28.0,12.0,23.0,32.0,52.0,104.0,120.0,176.0,208.0,305.0,482.0,589.0,874.0,803.0,1066.0,1165.0,1144.0,1189.0,1145.0,976.0,1012.0,928.0,852.0,847.0,930.0,952.0,928.0,796.0,921.0,921.0,909.0,948.0,832.0,831.0,824.0,754.0,880.0,880.0,904.0,937.0,889.0,825.0,1110.0,1149.0,1050.0,881.0,804.0,874.0,847.0,814.0,898.0,859.0,949.0,895.0,986.0,1136.0,1108.0,1079.0,980.0,998.0,991.0,855.0,825.0,833.0,870.0,951.0,734.0,644.0,550.0,503.0,413.0,291.0,214.0,255.0,231.0,206.0,174.0,170.0,143.0,105.0
2018/07/24,133.0,91.0,27.0,35.0,21.0,33.0,40.0,41.0,40.0,43.0,24.0,21.0,24.0,7.0,7.0,23.0,13.0,33.0,27.0,43.0,51.0,142.0,125.0,161.0,210.0,284.0,535.0,634.0,920.0,908.0,1057.0,1124.0,1191.0,1249.0,1112.0,1052.0,1005.0,1046.0,1011.0,978.0,1047.0,943.0,990.0,999.0,956.0,997.0,882.0,1012.0,934.0,922.0,885.0,904.0,854.0,1054.0,947.0,916.0,928.0,827.0,1093.0,1233.0,1229.0,860.0,761.0,837.0,861.0,782.0,923.0,915.0,983.0,976.0,1029.0,1222.0,1081.0,1028.0,909.0,965.0,1066.0,864.0,847.0,908.0,886.0,943.0,876.0,639.0,498.0,445.0,333.0,259.0,288.0,195.0,161.0,182.0,157.0,169.0,111.0,138.0
2018/07/25,71.0,83.0,84.0,88.0,72.0,71.0,41.0,88.0,28.0,34.0,46.0,16.0,9.0,33.0,33.0,19.0,32.0,42.0,30.0,47.0,50.0,102.0,140.0,111.0,244.0,306.0,463.0,591.0,874.0,974.0,1056.0,1115.0,1199.0,1337.0,1199.0,1053.0,1077.0,973.0,950.0,1019.0,1040.0,1040.0,932.0,934.0,1117.0,973.0,948.0,873.0,942.0,883.0,883.0,1069.0,966.0,983.0,1012.0,949.0,768.0,1003.0,1085.0,1203.0,1116.0,927.0,820.0,880.0,895.0,780.0,803.0,1096.0,1064.0,992.0,1083.0,1082.0,1014.0,1032.0,1181.0,1018.0,988.0,953.0,1001.0,837.0,997.0,782.0,739.0,711.0,547.0,489.0,389.0,305.0,290.0,271.0,230.0,243.0,231.0,181.0,175.0,184.0
2018/07/26,149.0,92.0,170.0,86.0,90.0,68.0,60.0,38.0,67.0,34.0,43.0,23.0,19.0,19.0,5.0,34.0,15.0,28.0,17.0,36.0,55.0,101.0,111.0,113.0,222.0,283.0,500.0,635.0,850.0,925.0,1112.0,1112.0,1101.0,1141.0,1180.0,1091.0,1033.0,993.0,878.0,1029.0,1085.0,973.0,947.0,1055.0,979.0,953.0,916.0,880.0,997.0,843.0,937.0,847.0,1033.0,977.0,941.0,924.0,919.0,1090.0,1123.0,1332.0,1154.0,973.0,926.0,867.0,891.0,967.0,986.0,897.0,955.0,1078.0,1146.0,1176.0,1009.0,1019.0,940.0,1067.0,1013.0,969.0,861.0,916.0,934.0,937.0,718.0,753.0,594.0,544.0,325.0,270.0,325.0,282.0,218.0,191.0,181.0,235.0,227.0,199.0
2018/07/27,161.0,147.0,115.0,75.0,74.0,76.0,69.0,83.0,68.0,23.0,61.0,33.0,21.0,47.0,30.0,39.0,26.0,53.0,34.0,43.0,66.0,100.0,131.0,178.0,276.0,289.0,480.0,622.0,875.0,887.0,1143.0,1090.0,1093.0,1201.0,1098.0,1130.0,1007.0,1001.0,843.0,1002.0,980.0,857.0,1010.0,982.0,1047.0,976.0,919.0,951.0,918.0,834.0,834.0,922.0,808.0,1033.0,1158.0,1286.0,1406.0,1446.0,1228.0,1368.0,1130.0,917.0,721.0,718.0,799.0,665.0,728.0,680.0,802.0,667.0,743.0,709.0,587.0,716.0,683.0,793.0,768.0,719.0,748.0,650.0,821.0,721.0,707.0,619.0,505.0,393.0,314.0,275.0,208.0,320.0,185.0,145.0,178.0,215.0,184.0,169.0
2018/07/28,192.0,144.0,115.0,111.0,52.0,81.0,91.0,52.0,64.0,53.0,61.0,36.0,56.0,30.0,33.0,36.0,43.0,28.0,42.0,35.0,50.0,78.0,63.0,91.0,68.0,69.0,63.0,107.0,105.0,152.0,158.0,150.0,131.0,222.0,271.0,321.0,361.0,419.0,383.0,423.0,407.0,534.0,531.0,507.0,601.0,597.0,612.0,660.0,612.0,714.0,621.0,600.0,611.0,599.0,532.0,463.0,417.0,358.0,226.0,273.0,261.0,251.0,241.0,245.0,225.0,226.0,283.0,346.0,351.0,358.0,471.0,402.0,407.0,477.0,461.0,522.0,531.0,543.0,584.0,560.0,623.0,545.0,583.0,612.0,499.0,403.0,368.0,272.0,172.0,146.0,146.0,134.0,180.0,203.0,182.0,120.0
2018/07/29,144.0,88.0,119.0,97.0,83.0,55.0,49.0,83.0,56.0,48.0,26.0,42.0,55.0,31.0,28.0,51.0,18.0,33.0,22.0,29.0,22.0,60.0,60.0,56.0,57.0,66.0,60.0,89.0,101.0,70.0,107.0,75.0,114.0,122.0,140.0,191.0,211.0,276.0,250.0,334.0,358.0,397.0,397.0,418.0,488.0,547.0,507.0,522.0,617.0,508.0,479.0,520.0,579.0,661.0,602.0,519.0,479.0,375.0,179.0,282.0,232.0,214.0,209.0,267.0,279.0,263.0,409.0,352.0,423.0,399.0,387.0,428.0,520.0,539.0,477.0,448.0,607.0,481.0,630.0,623.0,663.0,523.0,540.0,598.0,443.0,395.0,306.0,291.0,275.0,222.0,245.0,176.0,185.0,204.0,105.0,62.0
2018/07/30,50.0,81.0,59.0,64.0,15.0,42.0,14.0,30.0,7.0,20.0,9.0,10.0,26.0,5.0,7.0,16.0,7.0,13.0,35.0,26.0,43.0,79.0,99.0,139.0,161.0,277.0,371.0,543.0,707.0,719.0,727.0,916.0,917.0,1016.0,1035.0,798.0,751.0,787.0,758.0,688.0,739.0,989.0,951.0,945.0,917.0,906.0,910.0,856.0,787.0,684.0,831.0,780.0,693.0,766.0,863.0,908.0,903.0,810.0,1050.0,1100.0,1151.0,855.0,678.0,744.0,779.0,724.0,754.0,799.0,999.0,959.0,931.0,992.0,1147.0,948.0,853.0,895.0,871.0,871.0,935.0,732.0,722.0,715.0,715.0,588.0,453.0,449.0,343.0,247.0,213.0,236.0,130.0,240.0,172.0,124.0,114.0,138.0
2018/07/31,73.0,47.0,56.0,56.0,24.0,20.0,20.0,46.0,42.0,16.0,43.0,23.0,14.0,7.0,16.0,28.0,7.0,25.0,26.0,36.0,27.0,85.0,105.0,107.0,193.0,208.0,454.0,618.0,833.0,849.0,942.0,1126.0,1065.0,891.0,873.0,958.0,849.0,858.0,826.0,890.0,910.0,880.0,845.0,935.0,850.0,837.0,874.0,969.0,856.0,901.0,792.0,769.0,847.0,931.0,893.0,891.0,756.0,849.0,1149.0,1261.0,1057.0,725.0,776.0,768.0,742.0,735.0,730.0,798.0,795.0,913.0,941.0,1038.0,878.0,977.0,919.0,884.0,916.0,837.0,779.0,736.0,829.0,688.0,684.0,644.0,446.0,541.0,393.0,296.0,204.0,204.0,131.0,175.0,115.0,180.0,130.0,101.0
2018/08/01,81.0,75.0,40.0,26.0,15.0,28.0,33.0,35.0,8.0,16.0,21.0,30.0,37.0,16.0,11.0,25.0,21.0,24.0,32.0,35.0,25.0,66.0,134.0,115.0,167.0,258.0,468.0,611.0,716.0,803.0,937.0,886.0,882.0,826.0,758.0,779.0,704.0,771.0,719.0,755.0,844.0,677.0,758.0,805.0,666.0,847.0,780.0,984.0,699.0,755.0,773.0,696.0,774.0,794.0,815.0,906.0,759.0,797.0,1039.0,1225.0,1238.0,865.0,572.0,639.0,692.0,576.0,689.0,621.0,796.0,853.0,765.0,790.0,764.0,790.0,842.0,768.0,708.0,759.0,717.0,721.0,707.0,676.0,641.0,528.0,464.0,455.0,317.0,269.0,224.0,149.0,224.0,151.0,171.0,170.0,114.0,105.0
2018/08/02,95.0,87.0,72.0,50.0,39.0,44.0,54.0,51.0,11.0,33.0,4.0,17.0,23.0,10.0,29.0,22.0,14.0,39.0,28.0,33.0,38.0,77.0,116.0,113.0,196.0,240.0,349.0,548.0,572.0,723.0,789.0,799.0,920.0,775.0,722.0,859.0,672.0,677.0,683.0,699.0,680.0,767.0,726.0,783.0,705.0,645.0,696.0,793.0,742.0,751.0,683.0,666.0,737.0,701.0,763.0,726.0,814.0,873.0,1064.0,1040.0,976.0,602.0,544.0,599.0,587.0,661.0,581.0,673.0,797.0,637.0,719.0,693.0,727.0,785.0,799.0,767.0,681.0,697.0,672.0,560.0,686.0,668.0,667.0,564.0,429.0,410.0,241.0,251.0,180.0,185.0,152.0,151.0,143.0,157.0,143.0,168.0
2018/08/03,95.0,76.0,62.0,100.0,57.0,50.0,48.0,44.0,41.0,17.0,61.0,25.0,28.0,25.0,30.0,35.0,31.0,27.0,43.0,37.0,32.0,110.0,114.0,137.0,175.0,257.0,321.0,545.0,647.0,609.0,676.0,798.0,749.0,701.0,697.0,756.0,623.0,667.0,678.0,726.0,748.0,734.0,810.0,729.0,812.0,714.0,693.0,865.0,757.0,791.0,697.0,708.0,768.0,764.0,999.0,1285.0,1104.0,1167.0,983.0,981.0,656.0,522.0,507.0,553.0,408.0,355.0,490.0,519.0,595.0,437.0,433.0,600.0,487.0,505.0,480.0,543.0,545.0,453.0,491.0,434.0,536.0,537.0,536.0,449.0,473.0,402.0,266.0,219.0,160.0,150.0,144.0,149.0,113.0,68.0,121.0,96.0
2018/08/04,147.0,101.0,106.0,39.0,67.0,59.0,48.0,77.0,54.0,53.0,36.0,49.0,34.0,40.0,24.0,36.0,71.0,41.0,38.0,30.0,38.0,82.0,81.0,75.0,78.0,103.0,78.0,113.0,166.0,115.0,124.0,150.0,159.0,240.0,217.0,200.0,325.0,367.0,346.0,346.0,421.0,399.0,444.0,562.0,443.0,458.0,588.0,458.0,515.0,514.0,454.0,541.0,544.0,399.0,406.0,440.0,302.0,395.0,278.0,299.0,254.0,275.0,195.0,239.0,210.0,230.0,292.0,214.0,323.0,364.0,317.0,307.0,378.0,317.0,358.0,381.0,465.0,447.0,341.0,471.0,468.0,494.0,584.0,389.0,356.0,363.0,330.0,253.0,176.0,215.0,132.0,134.0,132.0,166.0,136.0,122.0
2018/08/05,106.0,72.0,76.0,92.0,69.0,42.0,52.0,76.0,72.0,66.0,71.0,63.0,43.0,28.0,47.0,20.0,50.0,46.0,38.0,25.0,37.0,75.0,60.0,91.0,47.0,64.0,80.0,96.0,105.0,82.0,68.0,85.0,97.0,92.0,117.0,181.0,204.0,240.0,236.0,261.0,317.0,384.0,348.0,375.0,395.0,405.0,339.0,457.0,538.0,520.0,445.0,542.0,530.0,460.0,429.0,395.0,339.0,259.0,296.0,174.0,224.0,160.0,255.0,236.0,223.0,195.0,245.0,213.0,316.0,343.0,270.0,354.0,338.0,389.0,415.0,389.0,380.0,529.0,480.0,413.0,467.0,504.0,449.0,504.0,441.0,422.0,292.0,234.0,138.0,226.0,189.0,195.0,141.0,141.0,92.0,83.0
2018/08/06,65.0,46.0,23.0,68.0,44.0,26.0,19.0,9.0,45.0,6.0,29.0,9.0,12.0,8.0,20.0,17.0,12.0,38.0,32.0,14.0,46.0,114.0,75.0,122.0,134.0,223.0,271.0,456.0,602.0,474.0,543.0,575.0,562.0,503.0,632.0,550.0,599.0,516.0,604.0,572.0,648.0,615.0,637.0,649.0,687.0,630.0,531.0,609.0,703.0,671.0,662.0,623.0,561.0,592.0,642.0,631.0,620.0,675.0,794.0,845.0,812.0,636.0,475.0,401.0,448.0,440.0,486.0,582.0,544.0,591.0,700.0,621.0,517.0,583.0,528.0,606.0,520.0,542.0,524.0,544.0,521.0,502.0,478.0,385.0,388.0,310.0,299.0,189.0,164.0,128.0,103.0,126.0,103.0,89.0,72.0,86.0
2018/08/07,97.0,48.0,43.0,36.0,29.0,20.0,14.0,24.0,18.0,5.0,23.0,20.0,14.0,9.0,18.0,17.0,5.0,27.0,26.0,24.0,35.0,83.0,95.0,113.0,140.0,251.0,290.0,454.0,510.0,508.0,521.0,509.0,708.0,679.0,660.0,517.0,674.0,555.0,533.0,571.0,546.0,549.0,632.0,649.0,722.0,658.0,602.0,599.0,566.0,613.0,539.0,581.0,602.0,576.0,559.0,583.0,544.0,715.0,783.0,912.0,537.0,475.0,445.0,498.0,471.0,509.0,595.0,519.0,487.0,537.0,634.0,599.0,525.0,665.0,466.0,550.0,630.0,563.0,576.0,493.0,602.0,490.0,461.0,411.0,400.0,293.0,332.0,214.0,213.0,169.0,111.0,125.0,120.0,157.0,89.0,77.0
2018/08/08,59.0,37.0,50.0,43.0,21.0,51.0,42.0,57.0,12.0,13.0,10.0,9.0,15.0,17.0,19.0,21.0,25.0,5.0,28.0,18.0,48.0,99.0,75.0,119.0,125.0,260.0,278.0,417.0,486.0,448.0,609.0,580.0,669.0,563.0,554.0,471.0,491.0,612.0,544.0,601.0,639.0,597.0,657.0,661.0,581.0,538.0,633.0,557.0,524.0,603.0,657.0,589.0,533.0,502.0,594.0,562.0,654.0,655.0,799.0,745.0,568.0,496.0,464.0,410.0,492.0,422.0,496.0,547.0,545.0,529.0,567.0,571.0,591.0,502.0,588.0,468.0,597.0,652.0,537.0,436.0,591.0,537.0,374.0,496.0,420.0,338.0,206.0,235.0,179.0,134.0,128.0,118.0,165.0,106.0,114.0,87.0
2018/08/09,67.0,46.0,80.0,36.0,32.0,25.0,7.0,29.0,18.0,14.0,41.0,12.0,7.0,18.0,11.0,29.0,22.0,20.0,22.0,17.0,44.0,94.0,99.0,140.0,168.0,202.0,270.0,450.0,506.0,577.0,478.0,519.0,585.0,684.0,605.0,487.0,650.0,525.0,603.0,501.0,486.0,595.0,654.0,531.0,629.0,582.0,569.0,604.0,654.0,563.0,583.0,585.0,594.0,611.0,620.0,595.0,623.0,554.0,790.0,840.0,538.0,440.0,467.0,418.0,488.0,447.0,502.0,438.0,566.0,486.0,595.0,717.0,516.0,591.0,629.0,566.0,555.0,483.0,499.0,640.0,469.0,480.0,379.0,472.0,343.0,285.0,247.0,201.0,123.0,115.0,179.0,114.0,115.0,132.0,111.0,130.0
2018/08/10,107.0,52.0,54.0,59.0,29.0,58.0,28.0,35.0,24.0,33.0,7.0,32.0,22.0,28.0,22.0,39.0,16.0,48.0,17.0,23.0,21.0,74.0,80.0,100.0,190.0,192.0,282.0,380.0,476.0,387.0,469.0,489.0,657.0,570.0,528.0,505.0,460.0,510.0,501.0,568.0,693.0,610.0,489.0,525.0,603.0,576.0,595.0,697.0,615.0,587.0,503.0,616.0,540.0,607.0,781.0,668.0,659.0,740.0,770.0,811.0,472.0,412.0,361.0,447.0,438.0,379.0,468.0,367.0,432.0,428.0,555.0,475.0,453.0,483.0,446.0,437.0,413.0,511.0,449.0,460.0,448.0,482.0,440.0,395.0,370.0,312.0,231.0,156.0,161.0,178.0,106.0,118.0,127.0,112.0,121.0,101.0
2018/08/11,72.0,53.0,56.0,64.0,57.0,42.0,40.0,57.0,37.0,40.0,33.0,35.0,20.0,22.0,58.0,42.0,30.0,39.0,26.0,28.0,52.0,109.0,64.0,89.0,85.0,70.0,77.0,130.0,104.0,119.0,127.0,116.0,163.0,177.0,247.0,190.0,293.0,225.0,303.0,338.0,426.0,404.0,387.0,430.0,460.0,481.0,489.0,417.0,491.0,421.0,472.0,451.0,413.0,453.0,396.0,437.0,322.0,233.0,270.0,206.0,252.0,243.0,206.0,290.0,236.0,236.0,229.0,242.0,253.0,319.0,330.0,428.0,339.0,395.0,577.0,530.0,547.0,473.0,491.0,578.0,426.0,432.0,381.0,363.0,286.0,236.0,233.0,132.0,106.0,139.0,129.0,132.0,102.0,108.0,150.0,105.0
2018/08/12,121.0,72.0,66.0,64.0,53.0,50.0,66.0,49.0,60.0,50.0,34.0,22.0,24.0,23.0,47.0,54.0,18.0,41.0,27.0,46.0,46.0,68.0,53.0,89.0,64.0,71.0,67.0,95.0,68.0,95.0,101.0,84.0,124.0,163.0,122.0,156.0,202.0,202.0,230.0,339.0,283.0,388.0,381.0,362.0,383.0,422.0,357.0,407.0,389.0,420.0,477.0,426.0,436.0,382.0,441.0,367.0,262.0,238.0,218.0,252.0,170.0,203.0,235.0,206.0,190.0,194.0,220.0,258.0,251.0,304.0,333.0,354.0,366.0,388.0,422.0,407.0,375.0,378.0,425.0,413.0,444.0,444.0,448.0,446.0,334.0,232.0,288.0,242.0,158.0,170.0,116.0,150.0,147.0,86.0,89.0,69.0
2018/08/13,34.0,53.0,25.0,23.0,25.0,25.0,20.0,43.0,5.0,20.0,10.0,19.0,20.0,5.0,40.0,20.0,23.0,30.0,19.0,19.0,50.0,92.0,106.0,86.0,158.0,157.0,247.0,383.0,453.0,414.0,361.0,486.0,511.0,491.0,598.0,454.0,486.0,468.0,547.0,546.0,569.0,561.0,621.0,623.0,547.0,559.0,569.0,516.0,633.0,622.0,641.0,480.0,550.0,502.0,490.0,488.0,513.0,576.0,611.0,512.0,460.0,433.0,422.0,353.0,382.0,356.0,555.0,469.0,555.0,500.0,547.0,483.0,508.0,522.0,454.0,483.0,513.0,502.0,493.0,541.0,478.0,385.0,387.0,332.0,368.0,381.0,191.0,148.0,147.0,147.0,122.0,110.0,103.0,74.0,93.0,61.0
2018/08/14,40.0,44.0,52.0,33.0,15.0,25.0,22.0,29.0,16.0,5.0,7.0,11.0,17.0,36.0,25.0,27.0,11.0,28.0,25.0,27.0,43.0,96.0,89.0,91.0,130.0,188.0,240.0,346.0,457.0,369.0,491.0,415.0,459.0,436.0,453.0,493.0,443.0,508.0,597.0,533.0,571.0,498.0,572.0,645.0,596.0,652.0,626.0,702.0,627.0,586.0,619.0,484.0,560.0,543.0,522.0,537.0,630.0,669.0,636.0,438.0,501.0,397.0,382.0,393.0,500.0,297.0,410.0,408.0,498.0,572.0,551.0,423.0,498.0,463.0,448.0,531.0,507.0,485.0,455.0,515.0,500.0,391.0,367.0,311.0,286.0,291.0,253.0,152.0,158.0,133.0,86.0,80.0,120.0,88.0,79.0,58.0
2018/08/15,66.0,56.0,21.0,46.0,14.0,22.0,52.0,59.0,41.0,41.0,47.0,35.0,24.0,16.0,40.0,38.0,25.0,27.0,43.0,46.0,42.0,57.0,53.0,104.0,86.0,102.0,81.0,143.0,114.0,92.0,110.0,162.0,185.0,149.0,164.0,159.0,234.0,213.0,275.0,319.0,282.0,285.0,407.0,508.0,385.0,429.0,413.0,378.0,449.0,480.0,471.0,384.0,472.0,452.0,383.0,366.0,241.0,246.0,202.0,218.0,168.0,167.0,233.0,215.0,195.0,225.0,272.0,268.0,285.0,306.0,299.0,375.0,396.0,341.0,392.0,332.0,411.0,377.0,383.0,421.0,389.0,391.0,355.0,320.0,231.0,228.0,190.0,139.0,135.0,114.0,120.0,120.0,154.0,134.0,86.0,56.0
2018/08/16,29.0,44.0,44.0,43.0,31.0,27.0,26.0,33.0,22.0,21.0,16.0,17.0,5.0,12.0,22.0,31.0,12.0,36.0,5.0,45.0,21.0,67.0,87.0,104.0,151.0,137.0,169.0,406.0,435.0,354.0,402.0,363.0,443.0,475.0,434.0,499.0,405.0,532.0,471.0,579.0,574.0,519.0,594.0,609.0,522.0,524.0,709.0,506.0,518.0,594.0,635.0,637.0,545.0,557.0,451.0,579.0,545.0,481.0,680.0,500.0,490.0,401.0,381.0,369.0,383.0,416.0,471.0,510.0,541.0,454.0,522.0,586.0,519.0,524.0,486.0,483.0,499.0,554.0,478.0,449.0,380.0,470.0,394.0,379.0,335.0,262.0,171.0,148.0,128.0,164.0,124.0,95.0,82.0,124.0,84.0,93.0
2018/08/17,82.0,63.0,41.0,26.0,35.0,47.0,33.0,12.0,25.0,24.0,6.0,21.0,24.0,14.0,21.0,20.0,7.0,19.0,16.0,30.0,35.0,91.0,83.0,110.0,146.0,179.0,207.0,362.0,409.0,402.0,388.0,417.0,483.0,431.0,398.0,406.0,409.0,424.0,551.0,508.0,528.0,508.0,579.0,547.0,531.0,541.0,667.0,581.0,494.0,551.0,585.0,541.0,594.0,513.0,618.0,486.0,573.0,541.0,633.0,482.0,416.0,390.0,438.0,277.0,350.0,328.0,349.0,439.0,360.0,427.0,430.0,363.0,361.0,308.0,459.0,455.0,422.0,413.0,469.0,398.0,441.0,344.0,411.0,362.0,340.0,278.0,265.0,187.0,118.0,177.0,134.0,102.0,106.0,91.0,105.0,88.0
2018/08/18,79.0,67.0,59.0,44.0,36.0,33.0,42.0,30.0,18.0,35.0,8.0,10.0,12.0,24.0,26.0,44.0,14.0,38.0,28.0,34.0,25.0,60.0,63.0,83.0,64.0,74.0,82.0,78.0,90.0,143.0,98.0,131.0,121.0,166.0,146.0,236.0,179.0,207.0,328.0,283.0,319.0,268.0,377.0,409.0,503.0,465.0,463.0,449.0,476.0,464.0,564.0,486.0,429.0,389.0,382.0,329.0,313.0,259.0,234.0,250.0,209.0,142.0,208.0,187.0,238.0,195.0,279.0,249.0,269.0,311.0,298.0,348.0,313.0,318.0,431.0,375.0,318.0,459.0,381.0,341.0,380.0,377.0,396.0,296.0,365.0,275.0,206.0,173.0,169.0,130.0,113.0,116.0,165.0,93.0,99.0,127.0
2018/08/19,42.0,87.0,63.0,62.0,55.0,52.0,20.0,47.0,31.0,46.0,39.0,22.0,29.0,13.0,55.0,23.0,29.0,25.0,39.0,46.0,29.0,40.0,50.0,66.0,65.0,83.0,57.0,107.0,55.0,82.0,80.0,77.0,95.0,114.0,124.0,184.0,201.0,151.0,207.0,252.0,256.0,224.0,287.0,340.0,361.0,398.0,403.0,449.0,490.0,507.0,487.0,447.0,523.0,478.0,429.0,334.0,320.0,287.0,170.0,221.0,204.0,208.0,190.0,294.0,226.0,289.0,295.0,266.0,287.0,322.0,324.0,374.0,338.0,358.0,401.0,522.0,547.0,528.0,482.0,571.0,582.0,565.0,583.0,532.0,425.0,266.0,220.0,260.0,160.0,211.0,159.0,98.0,150.0,152.0,118.0,103.0
2018/08/20,91.0,47.0,22.0,25.0,53.0,36.0,11.0,15.0,12.0,5.0,17.0,14.0,2.0,9.0,14.0,22.0,14.0,14.0,22.0,24.0,33.0,60.0,90.0,86.0,145.0,137.0,257.0,406.0,531.0,505.0,508.0,588.0,593.0,462.0,537.0,423.0,550.0,552.0,420.0,543.0,582.0,599.0,581.0,638.0,639.0,643.0,654.0,657.0,611.0,534.0,552.0,551.0,622.0,465.0,585.0,537.0,619.0,602.0,781.0,713.0,563.0,487.0,528.0,542.0,451.0,348.0,570.0,455.0,597.0,625.0,575.0,507.0,514.0,633.0,588.0,601.0,559.0,565.0,495.0,561.0,486.0,411.0,459.0,379.0,350.0,309.0,235.0,203.0,129.0,121.0,110.0,88.0,86.0,113.0,88.0,62.0
2018/08/21,85.0,41.0,32.0,21.0,14.0,24.0,42.0,41.0,13.0,5.0,8.0,12.0,7.0,13.0,25.0,26.0,14.0,5.0,23.0,18.0,66.0,77.0,108.0,122.0,143.0,130.0,303.0,395.0,508.0,472.0,537.0,534.0,612.0,569.0,548.0,486.0,418.0,537.0,527.0,640.0,525.0,514.0,472.0,430.0,389.0,347.0,497.0,586.0,560.0,537.0,545.0,487.0,509.0,550.0,539.0,527.0,625.0,754.0,688.0,716.0,516.0,457.0,469.0,447.0,486.0,463.0,541.0,485.0,497.0,521.0,714.0,608.0,588.0,603.0,565.0,569.0,592.0,673.0,580.0,516.0,475.0,517.0,519.0,458.0,371.0,249.0,275.0,175.0,171.0,193.0,96.0,91.0,169.0,86.0,98.0,70.0
2018/08/22,57.0,47.0,48.0,30.0,40.0,36.0,34.0,27.0,12.0,21.0,20.0,30.0,16.0,9.0,11.0,18.0,9.0,19.0,20.0,20.0,19.0,80.0,76.0,85.0,154.0,169.0,263.0,396.0,529.0,425.0,509.0,541.0,608.0,589.0,553.0,544.0,476.0,495.0,423.0,527.0,578.0,629.0,517.0,611.0,585.0,533.0,616.0,592.0,544.0,557.0,660.0,525.0,678.0,585.0,552.0,589.0,596.0,605.0,735.0,664.0,599.0,506.0,454.0,530.0,428.0,458.0,461.0,518.0,591.0,583.0,557.0,663.0,577.0,560.0,628.0,593.0,608.0,566.0,513.0,553.0,578.0,485.0,403.0,413.0,287.0,285.0,217.0,202.0,175.0,151.0,140.0,121.0,118.0,72.0,97.0,98.0
2018/08/23,89.0,60.0,52.0,26.0,41.0,18.0,27.0,28.0,21.0,11.0,27.0,15.0,5.0,7.0,13.0,7.0,31.0,19.0,25.0,20.0,54.0,87.0,113.0,115.0,106.0,164.0,240.0,359.0,536.0,471.0,511.0,509.0,614.0,552.0,595.0,479.0,413.0,416.0,520.0,541.0,594.0,643.0,656.0,705.0,593.0,589.0,578.0,582.0,524.0,622.0,586.0,615.0,547.0,623.0,582.0,493.0,573.0,600.0,757.0,755.0,525.0,472.0,414.0,491.0,466.0,435.0,388.0,574.0,589.0,655.0,649.0,596.0,630.0,650.0,649.0,574.0,613.0,499.0,532.0,519.0,476.0,552.0,401.0,399.0,329.0,277.0,239.0,228.0,167.0,99.0,121.0,94.0,158.0,107.0,155.0,99.0
2018/08/24,104.0,52.0,42.0,62.0,36.0,43.0,31.0,40.0,31.0,41.0,15.0,34.0,19.0,7.0,20.0,29.0,15.0,21.0,29.0,25.0,25.0,75.0,89.0,126.0,130.0,147.0,248.0,421.0,510.0,443.0,607.0,540.0,521.0,491.0,601.0,491.0,511.0,457.0,523.0,582.0,525.0,511.0,586.0,728.0,656.0,596.0,588.0,575.0,658.0,622.0,620.0,627.0,617.0,594.0,742.0,788.0,764.0,738.0,885.0,939.0,597.0,548.0,420.0,403.0,452.0,354.0,430.0,431.0,454.0,472.0,485.0,431.0,386.0,394.0,488.0,452.0,523.0,526.0,506.0,482.0,513.0,476.0,525.0,500.0,451.0,339.0,286.0,157.0,142.0,134.0,182.0,118.0,157.0,144.0,131.0,87.0
2018/08/25,96.0,118.0,53.0,66.0,45.0,49.0,44.0,62.0,39.0,25.0,20.0,44.0,32.0,25.0,40.0,39.0,35.0,49.0,28.0,39.0,52.0,88.0,65.0,85.0,63.0,73.0,150.0,131.0,97.0,120.0,134.0,126.0,169.0,181.0,217.0,205.0,291.0,242.0,252.0,327.0,396.0,394.0,409.0,514.0,464.0,469.0,527.0,502.0,559.0,477.0,523.0,555.0,446.0,503.0,476.0,443.0,356.0,323.0,262.0,168.0,263.0,227.0,177.0,214.0,276.0,255.0,297.0,291.0,366.0,361.0,366.0,439.0,403.0,347.0,359.0,495.0,468.0,447.0,440.0,479.0,472.0,482.0,463.0,486.0,473.0,277.0,311.0,177.0,149.0,169.0,180.0,124.0,138.0,133.0,88.0,93.0
2018/08/26,126.0,67.0,64.0,61.0,72.0,64.0,40.0,57.0,62.0,50.0,55.0,28.0,35.0,56.0,75.0,46.0,31.0,48.0,64.0,28.0,37.0,75.0,93.0,50.0,97.0,57.0,66.0,98.0,90.0,103.0,86.0,101.0,126.0,150.0,152.0,206.0,195.0,215.0,286.0,292.0,368.0,375.0,374.0,457.0,392.0,492.0,556.0,500.0,490.0,509.0,569.0,595.0,725.0,482.0,487.0,373.0,365.0,307.0,219.0,263.0,238.0,233.0,237.0,286.0,269.0,236.0,339.0,333.0,372.0,398.0,448.0,425.0,463.0,462.0,463.0,516.0,561.0,592.0,530.0,574.0,566.0,576.0,494.0,470.0,337.0,357.0,309.0,239.0,181.0,190.0,268.0,130.0,172.0,135.0,117.0,74.0
2018/08/27,70.0,48.0,27.0,61.0,42.0,48.0,23.0,28.0,16.0,24.0,9.0,11.0,7.0,12.0,21.0,14.0,32.0,20.0,16.0,27.0,32.0,82.0,81.0,74.0,151.0,231.0,290.0,482.0,617.0,645.0,768.0,912.0,879.0,735.0,643.0,623.0,708.0,663.0,644.0,681.0,722.0,633.0,744.0,854.0,863.0,740.0,751.0,706.0,801.0,691.0,715.0,679.0,569.0,769.0,731.0,687.0,683.0,769.0,906.0,1091.0,880.0,596.0,534.0,683.0,718.0,600.0,643.0,638.0,637.0,727.0,830.0,832.0,805.0,889.0,797.0,652.0,716.0,587.0,773.0,629.0,620.0,569.0,546.0,484.0,449.0,352.0,233.0,219.0,195.0,149.0,131.0,104.0,98.0,69.0,115.0,70.0
2018/08/28,57.0,48.0,40.0,33.0,38.0,26.0,20.0,34.0,18.0,21.0,24.0,22.0,19.0,29.0,17.0,16.0,21.0,33.0,20.0,49.0,22.0,69.0,118.0,117.0,185.0,216.0,331.0,467.0,730.0,749.0,884.0,782.0,842.0,913.0,776.0,721.0,664.0,605.0,660.0,730.0,623.0,726.0,774.0,805.0,821.0,726.0,774.0,808.0,651.0,714.0,664.0,723.0,688.0,669.0,817.0,657.0,752.0,836.0,990.0,1012.0,1093.0,694.0,693.0,527.0,714.0,632.0,663.0,727.0,718.0,797.0,782.0,944.0,920.0,762.0,800.0,751.0,799.0,783.0,672.0,708.0,651.0,585.0,627.0,508.0,379.0,363.0,249.0,213.0,194.0,172.0,166.0,110.0,111.0,129.0,105.0,114.0
2018/08/29,92.0,51.0,81.0,56.0,33.0,26.0,36.0,30.0,16.0,28.0,9.0,19.0,17.0,8.0,16.0,42.0,21.0,37.0,36.0,19.0,48.0,89.0,110.0,93.0,169.0,223.0,321.0,556.0,832.0,802.0,696.0,811.0,978.0,732.0,888.0,750.0,755.0,716.0,758.0,786.0,667.0,735.0,675.0,569.0,814.0,860.0,799.0,792.0,726.0,698.0,669.0,627.0,748.0,755.0,838.0,807.0,715.0,742.0,1021.0,1040.0,868.0,644.0,553.0,669.0,641.0,633.0,721.0,733.0,761.0,719.0,953.0,917.0,851.0,842.0,843.0,697.0,687.0,733.0,834.0,679.0,741.0,697.0,613.0,519.0,346.0,344.0,291.0,219.0,249.0,244.0,161.0,133.0,162.0,144.0,168.0,77.0
2018/08/30,78.0,90.0,79.0,56.0,59.0,57.0,66.0,30.0,21.0,14.0,31.0,17.0,25.0,14.0,14.0,34.0,25.0,27.0,11.0,36.0,57.0,79.0,89.0,83.0,153.0,223.0,273.0,565.0,705.0,745.0,838.0,818.0,865.0,847.0,717.0,777.0,684.0,777.0,711.0,742.0,847.0,761.0,753.0,877.0,955.0,840.0,825.0,726.0,829.0,789.0,762.0,816.0,792.0,828.0,798.0,822.0,807.0,851.0,1044.0,1181.0,1223.0,919.0,907.0,755.0,729.0,602.0,750.0,679.0,754.0,682.0,851.0,801.0,792.0,872.0,818.0,750.0,780.0,926.0,869.0,863.0,715.0,798.0,666.0,501.0,487.0,358.0,307.0,259.0,222.0,216.0,177.0,125.0,149.0,171.0,154.0,108.0
2018/08/31,106.0,87.0,76.0,103.0,29.0,51.0,39.0,19.0,31.0,39.0,21.0,15.0,8.0,21.0,21.0,24.0,23.0,37.0,29.0,24.0,39.0,75.0,115.0,121.0,144.0,261.0,292.0,490.0,765.0,738.0,880.0,768.0,882.0,883.0,772.0,710.0,749.0,722.0,691.0,623.0,809.0,707.0,777.0,806.0,827.0,755.0,904.0,879.0,864.0,817.0,853.0,937.0,921.0,997.0,1158.0,1199.0,1323.0,1174.0,1340.0,1227.0,1259.0,892.0,618.0,541.0,555.0,639.0,599.0,606.0,683.0,706.0,707.0,738.0,626.0,633.0,815.0,783.0,730.0,684.0,679.0,681.0,880.0,605.0,765.0,709.0,586.0,531.0,347.0,306.0,209.0,235.0,203.0,188.0,120.0,176.0,173.0,173.0
2018/09/01,177.0,155.0,107.0,116.0,88.0,103.0,88.0,114.0,80.0,92.0,67.0,73.0,64.0,51.0,79.0,55.0,55.0,70.0,62.0,68.0,49.0,87.0,102.0,116.0,73.0,97.0,131.0,126.0,127.0,103.0,140.0,177.0,174.0,243.0,250.0,391.0,400.0,408.0,453.0,492.0,631.0,627.0,614.0,632.0,774.0,694.0,656.0,749.0,721.0,690.0,739.0,862.0,789.0,701.0,632.0,635.0,373.0,411.0,383.0,327.0,263.0,309.0,320.0,358.0,385.0,391.0,399.0,456.0,540.0,551.0,539.0,627.0,686.0,713.0,729.0,881.0,892.0,940.0,962.0,815.0,766.0,718.0,773.0,581.0,642.0,576.0,329.0,341.0,340.0,375.0,271.0,209.0,176.0,192.0,216.0,154.0
2018/09/02,140.0,132.0,160.0,87.0,133.0,70.0,72.0,147.0,115.0,87.0,61.0,68.0,119.0,57.0,69.0,65.0,65.0,63.0,74.0,84.0,70.0,111.0,95.0,124.0,109.0,74.0,94.0,91.0,133.0,101.0,113.0,99.0,173.0,174.0,172.0,241.0,253.0,340.0,296.0,412.0,491.0,507.0,576.0,499.0,681.0,618.0,755.0,698.0,828.0,938.0,951.0,697.0,856.0,851.0,765.0,648.0,539.0,385.0,353.0,303.0,351.0,361.0,370.0,462.0,403.0,452.0,490.0,514.0,537.0,556.0,609.0,677.0,796.0,636.0,752.0,723.0,826.0,831.0,735.0,692.0,764.0,602.0,701.0,680.0,492.0,434.0,355.0,285.0,229.0,244.0,221.0,154.0,213.0,174.0,126.0,171.0
2018/09/03,91.0,58.0,49.0,53.0,43.0,35.0,28.0,24.0,17.0,11.0,24.0,33.0,5.0,4.0,16.0,21.0,28.0,42.0,33.0,45.0,35.0,125.0,142.0,148.0,201.0,328.0,543.0,688.0,846.0,1026.0,1079.0,1236.0,1225.0,1370.0,1076.0,1113.0,991.0,845.0,922.0,891.0,935.0,911.0,874.0,858.0,963.0,1063.0,975.0,1099.0,965.0,770.0,899.0,972.0,986.0,975.0,952.0,956.0,876.0,885.0,973.0,1081.0,1132.0,946.0,940.0,788.0,938.0,858.0,985.0,1122.0,1125.0,1184.0,1185.0,1388.0,1537.0,1292.0,1267.0,1406.0,1143.0,1205.0,855.0,1053.0,936.0,804.0,756.0,634.0,506.0,467.0,373.0,260.0,238.0,243.0,207.0,153.0,114.0,97.0,115.0,115.0
2018/09/04,58.0,49.0,59.0,29.0,30.0,40.0,24.0,27.0,38.0,7.0,7.0,22.0,9.0,7.0,38.0,37.0,26.0,39.0,22.0,33.0,81.0,102.0,133.0,115.0,230.0,379.0,597.0,668.0,930.0,1025.0,1159.0,1111.0,1406.0,1181.0,1225.0,1169.0,1067.0,1002.0,912.0,1032.0,999.0,919.0,1015.0,951.0,1073.0,1044.0,945.0,968.0,949.0,1036.0,1044.0,962.0,940.0,971.0,818.0,953.0,904.0,953.0,883.0,1044.0,1125.0,1131.0,873.0,1152.0,1073.0,1027.0,813.0,1070.0,1075.0,1202.0,1341.0,1311.0,1344.0,1219.0,1217.0,1429.0,1237.0,1167.0,1087.0,1132.0,876.0,835.0,870.0,579.0,456.0,505.0,376.0,222.0,255.0,321.0,188.0,164.0,201.0,98.0,136.0,133.0
2018/09/05,118.0,79.0,52.0,28.0,33.0,38.0,52.0,54.0,41.0,20.0,35.0,26.0,21.0,35.0,22.0,30.0,32.0,40.0,56.0,35.0,36.0,108.0,106.0,171.0,189.0,350.0,517.0,786.0,940.0,1090.0,1129.0,1110.0,1222.0,1207.0,1264.0,1219.0,1232.0,1103.0,962.0,1031.0,1103.0,1061.0,1213.0,1128.0,1026.0,1101.0,997.0,1119.0,1166.0,1074.0,1124.0,1021.0,842.0,851.0,781.0,959.0,805.0,698.0,914.0,800.0,607.0,734.0,755.0,949.0,835.0,879.0,958.0,1151.0,1096.0,1069.0,1015.0,896.0,1047.0,1083.0,1072.0,1044.0,1001.0,948.0,958.0,824.0,781.0,653.0,600.0,655.0,580.0,563.0,414.0,302.0,265.0,234.0,231.0,290.0,236.0,252.0,201.0,116.0
2018/09/06,126.0,177.0,106.0,67.0,33.0,55.0,61.0,41.0,47.0,26.0,24.0,52.0,30.0,43.0,15.0,45.0,27.0,29.0,37.0,48.0,76.0,129.0,157.0,147.0,235.0,360.0,438.0,649.0,968.0,755.0,796.0,791.0,884.0,784.0,805.0,1067.0,735.0,930.0,791.0,795.0,668.0,793.0,663.0,808.0,726.0,787.0,785.0,811.0,779.0,849.0,749.0,725.0,1098.0,1174.0,1107.0,980.0,1099.0,1135.0,918.0,1027.0,1181.0,990.0,887.0,1125.0,1201.0,1100.0,1057.0,1107.0,1160.0,1273.0,1285.0,1321.0,1410.0,1359.0,1306.0,1315.0,1236.0,1230.0,1170.0,1063.0,1140.0,957.0,819.0,732.0,474.0,486.0,371.0,294.0,267.0,270.0,261.0,208.0,189.0,211.0,153.0,135.0
2018/09/07,164.0,138.0,72.0,116.0,85.0,74.0,93.0,63.0,49.0,58.0,44.0,24.0,39.0,28.0,45.0,40.0,50.0,76.0,28.0,45.0,91.0,146.0,126.0,136.0,223.0,327.0,492.0,643.0,873.0,1044.0,1118.0,1050.0,1269.0,1175.0,1343.0,1361.0,1096.0,1112.0,1001.0,1103.0,1179.0,1144.0,1083.0,1149.0,1253.0,1087.0,1086.0,1046.0,1175.0,1003.0,1016.0,941.0,1006.0,1207.0,1152.0,1529.0,1501.0,1453.0,1460.0,1348.0,1279.0,1311.0,1183.0,1137.0,1084.0,1261.0,977.0,1114.0,1103.0,1083.0,1006.0,1102.0,978.0,1078.0,970.0,945.0,878.0,1054.0,923.0,1064.0,1049.0,1131.0,1016.0,981.0,739.0,644.0,385.0,386.0,302.0,248.0,229.0,202.0,245.0,226.0,228.0,234.0
2018/09/08,181.0,218.0,182.0,172.0,146.0,145.0,117.0,111.0,123.0,81.0,56.0,78.0,73.0,66.0,76.0,95.0,96.0,107.0,104.0,76.0,86.0,117.0,141.0,123.0,99.0,110.0,134.0,116.0,161.0,138.0,251.0,275.0,272.0,296.0,360.0,480.0,461.0,547.0,577.0,582.0,632.0,747.0,823.0,892.0,989.0,905.0,889.0,1064.0,984.0,1035.0,1058.0,1037.0,923.0,937.0,827.0,818.0,682.0,517.0,428.0,378.0,289.0,359.0,407.0,410.0,451.0,492.0,508.0,640.0,581.0,664.0,639.0,702.0,637.0,777.0,767.0,727.0,809.0,788.0,835.0,809.0,816.0,680.0,857.0,644.0,582.0,467.0,441.0,347.0,241.0,266.0,175.0,167.0,164.0,188.0,177.0,178.0
2018/09/09,124.0,159.0,210.0,169.0,135.0,141.0,217.0,186.0,140.0,140.0,133.0,79.0,105.0,98.0,93.0,110.0,67.0,87.0,91.0,93.0,104.0,82.0,78.0,74.0,85.0,100.0,94.0,107.0,113.0,139.0,123.0,88.0,175.0,124.0,134.0,275.0,391.0,293.0,375.0,393.0,469.0,511.0,562.0,639.0,682.0,612.0,756.0,733.0,898.0,856.0,815.0,867.0,1081.0,889.0,850.0,743.0,557.0,429.0,322.0,341.0,333.0,359.0,394.0,362.0,428.0,544.0,567.0,530.0,659.0,662.0,668.0,701.0,670.0,691.0,825.0,912.0,806.0,959.0,828.0,810.0,799.0,761.0,625.0,598.0,515.0,448.0,307.0,286.0,242.0,232.0,180.0,197.0,123.0,117.0,103.0,119.0
2018/09/10,78.0,61.0,56.0,47.0,18.0,15.0,19.0,19.0,29.0,22.0,20.0,12.0,7.0,16.0,17.0,28.0,8.0,40.0,11.0,26.0,59.0,104.0,134.0,169.0,229.0,351.0,461.0,729.0,1000.0,1036.0,1138.0,1213.0,1183.0,1047.0,1355.0,1247.0,1273.0,1111.0,1230.0,993.0,1158.0,1026.0,1057.0,990.0,1003.0,1007.0,949.0,1061.0,1173.0,1113.0,1056.0,1080.0,1326.0,1337.0,1216.0,1154.0,1082.0,1030.0,890.0,1182.0,1202.0,1021.0,1146.0,1169.0,1127.0,1275.0,1414.0,1271.0,1268.0,1201.0,1335.0,1531.0,1376.0,1426.0,1517.0,1399.0,1380.0,1268.0,1336.0,1086.0,1091.0,915.0,775.0,698.0,505.0,416.0,367.0,289.0,188.0,193.0,161.0,143.0,139.0,135.0,95.0,94.0
2018/09/11,90.0,76.0,43.0,41.0,5.0,23.0,40.0,51.0,54.0,14.0,34.0,16.0,12.0,6.0,11.0,27.0,28.0,28.0,17.0,25.0,59.0,100.0,108.0,156.0,272.0,291.0,511.0,619.0,1065.0,1213.0,1330.0,1524.0,1529.0,1200.0,1308.0,1320.0,1212.0,1059.0,1101.0,1042.0,1077.0,1015.0,1033.0,977.0,1083.0,915.0,1183.0,1110.0,1086.0,1023.0,1017.0,1041.0,919.0,1000.0,1149.0,1039.0,962.0,833.0,979.0,1068.0,1195.0,1043.0,988.0,1147.0,1416.0,1323.0,1201.0,1177.0,1277.0,1205.0,1210.0,1388.0,1468.0,1376.0,1195.0,1349.0,1180.0,1093.0,938.0,913.0,963.0,705.0,767.0,686.0,511.0,348.0,315.0,238.0,294.0,189.0,169.0,163.0,133.0,120.0,121.0,129.0
2018/09/12,74.0,90.0,55.0,51.0,64.0,21.0,29.0,35.0,6.0,13.0,35.0,9.0,22.0,13.0,30.0,29.0,40.0,18.0,41.0,60.0,36.0,128.0,130.0,110.0,250.0,329.0,477.0,725.0,984.0,1172.0,1325.0,1529.0,1354.0,1345.0,1257.0,1302.0,1352.0,1091.0,1030.0,1148.0,1078.0,1120.0,984.0,1039.0,1036.0,1114.0,1067.0,1080.0,1028.0,1092.0,1044.0,1197.0,1240.0,1081.0,1167.0,1118.0,1024.0,1008.0,1128.0,1216.0,1224.0,1067.0,1162.0,1109.0,994.0,902.0,1037.0,1134.0,1069.0,1113.0,1203.0,1135.0,1201.0,1086.0,1204.0,1168.0,1198.0,1216.0,1047.0,1039.0,903.0,950.0,781.0,548.0,507.0,392.0,278.0,332.0,208.0,234.0,224.0,201.0,155.0,214.0,145.0,139.0
2018/09/13,123.0,133.0,57.0,39.0,35.0,40.0,47.0,44.0,23.0,23.0,21.0,32.0,1.0,15.0,28.0,20.0,36.0,40.0,24.0,38.0,50.0,121.0,136.0,138.0,260.0,403.0,591.0,693.0,1043.0,1192.0,1368.0,1461.0,1330.0,1192.0,1364.0,1255.0,1247.0,1258.0,1012.0,1075.0,1141.0,989.0,1118.0,1112.0,1218.0,1233.0,1109.0,1213.0,1161.0,1064.0,924.0,927.0,1028.0,1066.0,1068.0,907.0,1037.0,933.0,898.0,1098.0,691.0,549.0,533.0,610.0,515.0,486.0,572.0,508.0,445.0,617.0,295.0,911.0,1135.0,1434.0,1396.0,1327.0,1315.0,1340.0,1200.0,1179.0,1060.0,931.0,851.0,795.0,716.0,503.0,373.0,367.0,308.0,274.0,249.0,229.0,231.0,175.0,227.0,221.0
2018/09/14,161.0,163.0,112.0,68.0,91.0,93.0,110.0,72.0,33.0,65.0,59.0,29.0,21.0,23.0,30.0,44.0,40.0,46.0,57.0,66.0,48.0,136.0,161.0,155.0,255.0,318.0,472.0,645.0,846.0,1074.0,1293.0,1401.0,1224.0,1345.0,788.0,278.0,150.0,398.0,645.0,575.0,685.0,720.0,615.0,651.0,705.0,647.0,656.0,715.0,616.0,673.0,617.0,630.0,713.0,772.0,715.0,821.0,1401.0,1470.0,1256.0,1480.0,1466.0,1379.0,1318.0,1236.0,1156.0,1212.0,1026.0,1082.0,1055.0,1016.0,975.0,1003.0,1052.0,864.0,1023.0,929.0,902.0,975.0,1041.0,813.0,865.0,1019.0,995.0,896.0,861.0,590.0,391.0,317.0,274.0,292.0,260.0,199.0,229.0,212.0,187.0,264.0
2018/09/15,267.0,225.0,212.0,183.0,157.0,114.0,135.0,119.0,116.0,128.0,107.0,69.0,60.0,75.0,90.0,93.0,93.0,61.0,81.0,98.0,86.0,101.0,97.0,129.0,115.0,139.0,120.0,138.0,144.0,147.0,163.0,203.0,240.0,336.0,362.0,406.0,517.0,499.0,641.0,747.0,670.0,887.0,758.0,826.0,929.0,979.0,892.0,883.0,978.0,897.0,952.0,982.0,884.0,844.0,807.0,660.0,560.0,481.0,418.0,378.0,391.0,450.0,365.0,379.0,445.0,483.0,526.0,607.0,585.0,609.0,679.0,656.0,794.0,712.0,773.0,808.0,850.0,736.0,855.0,753.0,893.0,741.0,834.0,707.0,767.0,501.0,425.0,295.0,252.0,304.0,242.0,198.0,206.0,154.0,245.0,170.0
2018/09/16,236.0,234.0,224.0,141.0,218.0,163.0,127.0,105.0,160.0,166.0,154.0,89.0,66.0,85.0,93.0,107.0,57.0,51.0,73.0,91.0,60.0,115.0,102.0,113.0,86.0,93.0,94.0,162.0,95.0,110.0,143.0,113.0,167.0,201.0,173.0,311.0,363.0,339.0,410.0,538.0,600.0,620.0,661.0,724.0,736.0,765.0,785.0,750.0,872.0,927.0,925.0,858.0,999.0,967.0,973.0,825.0,516.0,600.0,467.0,421.0,428.0,419.0,455.0,527.0,507.0,556.0,553.0,609.0,652.0,686.0,819.0,726.0,686.0,824.0,822.0,871.0,955.0,829.0,885.0,783.0,858.0,763.0,684.0,598.0,583.0,417.0,300.0,513.0,427.0,444.0,400.0,367.0,280.0,236.0,242.0,170.0
2018/09/17,120.0,103.0,98.0,89.0,60.0,57.0,61.0,61.0,71.0,64.0,62.0,54.0,49.0,58.0,59.0,70.0,50.0,82.0,53.0,68.0,101.0,146.0,176.0,211.0,271.0,393.0,503.0,771.0,1042.0,1078.0,1180.0,1255.0,1225.0,1089.0,1397.0,1289.0,1315.0,1153.0,1272.0,1035.0,1200.0,1068.0,1099.0,1032.0,1045.0,1049.0,991.0,1103.0,1215.0,1155.0,1098.0,1122.0,1368.0,1379.0,1258.0,1196.0,1124.0,1072.0,932.0,1224.0,1244.0,1063.0,1188.0,1211.0,1169.0,1317.0,1456.0,1313.0,1310.0,1243.0,1377.0,1573.0,1418.0,1468.0,1559.0,1441.0,1422.0,1310.0,1378.0,1128.0,1133.0,957.0,817.0,740.0,547.0,458.0,409.0,331.0,230.0,235.0,203.0,185.0,181.0,177.0,137.0,136.0
2018/09/18,83.0,69.0,36.0,34.0,-2.0,16.0,33.0,44.0,47.0,7.0,27.0,9.0,5.0,-1.0,4.0,20.0,21.0,21.0,10.0,18.0,52.0,93.0,101.0,149.0,265.0,284.0,504.0,612.0,1058.0,1206.0,1323.0,1517.0,1522.0,1193.0,1301.0,1313.0,1205.0,1052.0,1094.0,1035.0,1070.0,1008.0,1026.0,970.0,1076.0,908.0,1176.0,1103.0,1079.0,1016.0,1010.0,1034.0,912.0,993.0,1142.0,1032.0,955.0,826.0,972.0,1061.0,1188.0,1036.0,981.0,1140.0,1409.0,1316.0,1194.0,1170.0,1270.0,1198.0,1203.0,1381.0,1461.0,1369.0,1188.0,1342.0,1173.0,1086.0,931.0,906.0,956.0,698.0,760.0,679.0,504.0,341.0,308.0,231.0,287.0,182.0,162.0,156.0,126.0,113.0,114.0,122.0
2018/09/19,67.0,83.0,48.0,44.0,57.0,14.0,22.0,28.0,-1.0,6.0,28.0,2.0,15.0,6.0,23.0,22.0,33.0,11.0,34.0,53.0,29.0,121.0,123.0,103.0,243.0,322.0,470.0,718.0,977.0,1165.0,1318.0,1522.0,1347.0,1338.0,1250.0,1295.0,1345.0,1084.0,1023.0,1141.0,1071.0,1113.0,977.0,1032.0,1029.0,1107.0,1060.0,1073.0,1021.0,1085.0,1037.0,1190.0,1233.0,1074.0,1160.0,1111.0,1017.0,1001.0,1121.0,1209.0,1217.0,1060.0,1155.0,1102.0,987.0,895.0,1030.0,1127.0,1062.0,1106.0,1196.0,1128.0,1194.0,1079.0,1197.0,1161.0,1191.0,1209.0,1040.0,1032.0,896.0,943.0,774.0,541.0,500.0,385.0,271.0,325.0,201.0,227.0,217.0,194.0,148.0,207.0,138.0,132.0
2018/09/20,103.0,113.0,37.0,19.0,15.0,20.0,27.0,24.0,3.0,3.0,1.0,12.0,-19.0,-5.0,8.0,0.0,16.0,20.0,4.0,18.0,30.0,101.0,116.0,118.0,240.0,383.0,571.0,673.0,1023.0,1172.0,1348.0,1441.0,1310.0,1172.0,1344.0,1235.0,1227.0,1238.0,992.0,1055.0,1121.0,969.0,1098.0,1092.0,1198.0,1213.0,1089.0,1193.0,1141.0,1044.0,904.0,907.0,1008.0,1046.0,1048.0,887.0,1017.0,913.0,878.0,1078.0,671.0,529.0,513.0,590.0,495.0,466.0,552.0,488.0,425.0,597.0,275.0,891.0,1115.0,1414.0,1376.0,1307.0,1295.0,1320.0,1180.0,1159.0,1040.0,911.0,831.0,775.0,696.0,483.0,353.0,347.0,288.0,254.0,229.0,209.0,211.0,155.0,207.0,201.0
2018/09/21,125.0,127.0,76.0,32.0,55.0,57.0,74.0,36.0,-3.0,29.0,23.0,-7.0,-15.0,-13.0,-6.0,8.0,4.0,10.0,21.0,30.0,12.0,100.0,125.0,119.0,219.0,282.0,436.0,609.0,810.0,1038.0,1257.0,1365.0,1188.0,1309.0,752.0,242.0,114.0,362.0,609.0,539.0,649.0,684.0,579.0,615.0,669.0,611.0,620.0,679.0,580.0,637.0,581.0,594.0,677.0,736.0,679.0,785.0,1365.0,1434.0,1220.0,1444.0,1430.0,1343.0,1282.0,1200.0,1120.0,1176.0,990.0,1046.0,1019.0,980.0,939.0,967.0,1016.0,828.0,987.0,893.0,866.0,939.0,1005.0,777.0,829.0,983.0,959.0,860.0,825.0,554.0,355.0,281.0,238.0,256.0,224.0,163.0,193.0,176.0,151.0,228.0
2018/09/22,259.0,217.0,204.0,175.0,149.0,106.0,127.0,111.0,108.0,120.0,99.0,61.0,52.0,67.0,82.0,85.0,85.0,53.0,73.0,90.0,78.0,93.0,89.0,121.0,107.0,131.0,112.0,130.0,136.0,139.0,155.0,195.0,232.0,328.0,354.0,398.0,509.0,491.0,633.0,739.0,662.0,879.0,750.0,818.0,921.0,971.0,884.0,875.0,970.0,889.0,944.0,974.0,876.0,836.0,799.0,652.0,552.0,473.0,410.0,370.0,383.0,442.0,357.0,371.0,437.0,475.0,518.0,599.0,577.0,601.0,671.0,648.0,786.0,704.0,765.0,800.0,842.0,728.0,847.0,745.0,885.0,733.0,826.0,699.0,759.0,493.0,417.0,287.0,244.0,296.0,234.0,190.0,198.0,146.0,237.0,162.0
2018/09/23,199.0,197.0,187.0,104.0,181.0,126.0,90.0,68.0,123.0,129.0,117.0,52.0,29.0,48.0,56.0,70.0,20.0,14.0,36.0,54.0,23.0,78.0,65.0,76.0,49.0,56.0,57.0,125.0,58.0,73.0,106.0,76.0,130.0,164.0,136.0,274.0,326.0,302.0,373.0,501.0,563.0,583.0,624.0,687.0,699.0,728.0,748.0,713.0,835.0,890.0,888.0,821.0,962.0,930.0,936.0,788.0,479.0,563.0,430.0,384.0,391.0,382.0,418.0,490.0,470.0,519.0,516.0,572.0,615.0,649.0,782.0,689.0,649.0,787.0,785.0,834.0,918.0,792.0,848.0,746.0,821.0,726.0,647.0,561.0,546.0,380.0,263.0,476.0,390.0,407.0,363.0,330.0,243.0,199.0,205.0,133.0
2018/09/24,91.0,87.0,74.0,56.0,58.0,41.0,40.0,42.0,39.0,45.0,40.0,38.0,32.0,35.0,35.0,42.0,34.0,57.0,48.0,57.0,88.0,128.0,157.0,212.0,256.0,343.0,562.0,739.0,1036.0,1068.0,1277.0,1342.0,1291.0,1148.0,1351.0,1239.0,1290.0,1148.0,1203.0,1038.0,1050.0,1070.0,1088.0,1038.0,1042.0,994.0,1007.0,1045.0,1061.0,1036.0,997.0,1067.0,1190.0,1210.0,1149.0,1081.0,991.0,1004.0,927.0,1055.0,1109.0,1055.0,1180.0,1214.0,1154.0,1309.0,1379.0,1223.0,1267.0,1327.0,1441.0,1489.0,1401.0,1497.0,1513.0,1465.0,1445.0,1207.0,1238.0,1089.0,1023.0,894.0,820.0,676.0,521.0,410.0,343.0,322.0,235.0,240.0,203.0,173.0,172.0,154.0,119.0,116.0
2018/09/25,89.0,71.0,37.0,24.0,28.0,27.0,30.0,33.0,32.0,20.0,34.0,8.0,15.0,15.0,12.0,20.0,24.0,17.0,39.0,35.0,54.0,93.0,108.0,161.0,259.0,333.0,505.0,695.0,1039.0,1164.0,1359.0,1473.0,1336.0,1269.0,1230.0,1333.0,1281.0,1135.0,1099.0,1067.0,1114.0,1001.0,1101.0,1039.0,1177.0,1010.0,1073.0,1064.0,1123.0,1051.0,1051.0,1025.0,983.0,1046.0,1113.0,955.0,961.0,829.0,934.0,982.0,1082.0,1073.0,1030.0,1173.0,1316.0,1301.0,1205.0,1233.0,1319.0,1269.0,1222.0,1434.0,1462.0,1406.0,1360.0,1369.0,1278.0,1173.0,1052.0,1024.0,952.0,732.0,768.0,595.0,448.0,360.0,315.0,244.0,241.0,213.0,194.0,195.0,143.0,126.0,146.0,107.0
2018/09/26,81.0,58.0,45.0,47.0,48.0,23.0,36.0,30.0,10.0,16.0,22.0,23.0,16.0,16.0,14.0,29.0,33.0,35.0,33.0,60.0,40.0,113.0,135.0,136.0,244.0,343.0,502.0,734.0,985.0,1095.0,1331.0,1599.0,1080.0,1417.0,1257.0,1299.0,1318.0,1153.0,1093.0,1088.0,1119.0,1026.0,1020.0,1068.0,1061.0,1021.0,1032.0,1057.0,1021.0,1050.0,1025.0,1094.0,1174.0,1146.0,1175.0,1018.0,986.0,931.0,1021.0,1100.0,1045.0,1065.0,1188.0,1162.0,1025.0,1095.0,1104.0,1172.0,1189.0,1257.0,1392.0,1320.0,1359.0,1316.0,1326.0,1242.0,1276.0,1218.0,1022.0,1073.0,983.0,899.0,776.0,571.0,521.0,410.0,331.0,313.0,237.0,237.0,239.0,223.0,188.0,180.0,141.0,121.0
2018/09/27,98.0,86.0,53.0,29.0,27.0,43.0,32.0,34.0,16.0,11.0,9.0,32.0,0.0,12.0,19.0,9.0,19.0,22.0,30.0,32.0,38.0,87.0,129.0,145.0,253.0,372.0,505.0,605.0,923.0,1108.0,1325.0,1466.0,1301.0,1260.0,1324.0,1264.0,1294.0,1244.0,1075.0,1109.0,1135.0,1059.0,1045.0,1136.0,1166.0,1188.0,1046.0,1209.0,1144.0,1024.0,951.0,993.0,1058.0,1142.0,1095.0,1008.0,990.0,898.0,949.0,1019.0,838.0,749.0,772.0,865.0,899.0,910.0,844.0,840.0,886.0,1008.0,806.0,1235.0,1279.0,1359.0,1423.0,1347.0,1340.0,1366.0,1163.0,1125.0,1064.0,931.0,821.0,792.0,641.0,445.0,389.0,336.0,284.0,238.0,222.0,201.0,225.0,179.0,196.0,202.0
2018/09/28,116.0,108.0,61.0,64.0,70.0,61.0,57.0,35.0,29.0,42.0,31.0,16.0,13.0,11.0,13.0,32.0,11.0,35.0,28.0,37.0,56.0,99.0,124.0,128.0,229.0,292.0,482.0,686.0,902.0,1074.0,1295.0,1448.0,1316.0,1348.0,1049.0,795.0,656.0,704.0,827.0,780.0,919.0,856.0,824.0,869.0,876.0,852.0,862.0,848.0,906.0,900.0,870.0,884.0,932.0,1047.0,1048.0,1208.0,1472.0,1433.0,1249.0,1559.0,1436.0,1367.0,1208.0,1280.0,1202.0,1283.0,1171.0,1132.0,1097.0,1113.0,1093.0,1032.0,996.0,930.0,1013.0,950.0,995.0,989.0,1075.0,969.0,1018.0,1015.0,1014.0,935.0,848.0,610.0,431.0,339.0,309.0,282.0,220.0,209.0,226.0,198.0,160.0,246.0
2018/09/29,252.0,256.0,227.0,187.0,178.0,149.0,130.0,128.0,114.0,101.0,113.0,77.0,80.0,71.0,98.0,77.0,99.0,74.0,67.0,83.0,89.0,86.0,112.0,129.0,105.0,124.0,114.0,140.0,148.0,180.0,193.0,234.0,275.0,349.0,368.0,422.0,554.0,529.0,651.0,736.0,750.0,818.0,778.0,924.0,994.0,1002.0,979.0,942.0,931.0,950.0,978.0,1028.0,952.0,976.0,875.0,773.0,660.0,486.0,457.0,432.0,366.0,404.0,403.0,433.0,475.0,551.0,583.0,639.0,629.0,663.0,672.0,743.0,789.0,757.0,743.0,787.0,818.0,755.0,889.0,785.0,972.0,869.0,940.0,767.0,710.0,546.0,394.0,314.0,267.0,276.0,248.0,205.0,174.0,173.0,240.0,185.0
2018/09/30,276.0,286.0,286.0,301.0,281.0,219.0,215.0,256.0,210.0,228.0,146.0,161.0,188.0,157.0,172.0,155.0,116.0,69.0,67.0,99.0,57.0,107.0,151.0,127.0,122.0,99.0,101.0,98.0,108.0,117.0,108.0,98.0,142.0,186.0,248.0,309.0,370.0,432.0,494.0,555.0,616.0,678.0,712.0,745.0,779.0,767.0,831.0,895.0,959.0,857.0,982.0,778.0,867.0,1064.0,930.0,870.0,651.0,542.0,439.0,401.0,389.0,396.0,453.0,454.0,599.0,540.0,596.0,664.0,715.0,649.0,727.0,845.0,775.0,766.0,718.0,813.0,717.0,848.0,896.0,743.0,785.0,727.0,652.0,520.0,509.0,334.0,270.0,336.0,221.0,164.0,181.0,147.0,174.0,131.0,109.0,66.0
2018/10/01,63.0,72.0,51.0,23.0,56.0,26.0,20.0,24.0,7.0,27.0,18.0,22.0,15.0,13.0,12.0,14.0,19.0,32.0,43.0,47.0,75.0,110.0,139.0,213.0,242.0,294.0,621.0,708.0,1030.0,1059.0,1374.0,1429.0,1357.0,1208.0,1305.0,1190.0,1266.0,1143.0,1135.0,1041.0,900.0,1073.0,1078.0,1045.0,1040.0,940.0,1023.0,988.0,908.0,918.0,897.0,1012.0,1013.0,1041.0,1040.0,967.0,859.0,936.0,922.0,887.0,975.0,1048.0,1172.0,1218.0,1139.0,1302.0,1302.0,1134.0,1224.0,1411.0,1505.0,1405.0,1384.0,1527.0,1467.0,1489.0,1469.0,1105.0,1098.0,1050.0,913.0,832.0,823.0,612.0,496.0,363.0,278.0,314.0,240.0,245.0,203.0,161.0,164.0,132.0,101.0,97.0
2018/10/02,96.0,73.0,39.0,15.0,58.0,38.0,28.0,23.0,18.0,34.0,41.0,7.0,26.0,32.0,20.0,21.0,28.0,13.0,68.0,53.0,57.0,93.0,115.0,174.0,254.0,383.0,506.0,779.0,1021.0,1123.0,1396.0,1429.0,1151.0,1346.0,1159.0,1353.0,1358.0,1219.0,1104.0,1099.0,1159.0,994.0,1176.0,1109.0,1279.0,1113.0,971.0,1025.0,1168.0,1086.0,1093.0,1016.0,1054.0,1100.0,1084.0,878.0,968.0,833.0,896.0,903.0,976.0,1110.0,1080.0,1206.0,1224.0,1286.0,1217.0,1296.0,1369.0,1340.0,1241.0,1487.0,1463.0,1444.0,1533.0,1397.0,1383.0,1261.0,1173.0,1143.0,949.0,767.0,777.0,511.0,392.0,380.0,322.0,258.0,195.0,244.0,226.0,235.0,160.0,140.0,179.0,93.0
2018/10/03,96.0,34.0,43.0,51.0,40.0,33.0,51.0,32.0,22.0,26.0,16.0,45.0,18.0,27.0,6.0,36.0,34.0,59.0,33.0,67.0,51.0,105.0,147.0,169.0,245.0,364.0,534.0,750.0,994.0,1026.0,1345.0,1677.0,814.0,1496.0,1264.0,1304.0,1291.0,1223.0,1164.0,1035.0,1168.0,939.0,1064.0,1105.0,1094.0,936.0,1004.0,1042.0,1021.0,1015.0,1013.0,999.0,1115.0,1218.0,1190.0,925.0,955.0,861.0,922.0,991.0,873.0,1070.0,1221.0,1222.0,1063.0,1295.0,1178.0,1218.0,1317.0,1409.0,1589.0,1513.0,1524.0,1553.0,1455.0,1323.0,1362.0,1228.0,1005.0,1115.0,1070.0,856.0,778.0,601.0,542.0,436.0,392.0,301.0,274.0,248.0,261.0,253.0,229.0,153.0,144.0,111.0
2018/10/04,93.0,59.0,69.0,39.0,39.0,66.0,37.0,44.0,30.0,20.0,18.0,52.0,7.0,30.0,31.0,19.0,22.0,25.0,57.0,47.0,46.0,74.0,143.0,172.0,266.0,361.0,439.0,537.0,824.0,1045.0,1302.0,1492.0,1293.0,1349.0,1305.0,1293.0,1362.0,1251.0,1159.0,1163.0,1149.0,1149.0,992.0,1181.0,1134.0,1163.0,1004.0,1226.0,1148.0,1004.0,999.0,1079.0,1108.0,1238.0,1143.0,1129.0,964.0,883.0,1021.0,960.0,1005.0,969.0,1032.0,1141.0,1303.0,1355.0,1137.0,1193.0,1348.0,1420.0,1337.0,1580.0,1444.0,1304.0,1471.0,1387.0,1385.0,1413.0,1147.0,1091.0,1089.0,951.0,811.0,809.0,587.0,407.0,425.0,325.0,281.0,222.0,215.0,193.0,240.0,203.0,185.0,203.0
2018/10/05,108.0,89.0,47.0,97.0,85.0,65.0,40.0,35.0,61.0,56.0,39.0,39.0,41.0,35.0,32.0,57.0,19.0,61.0,35.0,44.0,100.0,98.0,123.0,137.0,239.0,302.0,528.0,763.0,994.0,1111.0,1333.0,1531.0,1445.0,1387.0,1347.0,1348.0,1198.0,1047.0,1045.0,1022.0,1189.0,1029.0,1069.0,1123.0,1083.0,1094.0,1105.0,1017.0,1233.0,1164.0,1159.0,1175.0,1188.0,1358.0,1418.0,1632.0,1579.0,1433.0,1278.0,1674.0,1443.0,1392.0,1135.0,1361.0,1285.0,1391.0,1353.0,1218.0,1175.0,1247.0,1248.0,1097.0,976.0,1033.0,1040.0,1007.0,1124.0,1039.0,1145.0,1162.0,1208.0,1047.0,1069.0,1010.0,871.0,667.0,508.0,398.0,380.0,309.0,216.0,256.0,260.0,221.0,169.0,265.0
2018/10/06,245.0,295.0,251.0,199.0,207.0,192.0,133.0,146.0,120.0,82.0,128.0,94.0,109.0,75.0,114.0,70.0,114.0,95.0,62.0,77.0,100.0,80.0,135.0,137.0,104.0,117.0,116.0,151.0,161.0,222.0,231.0,273.0,318.0,370.0,382.0,447.0,599.0,567.0,669.0,734.0,838.0,757.0,807.0,1031.0,1068.0,1034.0,1075.0,1010.0,892.0,1012.0,1013.0,1083.0,1029.0,1116.0,952.0,894.0,769.0,499.0,505.0,494.0,349.0,366.0,449.0,496.0,513.0,627.0,649.0,679.0,682.0,725.0,674.0,839.0,793.0,810.0,721.0,774.0,794.0,783.0,932.0,825.0,1060.0,1005.0,1054.0,836.0,662.0,599.0,372.0,341.0,291.0,256.0,262.0,221.0,150.0,201.0,244.0,208.0
2018/10/07,225.0,256.0,200.0,148.0,249.0,178.0,106.0,162.0,134.0,132.0,92.0,116.0,91.0,115.0,118.0,49.0,97.0,79.0,110.0,53.0,76.0,100.0,115.0,81.0,65.0,100.0,126.0,107.0,137.0,109.0,77.0,129.0,196.0,193.0,254.0,308.0,501.0,401.0,503.0,582.0,622.0,694.0,791.0,759.0,796.0,937.0,980.0,1071.0,1069.0,966.0,978.0,1138.0,1231.0,1419.0,1074.0,961.0,695.0,581.0,407.0,528.0,426.0,495.0,403.0,439.0,590.0,553.0,674.0,663.0,657.0,795.0,1001.0,804.0,734.0,916.0,894.0,794.0,985.0,839.0,796.0,873.0,813.0,691.0,677.0,540.0,528.0,396.0,243.0,255.0,218.0,179.0,153.0,151.0,119.0,123.0,97.0,81.0
2018/10/08,91.0,41.0,60.0,54.0,20.0,7.0,42.0,16.0,21.0,-1.0,30.0,26.0,20.0,8.0,10.0,27.0,32.0,42.0,24.0,41.0,80.0,89.0,169.0,180.0,223.0,359.0,522.0,717.0,811.0,1262.0,1357.0,1529.0,1313.0,1222.0,1309.0,1347.0,1368.0,1167.0,1119.0,1135.0,1080.0,1039.0,1025.0,1038.0,1027.0,990.0,1103.0,1046.0,1063.0,953.0,1030.0,1007.0,1025.0,1003.0,1156.0,903.0,856.0,864.0,938.0,904.0,1061.0,1027.0,1191.0,1124.0,1183.0,1216.0,1110.0,1114.0,1286.0,1376.0,1533.0,1529.0,1522.0,1548.0,1573.0,1437.0,1387.0,1179.0,1004.0,972.0,855.0,729.0,606.0,541.0,482.0,336.0,325.0,305.0,231.0,241.0,162.0,127.0,133.0,126.0,78.0,100.0
2018/10/09,41.0,46.0,42.0,45.0,18.0,30.0,33.0,18.0,21.0,14.0,18.0,18.0,15.0,11.0,17.0,30.0,21.0,24.0,36.0,40.0,58.0,98.0,111.0,174.0,203.0,386.0,569.0,702.0,972.0,1201.0,1316.0,1407.0,1429.0,1411.0,1345.0,1455.0,1255.0,1179.0,1203.0,1114.0,1083.0,1137.0,1126.0,1045.0,1090.0,1083.0,1063.0,1174.0,1059.0,997.0,930.0,1125.0,1163.0,1097.0,1076.0,787.0,960.0,831.0,934.0,942.0,1083.0,934.0,1155.0,1238.0,1203.0,1285.0,1180.0,1239.0,1302.0,1508.0,1400.0,1466.0,1200.0,1373.0,1323.0,1456.0,1493.0,1457.0,1301.0,1348.0,1207.0,1126.0,873.0,661.0,512.0,376.0,316.0,303.0,287.0,221.0,186.0,159.0,181.0,156.0,107.0,106.0
2018/10/10,85.0,86.0,39.0,43.0,32.0,35.0,48.0,39.0,39.0,4.0,28.0,28.0,27.0,34.0,12.0,16.0,18.0,38.0,33.0,70.0,55.0,173.0,129.0,164.0,213.0,407.0,453.0,676.0,881.0,1142.0,1407.0,1574.0,1355.0,1350.0,1405.0,1322.0,1465.0,1184.0,1114.0,1128.0,1171.0,1147.0,1067.0,1168.0,1173.0,1206.0,1068.0,1067.0,1137.0,1093.0,1195.0,1099.0,1201.0,1197.0,1068.0,950.0,859.0,788.0,939.0,967.0,997.0,1083.0,1117.0,1074.0,1327.0,1292.0,1249.0,1273.0,1358.0,1534.0,1564.0,1568.0,1465.0,1483.0,1492.0,1372.0,1399.0,1270.0,1053.0,933.0,901.0,842.0,763.0,665.0,455.0,429.0,390.0,344.0,331.0,300.0,211.0,212.0,195.0,200.0,155.0,171.0
2018/10/11,118.0,92.0,94.0,97.0,50.0,85.0,58.0,35.0,81.0,34.0,43.0,28.0,58.0,32.0,24.0,25.0,63.0,46.0,50.0,73.0,51.0,99.0,174.0,160.0,220.0,357.0,558.0,679.0,1025.0,1115.0,1269.0,1413.0,1507.0,1388.0,1277.0,1287.0,1314.0,1189.0,1026.0,1255.0,1262.0,974.0,1025.0,1028.0,988.0,1156.0,1040.0,1109.0,1130.0,1044.0,964.0,1078.0,1054.0,1217.0,1222.0,1148.0,943.0,900.0,931.0,1110.0,1100.0,1071.0,1206.0,1167.0,1169.0,1184.0,1251.0,1289.0,1376.0,1457.0,1471.0,1539.0,1377.0,1614.0,1474.0,1407.0,1268.0,976.0,1112.0,1003.0,917.0,815.0,845.0,737.0,725.0,632.0,362.0,345.0,275.0,223.0,260.0,207.0,250.0,251.0,187.0,126.0
2018/10/12,152.0,133.0,168.0,92.0,130.0,119.0,102.0,139.0,102.0,126.0,78.0,87.0,100.0,97.0,101.0,84.0,63.0,77.0,37.0,71.0,70.0,127.0,100.0,106.0,102.0,99.0,117.0,208.0,194.0,177.0,202.0,244.0,221.0,302.0,376.0,455.0,579.0,713.0,633.0,802.0,724.0,907.0,701.0,760.0,873.0,755.0,782.0,872.0,778.0,888.0,879.0,889.0,878.0,932.0,961.0,755.0,555.0,423.0,353.0,366.0,337.0,296.0,291.0,355.0,363.0,409.0,402.0,430.0,501.0,469.0,570.0,591.0,511.0,626.0,591.0,684.0,605.0,654.0,717.0,587.0,595.0,491.0,630.0,452.0,467.0,407.0,265.0,191.0,172.0,160.0,170.0,173.0,108.0,161.0,101.0,118.0
2018/10/13,149.0,179.0,106.0,80.0,82.0,111.0,47.0,98.0,85.0,52.0,65.0,89.0,72.0,57.0,43.0,30.0,57.0,58.0,31.0,54.0,43.0,91.0,99.0,103.0,75.0,74.0,92.0,107.0,125.0,120.0,123.0,170.0,229.0,164.0,281.0,305.0,466.0,476.0,524.0,569.0,516.0,712.0,622.0,623.0,792.0,778.0,851.0,760.0,807.0,790.0,777.0,900.0,799.0,695.0,703.0,706.0,513.0,414.0,294.0,379.0,335.0,329.0,429.0,422.0,415.0,480.0,385.0,509.0,607.0,654.0,577.0,617.0,707.0,724.0,642.0,566.0,733.0,715.0,669.0,742.0,636.0,631.0,636.0,713.0,617.0,469.0,332.0,324.0,204.0,179.0,188.0,178.0,166.0,167.0,133.0,135.0
2018/10/14,155.0,140.0,165.0,107.0,132.0,111.0,106.0,89.0,116.0,79.0,96.0,74.0,79.0,77.0,65.0,56.0,24.0,87.0,43.0,59.0,74.0,94.0,65.0,106.0,68.0,105.0,85.0,81.0,97.0,111.0,95.0,106.0,162.0,157.0,172.0,226.0,295.0,335.0,357.0,486.0,463.0,499.0,540.0,619.0,726.0,631.0,739.0,766.0,747.0,835.0,942.0,875.0,847.0,987.0,869.0,695.0,651.0,526.0,421.0,345.0,394.0,332.0,373.0,456.0,419.0,494.0,584.0,602.0,652.0,713.0,718.0,547.0,740.0,709.0,719.0,744.0,687.0,767.0,657.0,627.0,562.0,637.0,526.0,400.0,474.0,366.0,307.0,231.0,184.0,243.0,227.0,163.0,120.0,96.0,125.0,90.0
2018/10/15,69.0,24.0,24.0,32.0,34.0,24.0,23.0,31.0,27.0,13.0,13.0,22.0,21.0,11.0,22.0,21.0,17.0,15.0,53.0,25.0,64.0,111.0,142.0,223.0,269.0,276.0,499.0,644.0,1025.0,1043.0,1408.0,1485.0,1482.0,1328.0,1203.0,1272.0,969.0,1007.0,1068.0,932.0,955.0,938.0,866.0,974.0,1148.0,1092.0,956.0,1020.0,965.0,978.0,878.0,998.0,1001.0,1047.0,967.0,926.0,869.0,818.0,874.0,1004.0,1163.0,1329.0,1248.0,1347.0,1547.0,1479.0,1365.0,1163.0,1409.0,1479.0,1440.0,1495.0,1464.0,1537.0,1450.0,1326.0,1126.0,984.0,1035.0,853.0,769.0,758.0,627.0,512.0,504.0,300.0,366.0,253.0,208.0,199.0,162.0,140.0,145.0,123.0,111.0,45.0
2018/10/16,62.0,49.0,19.0,26.0,36.0,7.0,23.0,22.0,16.0,13.0,7.0,6.0,11.0,19.0,14.0,6.0,26.0,45.0,44.0,34.0,48.0,89.0,157.0,163.0,230.0,302.0,577.0,673.0,998.0,1116.0,1328.0,1567.0,1476.0,1307.0,1248.0,1230.0,1310.0,1050.0,1079.0,1100.0,1059.0,1047.0,1062.0,1092.0,1131.0,1129.0,1087.0,1133.0,1040.0,1051.0,890.0,1213.0,1018.0,1155.0,1018.0,1003.0,926.0,802.0,757.0,899.0,965.0,1086.0,1063.0,1025.0,1130.0,1350.0,1210.0,1219.0,1252.0,1246.0,1509.0,1544.0,1515.0,1415.0,1420.0,1384.0,1297.0,1324.0,1164.0,1033.0,978.0,775.0,753.0,565.0,477.0,473.0,351.0,218.0,221.0,252.0,148.0,180.0,143.0,87.0,107.0,79.0
2018/10/17,61.0,52.0,50.0,51.0,22.0,33.0,13.0,37.0,25.0,12.0,7.0,20.0,7.0,26.0,10.0,25.0,33.0,23.0,24.0,44.0,38.0,96.0,142.0,176.0,248.0,336.0,519.0,713.0,1070.0,1223.0,1338.0,1476.0,1507.0,1372.0,1171.0,1456.0,1236.0,1095.0,961.0,1054.0,1100.0,983.0,1118.0,1107.0,1128.0,1020.0,1101.0,1158.0,1070.0,1054.0,942.0,1057.0,1116.0,1112.0,1006.0,950.0,821.0,712.0,897.0,961.0,1025.0,1205.0,1219.0,1193.0,1271.0,1383.0,1198.0,1070.0,1293.0,1487.0,1494.0,1440.0,1597.0,1442.0,1150.0,1370.0,1466.0,1293.0,1147.0,873.0,971.0,751.0,753.0,561.0,495.0,423.0,351.0,227.0,291.0,223.0,217.0,213.0,214.0,175.0,123.0,143.0
2018/10/18,131.0,126.0,82.0,50.0,39.0,20.0,46.0,46.0,34.0,18.0,26.0,36.0,6.0,11.0,27.0,17.0,35.0,34.0,37.0,73.0,56.0,115.0,153.0,193.0,241.0,309.0,546.0,734.0,1033.0,1184.0,1358.0,1445.0,1607.0,1304.0,1479.0,1507.0,1330.0,1018.0,992.0,1084.0,1204.0,994.0,1042.0,989.0,1150.0,1080.0,1112.0,1043.0,1101.0,1028.0,1030.0,1086.0,1125.0,1111.0,1102.0,978.0,913.0,876.0,851.0,867.0,1005.0,1002.0,1244.0,1178.0,1304.0,1331.0,1250.0,1242.0,1429.0,1253.0,1583.0,1393.0,1430.0,1421.0,1407.0,1511.0,1392.0,1341.0,1269.0,1106.0,1016.0,826.0,802.0,707.0,544.0,501.0,382.0,278.0,247.0,291.0,210.0,281.0,235.0,211.0,185.0,162.0
2018/10/19,203.0,103.0,131.0,89.0,73.0,64.0,51.0,61.0,40.0,32.0,33.0,33.0,35.0,33.0,22.0,43.0,33.0,21.0,44.0,44.0,74.0,104.0,117.0,185.0,228.0,351.0,580.0,709.0,1147.0,1094.0,1349.0,1340.0,1217.0,1518.0,1499.0,1267.0,1305.0,1074.0,1161.0,1029.0,1040.0,1067.0,968.0,1038.0,1164.0,1098.0,991.0,1033.0,1102.0,1047.0,1178.0,1139.0,1190.0,1307.0,1363.0,1369.0,1421.0,1171.0,733.0,978.0,1253.0,908.0,1001.0,1065.0,1337.0,1221.0,1175.0,1278.0,1043.0,1321.0,1222.0,1212.0,1260.0,1159.0,1015.0,1104.0,1070.0,1136.0,1099.0,1215.0,1276.0,1144.0,1156.0,1029.0,1057.0,637.0,440.0,385.0,364.0,307.0,260.0,253.0,194.0,270.0,195.0,203.0
2018/10/20,263.0,262.0,209.0,151.0,182.0,111.0,156.0,120.0,165.0,92.0,83.0,77.0,84.0,75.0,127.0,104.0,99.0,91.0,81.0,81.0,85.0,115.0,106.0,108.0,95.0,100.0,157.0,159.0,175.0,173.0,203.0,307.0,299.0,366.0,405.0,437.0,718.0,643.0,648.0,713.0,802.0,832.0,1001.0,1067.0,1159.0,1369.0,1456.0,1039.0,1216.0,903.0,1001.0,1133.0,1073.0,1034.0,892.0,889.0,765.0,604.0,569.0,396.0,488.0,431.0,483.0,458.0,524.0,537.0,672.0,723.0,775.0,737.0,859.0,900.0,859.0,930.0,927.0,794.0,868.0,883.0,899.0,892.0,926.0,1126.0,996.0,866.0,806.0,613.0,395.0,343.0,315.0,264.0,243.0,256.0,230.0,309.0,269.0,184.0
2018/10/21,305.0,239.0,220.0,206.0,285.0,217.0,149.0,175.0,197.0,125.0,133.0,130.0,117.0,107.0,90.0,86.0,108.0,92.0,91.0,73.0,67.0,122.0,101.0,109.0,96.0,70.0,78.0,149.0,158.0,193.0,185.0,206.0,216.0,200.0,287.0,264.0,322.0,347.0,338.0,539.0,643.0,613.0,667.0,743.0,776.0,731.0,945.0,826.0,1007.0,1038.0,1052.0,981.0,1148.0,1180.0,1004.0,890.0,626.0,584.0,444.0,533.0,364.0,369.0,495.0,492.0,577.0,536.0,661.0,595.0,834.0,723.0,768.0,761.0,658.0,759.0,791.0,885.0,861.0,775.0,880.0,731.0,709.0,544.0,540.0,433.0,455.0,374.0,304.0,247.0,205.0,140.0,138.0,180.0,146.0,102.0,73.0,67.0
2018/10/22,63.0,82.0,52.0,57.0,11.0,31.0,39.0,14.0,25.0,29.0,22.0,27.0,25.0,43.0,12.0,12.0,24.0,36.0,43.0,21.0,44.0,72.0,108.0,140.0,266.0,357.0,595.0,764.0,956.0,1102.0,1356.0,1360.0,1155.0,1570.0,1258.0,1297.0,1284.0,1166.0,1063.0,1027.0,1026.0,1020.0,1003.0,1096.0,997.0,1007.0,980.0,962.0,993.0,999.0,1015.0,953.0,1127.0,1113.0,1100.0,963.0,785.0,764.0,845.0,929.0,873.0,1040.0,1133.0,1219.0,1325.0,1314.0,1148.0,1174.0,1293.0,1390.0,1507.0,1419.0,1508.0,1549.0,1395.0,1257.0,1460.0,1220.0,1054.0,921.0,869.0,643.0,632.0,480.0,443.0,428.0,287.0,209.0,193.0,217.0,153.0,175.0,144.0,116.0,85.0,65.0
2018/10/23,35.0,49.0,51.0,23.0,27.0,16.0,22.0,12.0,17.0,7.0,12.0,25.0,1.0,24.0,17.0,38.0,10.0,30.0,21.0,55.0,58.0,84.0,164.0,193.0,270.0,407.0,519.0,705.0,991.0,1222.0,1359.0,1579.0,1429.0,1437.0,1241.0,1430.0,1263.0,1227.0,1165.0,1025.0,1112.0,1111.0,1035.0,1103.0,1034.0,1154.0,967.0,1073.0,1109.0,959.0,1068.0,930.0,1119.0,1111.0,1126.0,966.0,951.0,856.0,748.0,934.0,943.0,1090.0,1171.0,1143.0,1246.0,1292.0,1188.0,1106.0,1308.0,1500.0,1530.0,1516.0,1469.0,1161.0,1459.0,1465.0,1394.0,1360.0,1468.0,1329.0,943.0,924.0,783.0,665.0,539.0,400.0,355.0,339.0,230.0,315.0,261.0,193.0,165.0,107.0,117.0,133.0
2018/10/24,117.0,51.0,47.0,26.0,28.0,19.0,27.0,14.0,29.0,41.0,16.0,36.0,19.0,17.0,24.0,26.0,16.0,23.0,12.0,35.0,62.0,125.0,145.0,157.0,225.0,288.0,562.0,757.0,938.0,1096.0,1564.0,1421.0,1419.0,1499.0,1233.0,1453.0,1243.0,1088.0,1232.0,1209.0,1048.0,1055.0,1092.0,1167.0,1154.0,1113.0,1045.0,1097.0,1119.0,1014.0,997.0,1048.0,1065.0,1305.0,1137.0,1035.0,883.0,782.0,834.0,943.0,1130.0,1009.0,1201.0,1169.0,1193.0,1340.0,1174.0,1255.0,1248.0,1445.0,1444.0,1462.0,1363.0,1363.0,1336.0,1238.0,1555.0,1500.0,1324.0,1140.0,1067.0,769.0,743.0,603.0,453.0,380.0,338.0,269.0,253.0,248.0,265.0,124.0,177.0,198.0,132.0,159.0
2018/10/25,130.0,75.0,75.0,75.0,52.0,75.0,42.0,33.0,39.0,18.0,20.0,36.0,13.0,12.0,42.0,30.0,36.0,56.0,14.0,29.0,48.0,149.0,123.0,134.0,226.0,383.0,591.0,713.0,993.0,1197.0,1303.0,1500.0,1471.0,1186.0,1209.0,1530.0,1275.0,1237.0,1109.0,1138.0,1143.0,946.0,1080.0,1196.0,1369.0,1325.0,1380.0,1098.0,1018.0,1064.0,1009.0,1002.0,1081.0,1182.0,1199.0,971.0,920.0,816.0,944.0,1001.0,981.0,1023.0,1166.0,1146.0,1311.0,1406.0,1161.0,1341.0,1401.0,1412.0,1473.0,1536.0,1396.0,1433.0,1275.0,1430.0,1341.0,1254.0,1229.0,1216.0,1085.0,899.0,819.0,566.0,662.0,481.0,408.0,246.0,264.0,202.0,140.0,160.0,176.0,193.0,247.0,224.0
2018/10/26,196.0,137.0,136.0,92.0,58.0,81.0,69.0,93.0,39.0,50.0,48.0,63.0,28.0,49.0,67.0,55.0,59.0,57.0,34.0,40.0,57.0,112.0,154.0,171.0,252.0,340.0,473.0,776.0,999.0,1050.0,1242.0,1516.0,1544.0,1366.0,1400.0,1291.0,1218.0,1052.0,929.0,1003.0,1077.0,1032.0,1121.0,1097.0,1152.0,1042.0,1084.0,1146.0,951.0,917.0,1098.0,1131.0,1219.0,1379.0,1543.0,1521.0,1522.0,1422.0,1557.0,1519.0,1415.0,1537.0,1477.0,1413.0,1386.0,1398.0,1126.0,1227.0,1213.0,1182.0,1221.0,1160.0,1120.0,1149.0,1096.0,1109.0,1005.0,1081.0,1030.0,980.0,978.0,1118.0,1142.0,1086.0,815.0,592.0,448.0,333.0,333.0,292.0,274.0,292.0,263.0,251.0,228.0,311.0
2018/10/27,271.0,275.0,183.0,136.0,151.0,153.0,145.0,150.0,108.0,145.0,94.0,92.0,83.0,88.0,89.0,103.0,100.0,91.0,78.0,65.0,72.0,90.0,132.0,128.0,114.0,124.0,122.0,191.0,188.0,201.0,173.0,278.0,362.0,317.0,392.0,502.0,625.0,621.0,572.0,691.0,811.0,906.0,937.0,975.0,970.0,964.0,1091.0,1071.0,1046.0,1074.0,1066.0,1137.0,1172.0,1164.0,1049.0,932.0,788.0,555.0,516.0,476.0,461.0,502.0,505.0,554.0,588.0,591.0,703.0,744.0,792.0,732.0,844.0,843.0,794.0,879.0,926.0,1005.0,850.0,909.0,932.0,941.0,997.0,774.0,886.0,862.0,688.0,585.0,413.0,385.0,299.0,227.0,220.0,209.0,285.0,210.0,141.0,168.0
2018/10/28,245.0,180.0,226.0,229.0,171.0,121.0,168.0,122.0,123.0,125.0,126.0,128.0,129.0,64.0,74.0,67.0,80.0,68.0,56.0,109.0,63.0,69.0,84.0,50.0,81.0,103.0,76.0,78.0,102.0,60.0,77.0,116.0,127.0,102.0,111.0,195.0,317.0,229.0,337.0,399.0,507.0,539.0,603.0,712.0,699.0,860.0,895.0,1020.0,843.0,1024.0,989.0,950.0,1153.0,1052.0,1101.0,1043.0,1009.0,1049.0,945.0,797.0,582.0,536.0,489.0,397.0,479.0,560.0,424.0,506.0,420.0,508.0,558.0,504.0,596.0,581.0,792.0,721.0,863.0,674.0,908.0,841.0,681.0,739.0,643.0,499.0,561.0,573.0,432.0,400.0,376.0,318.0,198.0,263.0,152.0,136.0,134.0,133.0
2018/10/29,114.0,83.0,74.0,65.0,41.0,53.0,40.0,27.0,59.0,37.0,20.0,23.0,9.0,3.0,21.0,30.0,19.0,12.0,18.0,21.0,25.0,40.0,32.0,12.0,58.0,97.0,156.0,208.0,179.0,382.0,578.0,702.0,914.0,1144.0,1296.0,1499.0,1223.0,1077.0,1419.0,1248.0,1198.0,1045.0,1110.0,1029.0,966.0,1060.0,1131.0,1079.0,1151.0,1216.0,1134.0,1033.0,951.0,821.0,1036.0,1177.0,968.0,1200.0,1156.0,980.0,875.0,842.0,932.0,1069.0,940.0,1221.0,1094.0,1083.0,1291.0,1368.0,1281.0,1352.0,1335.0,1351.0,1541.0,1237.0,1495.0,1332.0,1492.0,1267.0,1432.0,1240.0,878.0,799.0,869.0,672.0,630.0,560.0,437.0,366.0,295.0,311.0,196.0,179.0,126.0,120.0
2018/10/30,164.0,89.0,96.0,83.0,47.0,40.0,47.0,52.0,14.0,18.0,22.0,29.0,21.0,7.0,7.0,9.0,12.0,16.0,22.0,35.0,20.0,68.0,26.0,29.0,32.0,106.0,105.0,212.0,316.0,411.0,509.0,714.0,1004.0,1068.0,1373.0,1286.0,1474.0,1415.0,1395.0,1391.0,1233.0,1170.0,1256.0,1232.0,1199.0,1195.0,1158.0,1182.0,1228.0,1097.0,1150.0,1252.0,1084.0,1072.0,1037.0,1017.0,1122.0,1135.0,1106.0,963.0,956.0,956.0,1034.0,999.0,1187.0,1179.0,1247.0,1262.0,1159.0,1424.0,1268.0,1280.0,1303.0,1393.0,1522.0,1363.0,1539.0,1536.0,1365.0,1431.0,1397.0,1288.0,1207.0,1206.0,927.0,759.0,674.0,560.0,422.0,428.0,314.0,243.0,291.0,240.0,165.0,203.0
2018/10/31,155.0,121.0,107.0,126.0,96.0,90.0,50.0,32.0,63.0,33.0,32.0,38.0,32.0,12.0,21.0,17.0,21.0,11.0,10.0,33.0,26.0,17.0,64.0,33.0,98.0,88.0,160.0,191.0,243.0,411.0,611.0,811.0,961.0,1155.0,1318.0,1265.0,1163.0,1215.0,1271.0,1473.0,1330.0,1295.0,1257.0,1325.0,1190.0,1117.0,1087.0,1173.0,1149.0,1156.0,1166.0,1210.0,1226.0,1030.0,1109.0,1092.0,1095.0,1161.0,1078.0,1126.0,1108.0,921.0,933.0,969.0,946.0,996.0,986.0,1231.0,1234.0,1256.0,1127.0,1121.0,1310.0,1436.0,1357.0,1355.0,1443.0,1556.0,1337.0,1360.0,1453.0,1091.0,1038.0,978.0,986.0,951.0,905.0,710.0,695.0,656.0,411.0,449.0,347.0,284.0,240.0,310.0
2018/11/01,228.0,230.0,232.0,241.0,183.0,153.0,150.0,192.0,148.0,138.0,169.0,148.0,105.0,69.0,88.0,96.0,130.0,86.0,122.0,111.0,92.0,80.0,72.0,134.0,86.0,71.0,99.0,143.0,80.0,97.0,177.0,220.0,152.0,214.0,150.0,183.0,197.0,209.0,283.0,295.0,422.0,389.0,490.0,464.0,590.0,613.0,598.0,699.0,817.0,705.0,742.0,906.0,928.0,875.0,912.0,865.0,954.0,1000.0,759.0,810.0,585.0,440.0,427.0,325.0,342.0,351.0,367.0,359.0,483.0,432.0,483.0,590.0,590.0,522.0,600.0,602.0,565.0,604.0,663.0,665.0,634.0,561.0,747.0,567.0,604.0,476.0,535.0,494.0,429.0,317.0,274.0,171.0,208.0,189.0,149.0,82.0
2018/11/02,135.0,142.0,122.0,113.0,92.0,74.0,67.0,53.0,60.0,54.0,36.0,52.0,39.0,25.0,40.0,28.0,36.0,13.0,22.0,28.0,21.0,29.0,29.0,29.0,60.0,86.0,110.0,119.0,167.0,320.0,361.0,470.0,529.0,658.0,607.0,773.0,714.0,752.0,793.0,802.0,858.0,737.0,804.0,884.0,1002.0,898.0,928.0,1023.0,1025.0,988.0,884.0,914.0,848.0,908.0,909.0,1016.0,1078.0,1053.0,1215.0,1095.0,1130.0,983.0,950.0,838.0,780.0,611.0,643.0,711.0,807.0,723.0,749.0,694.0,827.0,840.0,907.0,975.0,913.0,948.0,911.0,837.0,695.0,824.0,758.0,864.0,776.0,855.0,797.0,688.0,603.0,446.0,294.0,280.0,249.0,154.0,189.0,202.0
2018/11/03,148.0,160.0,262.0,185.0,161.0,148.0,138.0,142.0,103.0,85.0,103.0,90.0,91.0,120.0,48.0,83.0,54.0,35.0,75.0,65.0,49.0,99.0,47.0,72.0,59.0,118.0,125.0,104.0,95.0,84.0,107.0,105.0,148.0,113.0,171.0,214.0,269.0,255.0,275.0,432.0,480.0,528.0,562.0,608.0,683.0,729.0,784.0,745.0,927.0,919.0,925.0,895.0,907.0,839.0,1035.0,1012.0,854.0,897.0,914.0,730.0,674.0,564.0,666.0,630.0,513.0,441.0,409.0,375.0,464.0,461.0,550.0,551.0,559.0,543.0,695.0,932.0,893.0,723.0,697.0,641.0,688.0,804.0,636.0,725.0,702.0,711.0,758.0,639.0,590.0,394.0,302.0,262.0,279.0,209.0,188.0,183.0
2018/11/04,171.0,204.0,159.0,156.0,142.0,115.0,123.0,132.0,129.0,73.0,104.0,71.0,65.0,86.0,99.0,88.0,72.0,90.0,71.0,73.0,72.0,79.0,59.0,77.0,70.0,79.0,113.0,75.0,70.0,95.0,111.0,113.0,96.0,142.0,90.0,123.0,137.0,187.0,257.0,290.0,352.0,317.0,418.0,493.0,472.0,638.0,678.0,631.0,684.0,713.0,760.0,675.0,899.0,865.0,850.0,873.0,992.0,967.0,835.0,817.0,619.0,473.0,506.0,423.0,345.0,439.0,490.0,467.0,547.0,521.0,540.0,718.0,651.0,792.0,824.0,669.0,784.0,718.0,818.0,731.0,716.0,634.0,730.0,561.0,621.0,518.0,501.0,393.0,417.0,309.0,265.0,205.0,236.0,184.0,162.0,160.0
2018/11/05,131.0,119.0,137.0,59.0,38.0,90.0,33.0,33.0,27.0,28.0,21.0,38.0,20.0,16.0,18.0,11.0,13.0,7.0,34.0,24.0,7.0,38.0,66.0,29.0,45.0,95.0,119.0,176.0,240.0,370.0,615.0,682.0,897.0,1036.0,1323.0,1528.0,1182.0,1258.0,1365.0,1333.0,1155.0,1298.0,1343.0,1297.0,1313.0,1194.0,1098.0,1134.0,1131.0,1166.0,960.0,986.0,986.0,933.0,1064.0,1094.0,1027.0,971.0,967.0,955.0,839.0,805.0,818.0,903.0,1009.0,1037.0,1114.0,1272.0,1268.0,1169.0,1185.0,1172.0,1319.0,1491.0,1429.0,1455.0,1323.0,1470.0,1615.0,1507.0,1058.0,1315.0,1086.0,850.0,742.0,778.0,678.0,501.0,426.0,360.0,337.0,187.0,197.0,212.0,162.0,91.0
2018/11/06,154.0,74.0,84.0,82.0,91.0,49.0,16.0,28.0,30.0,26.0,10.0,39.0,13.0,22.0,24.0,31.0,15.0,9.0,26.0,34.0,26.0,36.0,28.0,54.0,53.0,109.0,168.0,185.0,236.0,348.0,624.0,785.0,1032.0,1180.0,1390.0,1453.0,1187.0,1444.0,1314.0,1335.0,1384.0,1193.0,1161.0,1173.0,1100.0,1033.0,1052.0,1035.0,1173.0,1120.0,1179.0,1134.0,1097.0,953.0,1138.0,1081.0,1182.0,1110.0,1227.0,994.0,907.0,816.0,865.0,963.0,1004.0,967.0,1102.0,1118.0,1364.0,1218.0,1259.0,1308.0,1242.0,1286.0,1388.0,1444.0,1456.0,1368.0,1474.0,1467.0,1340.0,1067.0,999.0,834.0,897.0,724.0,717.0,566.0,404.0,413.0,311.0,235.0,205.0,192.0,252.0,203.0
2018/11/07,184.0,119.0,102.0,82.0,55.0,59.0,48.0,28.0,48.0,36.0,55.0,33.0,26.0,14.0,32.0,10.0,11.0,14.0,19.0,22.0,31.0,29.0,15.0,43.0,48.0,67.0,128.0,138.0,261.0,316.0,571.0,771.0,925.0,1166.0,1286.0,1466.0,1079.0,1051.0,1407.0,1141.0,1165.0,1295.0,1070.0,1096.0,1194.0,1049.0,1093.0,1165.0,1160.0,1035.0,1054.0,1160.0,1265.0,1008.0,1084.0,969.0,1054.0,1079.0,1029.0,948.0,912.0,869.0,951.0,982.0,1135.0,1059.0,1383.0,1124.0,1269.0,1313.0,1089.0,1305.0,1362.0,1448.0,1530.0,1421.0,1438.0,1449.0,1452.0,1330.0,1291.0,1225.0,1034.0,876.0,925.0,748.0,771.0,528.0,487.0,370.0,270.0,245.0,282.0,233.0,199.0,229.0
2018/11/08,202.0,117.0,164.0,170.0,102.0,110.0,42.0,97.0,29.0,31.0,44.0,35.0,24.0,32.0,25.0,34.0,26.0,8.0,18.0,51.0,36.0,48.0,34.0,50.0,57.0,95.0,171.0,193.0,243.0,341.0,572.0,804.0,1066.0,1263.0,1507.0,1528.0,1441.0,1252.0,1130.0,1319.0,1147.0,1159.0,1115.0,1222.0,1207.0,1100.0,1200.0,1083.0,1128.0,1029.0,981.0,1160.0,1119.0,1203.0,973.0,1071.0,1051.0,1163.0,1209.0,1044.0,1066.0,965.0,935.0,1048.0,995.0,1006.0,916.0,1227.0,1220.0,1323.0,1211.0,850.0,1145.0,1411.0,1401.0,1249.0,1417.0,1384.0,1533.0,1493.0,1430.0,1427.0,1311.0,1271.0,1068.0,1018.0,937.0,723.0,644.0,564.0,427.0,305.0,297.0,282.0,253.0,218.0
2018/11/09,184.0,218.0,217.0,187.0,158.0,205.0,164.0,127.0,99.0,115.0,94.0,118.0,93.0,65.0,66.0,73.0,63.0,55.0,81.0,54.0,61.0,99.0,37.0,65.0,62.0,107.0,127.0,77.0,87.0,130.0,149.0,171.0,194.0,233.0,184.0,219.0,259.0,245.0,313.0,326.0,407.0,469.0,507.0,592.0,634.0,631.0,713.0,775.0,817.0,828.0,885.0,858.0,960.0,769.0,1014.0,787.0,1016.0,927.0,863.0,698.0,551.0,438.0,379.0,433.0,445.0,458.0,373.0,366.0,579.0,442.0,547.0,593.0,671.0,740.0,672.0,734.0,656.0,746.0,726.0,760.0,611.0,768.0,739.0,739.0,724.0,666.0,673.0,528.0,618.0,395.0,346.0,219.0,221.0,177.0,207.0,198.0
2018/11/10,180.0,189.0,147.0,197.0,179.0,148.0,160.0,130.0,107.0,109.0,93.0,120.0,112.0,76.0,72.0,56.0,53.0,73.0,49.0,53.0,39.0,58.0,28.0,44.0,63.0,84.0,65.0,131.0,85.0,123.0,69.0,143.0,163.0,130.0,179.0,166.0,222.0,241.0,283.0,422.0,573.0,528.0,511.0,589.0,614.0,717.0,780.0,914.0,893.0,882.0,985.0,1006.0,1025.0,952.0,1015.0,941.0,977.0,966.0,971.0,678.0,617.0,516.0,391.0,382.0,372.0,331.0,361.0,491.0,426.0,534.0,638.0,651.0,631.0,772.0,675.0,774.0,805.0,672.0,757.0,661.0,683.0,691.0,705.0,751.0,794.0,723.0,733.0,687.0,547.0,461.0,339.0,269.0,206.0,257.0,175.0,177.0
2018/11/11,199.0,232.0,181.0,164.0,138.0,214.0,130.0,120.0,120.0,144.0,128.0,132.0,86.0,117.0,88.0,56.0,72.0,58.0,68.0,88.0,41.0,46.0,55.0,70.0,94.0,93.0,92.0,70.0,68.0,90.0,88.0,84.0,153.0,150.0,168.0,143.0,171.0,171.0,237.0,235.0,325.0,376.0,488.0,529.0,571.0,565.0,658.0,757.0,700.0,632.0,647.0,825.0,851.0,866.0,891.0,959.0,1123.0,952.0,828.0,789.0,591.0,600.0,531.0,398.0,306.0,369.0,398.0,471.0,560.0,552.0,632.0,661.0,659.0,646.0,701.0,706.0,699.0,738.0,725.0,736.0,742.0,659.0,652.0,642.0,590.0,532.0,444.0,376.0,375.0,345.0,310.0,221.0,209.0,209.0,122.0,175.0
2018/11/12,123.0,83.0,116.0,73.0,47.0,59.0,52.0,14.0,35.0,34.0,25.0,37.0,24.0,20.0,18.0,21.0,25.0,21.0,4.0,18.0,18.0,18.0,28.0,31.0,33.0,97.0,157.0,154.0,200.0,355.0,487.0,766.0,974.0,1156.0,1388.0,1329.0,1341.0,1401.0,1456.0,1433.0,1290.0,1249.0,1131.0,980.0,992.0,1064.0,985.0,1108.0,1093.0,1113.0,1016.0,1110.0,1040.0,965.0,911.0,960.0,992.0,1025.0,942.0,958.0,879.0,897.0,827.0,900.0,1072.0,1038.0,1128.0,1075.0,1290.0,1460.0,1279.0,1140.0,1331.0,1405.0,1424.0,1403.0,1331.0,1464.0,1326.0,1133.0,1153.0,942.0,761.0,822.0,721.0,740.0,651.0,488.0,413.0,385.0,318.0,207.0,228.0,262.0,142.0,136.0
2018/11/13,100.0,107.0,72.0,73.0,45.0,89.0,52.0,23.0,33.0,16.0,49.0,5.0,19.0,13.0,36.0,25.0,-1.0,7.0,30.0,20.0,45.0,44.0,18.0,36.0,49.0,110.0,133.0,201.0,235.0,409.0,574.0,717.0,892.0,1273.0,1495.0,1405.0,1363.0,1398.0,1243.0,1490.0,1356.0,1165.0,1184.0,1158.0,1128.0,1043.0,993.0,1051.0,1137.0,1084.0,1053.0,1102.0,966.0,904.0,973.0,1112.0,1167.0,1112.0,1056.0,1050.0,796.0,886.0,981.0,943.0,1121.0,1054.0,1004.0,1139.0,1131.0,1285.0,1291.0,1181.0,1393.0,1416.0,1410.0,1418.0,1404.0,1528.0,1453.0,1429.0,1302.0,1172.0,1177.0,911.0,937.0,809.0,675.0,507.0,420.0,412.0,372.0,231.0,227.0,251.0,171.0,155.0
2018/11/14,173.0,131.0,99.0,120.0,100.0,90.0,41.0,48.0,53.0,35.0,41.0,42.0,21.0,28.0,35.0,17.0,12.0,9.0,15.0,36.0,28.0,11.0,32.0,44.0,71.0,97.0,145.0,133.0,225.0,400.0,546.0,757.0,987.0,1197.0,1380.0,1559.0,1418.0,1295.0,1376.0,1469.0,1371.0,1051.0,1095.0,1088.0,1063.0,990.0,1067.0,1184.0,1214.0,1143.0,1145.0,1093.0,1137.0,1081.0,1022.0,1090.0,1009.0,1174.0,1199.0,1104.0,906.0,944.0,880.0,980.0,1064.0,1056.0,1190.0,1181.0,1392.0,1265.0,1171.0,1258.0,1350.0,1447.0,1351.0,1255.0,1389.0,1376.0,1339.0,1319.0,1431.0,1349.0,1216.0,1008.0,908.0,751.0,697.0,668.0,536.0,389.0,371.0,200.0,251.0,237.0,168.0,148.0
2018/11/15,183.0,145.0,114.0,149.0,103.0,104.0,111.0,33.0,53.0,44.0,14.0,21.0,25.0,21.0,21.0,20.0,27.0,14.0,17.0,15.0,13.0,14.0,29.0,25.0,68.0,63.0,124.0,143.0,247.0,429.0,515.0,683.0,898.0,1163.0,1481.0,1366.0,1622.0,1364.0,1490.0,1483.0,1290.0,1181.0,1071.0,958.0,1063.0,1107.0,1018.0,1093.0,1071.0,1149.0,1144.0,1149.0,1019.0,1005.0,1068.0,1152.0,1190.0,1279.0,1225.0,1253.0,1311.0,1051.0,1003.0,963.0,1051.0,1152.0,1230.0,1203.0,1203.0,1295.0,1227.0,1304.0,1290.0,1385.0,1485.0,1464.0,1471.0,1503.0,1353.0,1459.0,1392.0,1475.0,1180.0,1081.0,1136.0,854.0,700.0,618.0,553.0,407.0,361.0,235.0,253.0,264.0,262.0,159.0
2018/11/16,194.0,191.0,125.0,154.0,127.0,159.0,78.0,102.0,82.0,53.0,65.0,71.0,47.0,29.0,32.0,56.0,48.0,42.0,17.0,37.0,46.0,33.0,47.0,51.0,43.0,96.0,157.0,142.0,231.0,301.0,551.0,722.0,972.0,1148.0,1323.0,1457.0,1500.0,1460.0,1432.0,1304.0,1140.0,965.0,1110.0,1166.0,1081.0,1039.0,1089.0,1152.0,1099.0,1191.0,1093.0,1117.0,1182.0,1088.0,1083.0,1142.0,1204.0,1376.0,1377.0,1575.0,1433.0,1429.0,1258.0,1622.0,1526.0,1303.0,1366.0,1262.0,1305.0,1323.0,1270.0,1152.0,1343.0,1307.0,1193.0,1259.0,1261.0,1107.0,1025.0,1208.0,1064.0,1108.0,987.0,1031.0,1050.0,1238.0,1135.0,930.0,884.0,692.0,470.0,347.0,278.0,285.0,251.0,247.0
2018/11/17,210.0,314.0,254.0,243.0,222.0,178.0,205.0,259.0,216.0,172.0,151.0,115.0,174.0,119.0,155.0,77.0,113.0,114.0,94.0,107.0,104.0,103.0,125.0,63.0,71.0,79.0,80.0,78.0,104.0,124.0,133.0,161.0,191.0,236.0,272.0,405.0,435.0,403.0,417.0,569.0,789.0,602.0,744.0,713.0,939.0,963.0,1064.0,1151.0,1224.0,1167.0,1088.0,1270.0,1134.0,1126.0,1193.0,1072.0,1130.0,1082.0,1223.0,1161.0,746.0,582.0,462.0,469.0,430.0,533.0,491.0,442.0,584.0,647.0,716.0,786.0,754.0,855.0,957.0,963.0,1054.0,994.0,1089.0,791.0,932.0,921.0,962.0,1083.0,1082.0,1113.0,931.0,863.0,702.0,562.0,502.0,408.0,311.0,331.0,231.0,240.0
2018/11/18,259.0,298.0,215.0,232.0,210.0,214.0,240.0,175.0,189.0,185.0,152.0,131.0,201.0,111.0,101.0,113.0,135.0,106.0,118.0,107.0,103.0,84.0,68.0,82.0,69.0,160.0,119.0,92.0,88.0,100.0,83.0,85.0,142.0,126.0,151.0,161.0,217.0,207.0,227.0,302.0,375.0,380.0,552.0,518.0,625.0,690.0,803.0,891.0,769.0,888.0,905.0,985.0,1059.0,822.0,994.0,1097.0,1051.0,1180.0,1018.0,878.0,783.0,517.0,629.0,419.0,380.0,389.0,367.0,486.0,457.0,634.0,704.0,718.0,819.0,761.0,762.0,809.0,741.0,781.0,785.0,807.0,853.0,645.0,709.0,789.0,678.0,592.0,505.0,444.0,421.0,282.0,254.0,201.0,183.0,198.0,168.0,103.0
2018/11/19,115.0,117.0,84.0,59.0,63.0,67.0,40.0,33.0,35.0,11.0,28.0,8.0,25.0,14.0,22.0,44.0,23.0,-1.0,24.0,23.0,22.0,42.0,31.0,39.0,40.0,77.0,114.0,175.0,274.0,450.0,527.0,752.0,1006.0,1190.0,1415.0,1473.0,1468.0,1260.0,1261.0,1293.0,1286.0,1091.0,1094.0,1147.0,1022.0,1014.0,985.0,1072.0,1036.0,1012.0,954.0,1027.0,853.0,997.0,1103.0,920.0,1079.0,960.0,1050.0,902.0,789.0,812.0,897.0,984.0,971.0,1011.0,1162.0,1223.0,1198.0,1193.0,1201.0,1176.0,1259.0,1248.0,1421.0,1325.0,1309.0,1317.0,1398.0,1298.0,1288.0,1320.0,1190.0,1019.0,976.0,783.0,554.0,553.0,442.0,353.0,333.0,250.0,182.0,202.0,132.0,101.0
2018/11/20,133.0,144.0,104.0,96.0,66.0,49.0,61.0,49.0,33.0,29.0,41.0,33.0,25.0,26.0,17.0,30.0,7.0,33.0,15.0,38.0,28.0,40.0,33.0,37.0,56.0,94.0,137.0,187.0,237.0,439.0,517.0,789.0,1009.0,1165.0,1440.0,1443.0,1462.0,1277.0,1418.0,1415.0,1315.0,1211.0,1217.0,1017.0,1177.0,1038.0,1140.0,1171.0,1142.0,1011.0,1016.0,1139.0,953.0,1028.0,1085.0,1063.0,1053.0,1109.0,1089.0,961.0,866.0,803.0,922.0,1021.0,963.0,989.0,1058.0,1149.0,1306.0,1246.0,1108.0,1202.0,1227.0,1227.0,1356.0,1136.0,1362.0,1265.0,1320.0,1303.0,1143.0,1010.0,1109.0,839.0,904.0,727.0,805.0,659.0,472.0,414.0,304.0,227.0,216.0,239.0,181.0,151.0
2018/11/21,141.0,108.0,94.0,77.0,80.0,53.0,54.0,57.0,35.0,28.0,18.0,48.0,15.0,12.0,18.0,13.0,23.0,20.0,10.0,19.0,17.0,11.0,29.0,44.0,44.0,95.0,100.0,208.0,279.0,428.0,547.0,755.0,895.0,1161.0,1443.0,1581.0,1194.0,1307.0,1306.0,1408.0,1424.0,1288.0,1162.0,1087.0,1056.0,1162.0,985.0,1089.0,1165.0,1091.0,1131.0,1141.0,1191.0,1098.0,1058.0,1102.0,1146.0,1156.0,916.0,928.0,778.0,895.0,765.0,853.0,992.0,1074.0,1169.0,1228.0,1299.0,1280.0,963.0,1159.0,1260.0,1422.0,1443.0,1426.0,1471.0,1418.0,1230.0,1303.0,1422.0,1201.0,1092.0,975.0,943.0,742.0,769.0,564.0,475.0,408.0,304.0,240.0,214.0,272.0,181.0,197.0
2018/11/22,164.0,166.0,116.0,121.0,103.0,113.0,52.0,29.0,48.0,53.0,32.0,29.0,38.0,34.0,34.0,24.0,16.0,15.0,41.0,11.0,24.0,41.0,44.0,31.0,78.0,88.0,131.0,176.0,221.0,374.0,611.0,680.0,1055.0,1121.0,1372.0,1460.0,1570.0,1307.0,1373.0,1320.0,1347.0,1228.0,1316.0,1046.0,1137.0,1090.0,979.0,1134.0,1119.0,1192.0,1086.0,1099.0,1147.0,1025.0,974.0,936.0,1260.0,1107.0,1031.0,1069.0,840.0,833.0,938.0,1001.0,961.0,1025.0,1111.0,1228.0,1295.0,1295.0,1172.0,1209.0,1162.0,1252.0,1306.0,1304.0,1304.0,1390.0,1425.0,1235.0,1327.0,1305.0,954.0,1077.0,998.0,922.0,767.0,653.0,592.0,417.0,465.0,335.0,233.0,273.0,249.0,172.0
2018/11/23,170.0,202.0,179.0,194.0,173.0,143.0,106.0,110.0,82.0,99.0,62.0,64.0,69.0,52.0,33.0,62.0,44.0,47.0,43.0,40.0,56.0,24.0,39.0,49.0,57.0,105.0,146.0,164.0,236.0,412.0,536.0,660.0,967.0,1170.0,1405.0,1262.0,1405.0,1411.0,1308.0,1440.0,1323.0,1201.0,1024.0,1055.0,1106.0,1012.0,1145.0,1078.0,1219.0,1068.0,1061.0,1050.0,1145.0,1075.0,1063.0,1017.0,1043.0,1264.0,1419.0,1528.0,1259.0,1178.0,1358.0,1063.0,1455.0,1593.0,1445.0,1331.0,1476.0,1333.0,1228.0,1166.0,1195.0,1050.0,1197.0,1295.0,1217.0,1167.0,1111.0,1011.0,1103.0,1062.0,1151.0,1169.0,1051.0,1046.0,1149.0,987.0,815.0,657.0,507.0,435.0,349.0,248.0,231.0,281.0
2018/11/24,244.0,254.0,257.0,223.0,225.0,239.0,208.0,232.0,199.0,132.0,151.0,186.0,146.0,138.0,115.0,157.0,119.0,64.0,98.0,100.0,93.0,84.0,86.0,60.0,62.0,119.0,93.0,106.0,104.0,85.0,151.0,151.0,188.0,185.0,251.0,353.0,441.0,374.0,400.0,583.0,683.0,824.0,708.0,753.0,861.0,804.0,1125.0,1017.0,1171.0,1151.0,1159.0,1131.0,1144.0,1226.0,1098.0,1080.0,1137.0,1187.0,1205.0,1025.0,729.0,583.0,544.0,413.0,492.0,408.0,528.0,519.0,545.0,633.0,787.0,851.0,684.0,846.0,915.0,936.0,969.0,940.0,936.0,975.0,832.0,984.0,967.0,978.0,951.0,881.0,910.0,801.0,675.0,566.0,331.0,331.0,293.0,257.0,256.0,293.0
2018/11/25,256.0,198.0,192.0,183.0,243.0,195.0,134.0,138.0,203.0,192.0,110.0,129.0,136.0,103.0,110.0,149.0,91.0,94.0,114.0,67.0,75.0,97.0,132.0,65.0,51.0,79.0,80.0,87.0,86.0,89.0,122.0,118.0,120.0,157.0,189.0,169.0,219.0,145.0,272.0,414.0,483.0,445.0,535.0,506.0,659.0,681.0,776.0,845.0,895.0,868.0,890.0,971.0,1178.0,1094.0,1109.0,1072.0,1111.0,1153.0,1139.0,970.0,677.0,640.0,538.0,474.0,431.0,438.0,454.0,405.0,577.0,611.0,650.0,711.0,806.0,826.0,811.0,887.0,810.0,857.0,859.0,802.0,770.0,793.0,792.0,671.0,611.0,662.0,472.0,430.0,447.0,340.0,286.0,182.0,186.0,188.0,103.0,99.0
2018/11/26,85.0,104.0,79.0,86.0,37.0,65.0,58.0,56.0,22.0,16.0,13.0,37.0,16.0,5.0,34.0,11.0,5.0,16.0,29.0,17.0,18.0,24.0,34.0,35.0,41.0,127.0,126.0,162.0,267.0,349.0,570.0,685.0,832.0,1046.0,1343.0,1444.0,1333.0,1103.0,1194.0,1247.0,1172.0,1272.0,1169.0,1119.0,941.0,1065.0,930.0,941.0,1016.0,1067.0,1001.0,1093.0,1042.0,1096.0,922.0,955.0,1046.0,1056.0,954.0,854.0,788.0,805.0,848.0,1025.0,1109.0,1081.0,1026.0,1163.0,1238.0,1321.0,1187.0,1161.0,1270.0,1297.0,1358.0,1272.0,1319.0,1467.0,1438.0,1252.0,1257.0,991.0,919.0,808.0,669.0,761.0,676.0,491.0,455.0,374.0,296.0,190.0,227.0,203.0,175.0,148.0
2018/11/27,107.0,81.0,83.0,96.0,70.0,66.0,50.0,14.0,20.0,40.0,23.0,24.0,20.0,7.0,24.0,5.0,21.0,32.0,14.0,41.0,23.0,38.0,41.0,52.0,53.0,82.0,120.0,187.0,235.0,405.0,605.0,719.0,911.0,1146.0,1170.0,1483.0,1326.0,1391.0,1486.0,1495.0,1268.0,1262.0,1339.0,1211.0,1068.0,1060.0,1113.0,1112.0,1234.0,1243.0,1171.0,1063.0,1062.0,1016.0,1037.0,1098.0,1198.0,1082.0,1222.0,903.0,865.0,799.0,824.0,949.0,994.0,951.0,1224.0,1175.0,1151.0,1280.0,1227.0,1222.0,1304.0,1401.0,1345.0,1311.0,1185.0,1297.0,1291.0,1270.0,1241.0,1153.0,1050.0,856.0,769.0,649.0,761.0,540.0,467.0,440.0,332.0,226.0,191.0,257.0,173.0,163.0
2018/11/28,145.0,138.0,124.0,101.0,92.0,100.0,35.0,56.0,27.0,34.0,17.0,27.0,28.0,12.0,17.0,34.0,18.0,20.0,5.0,21.0,23.0,19.0,22.0,43.0,75.0,73.0,128.0,231.0,224.0,419.0,508.0,784.0,992.0,1159.0,1358.0,1400.0,1262.0,1139.0,1265.0,1300.0,1061.0,1023.0,944.0,1053.0,1084.0,1097.0,974.0,1067.0,1224.0,1100.0,1043.0,1042.0,1115.0,1164.0,1082.0,1126.0,1122.0,1292.0,1103.0,978.0,790.0,835.0,1038.0,1194.0,1096.0,1164.0,1172.0,991.0,1351.0,1564.0,1093.0,1058.0,1207.0,1151.0,1367.0,1452.0,1393.0,1543.0,1354.0,1391.0,1329.0,1237.0,1047.0,868.0,980.0,779.0,756.0,617.0,427.0,397.0,290.0,286.0,263.0,285.0,168.0,170.0
2018/11/29,171.0,130.0,136.0,127.0,89.0,96.0,69.0,65.0,47.0,30.0,32.0,29.0,27.0,19.0,19.0,32.0,14.0,20.0,17.0,31.0,15.0,26.0,25.0,29.0,22.0,88.0,150.0,211.0,230.0,334.0,582.0,764.0,997.0,1115.0,1469.0,1562.0,1430.0,1213.0,1359.0,1482.0,1320.0,1212.0,1111.0,1109.0,1131.0,1133.0,1029.0,1133.0,1205.0,1017.0,1166.0,1058.0,1047.0,1093.0,1121.0,1155.0,1209.0,1216.0,1176.0,932.0,982.0,843.0,807.0,796.0,1088.0,1101.0,1253.0,1270.0,1257.0,1364.0,1281.0,1146.0,1366.0,1333.0,1401.0,1429.0,1303.0,1355.0,1330.0,1509.0,1361.0,1371.0,1357.0,1149.0,1251.0,1016.0,828.0,662.0,545.0,516.0,312.0,370.0,257.0,281.0,295.0,218.0
2018/11/30,141.0,199.0,230.0,144.0,143.0,119.0,115.0,85.0,113.0,68.0,59.0,76.0,55.0,33.0,53.0,49.0,31.0,13.0,60.0,46.0,53.0,20.0,58.0,35.0,53.0,83.0,166.0,195.0,213.0,373.0,503.0,676.0,1023.0,1044.0,1501.0,1423.0,1528.0,1334.0,1400.0,1445.0,1188.0,963.0,1102.0,1104.0,1185.0,1102.0,1179.0,1151.0,1070.0,1344.0,1117.0,1157.0,1083.0,1166.0,1031.0,1160.0,1172.0,1240.0,1427.0,1432.0,1351.0,1216.0,1345.0,1158.0,1339.0,1227.0,1273.0,1351.0,1324.0,1295.0,1194.0,1353.0,1327.0,1412.0,1244.0,1288.0,1193.0,1133.0,972.0,937.0,1161.0,1067.0,1074.0,1212.0,1044.0,1250.0,1208.0,1107.0,874.0,703.0,517.0,373.0,232.0,335.0,246.0,238.0
2018/12/01,253.0,261.0,289.0,268.0,272.0,193.0,288.0,232.0,151.0,160.0,188.0,250.0,117.0,150.0,165.0,153.0,129.0,116.0,117.0,92.0,98.0,77.0,94.0,62.0,116.0,127.0,98.0,118.0,73.0,111.0,105.0,113.0,189.0,185.0,251.0,311.0,445.0,385.0,475.0,479.0,647.0,708.0,642.0,788.0,908.0,1062.0,1033.0,1084.0,1273.0,1150.0,1112.0,1326.0,1147.0,1126.0,1247.0,1180.0,1191.0,1215.0,1234.0,1127.0,920.0,551.0,665.0,489.0,442.0,438.0,436.0,503.0,618.0,666.0,773.0,805.0,854.0,959.0,920.0,936.0,1080.0,987.0,976.0,1205.0,1122.0,1109.0,1138.0,1089.0,978.0,972.0,982.0,759.0,715.0,607.0,511.0,422.0,407.0,420.0,314.0,277.0
2018/12/02,256.0,254.0,263.0,252.0,228.0,208.0,232.0,207.0,216.0,174.0,215.0,170.0,164.0,164.0,148.0,139.0,80.0,125.0,99.0,103.0,110.0,94.0,81.0,110.0,66.0,105.0,83.0,84.0,107.0,68.0,92.0,124.0,146.0,105.0,88.0,118.0,140.0,142.0,309.0,296.0,365.0,366.0,476.0,514.0,573.0,573.0,809.0,1001.0,806.0,780.0,885.0,1020.0,1150.0,1051.0,1067.0,1077.0,1075.0,1138.0,1025.0,816.0,793.0,532.0,522.0,439.0,439.0,419.0,479.0,414.0,631.0,549.0,690.0,746.0,935.0,821.0,766.0,845.0,778.0,816.0,700.0,759.0,737.0,757.0,709.0,722.0,683.0,636.0,559.0,429.0,460.0,355.0,357.0,309.0,181.0,304.0,197.0,169.0
2018/12/03,148.0,131.0,148.0,113.0,71.0,83.0,126.0,99.0,49.0,22.0,45.0,15.0,36.0,26.0,8.0,26.0,14.0,15.0,35.0,21.0,20.0,33.0,65.0,28.0,50.0,99.0,121.0,212.0,257.0,384.0,532.0,787.0,921.0,1158.0,1237.0,1572.0,1514.0,1337.0,1163.0,1373.0,1387.0,1252.0,1070.0,1203.0,1117.0,1101.0,1094.0,1001.0,1039.0,1131.0,1138.0,1152.0,1097.0,1053.0,983.0,1217.0,1119.0,1142.0,1035.0,1022.0,863.0,904.0,878.0,1015.0,910.0,1048.0,1143.0,1211.0,1286.0,1342.0,1107.0,1344.0,1172.0,1344.0,1323.0,1297.0,1252.0,1527.0,1459.0,1285.0,1086.0,1060.0,924.0,826.0,667.0,810.0,855.0,729.0,589.0,559.0,489.0,271.0,208.0,345.0,249.0,181.0
2018/12/04,137.0,170.0,88.0,101.0,77.0,63.0,30.0,41.0,46.0,38.0,36.0,31.0,26.0,32.0,7.0,21.0,7.0,7.0,24.0,35.0,43.0,27.0,41.0,61.0,75.0,89.0,123.0,149.0,225.0,410.0,575.0,707.0,1072.0,1254.0,1467.0,1448.0,1421.0,1369.0,1433.0,1456.0,1351.0,1211.0,1296.0,1140.0,1133.0,1033.0,1165.0,1121.0,1205.0,1231.0,1191.0,1152.0,1172.0,1029.0,1081.0,1194.0,1317.0,1257.0,1163.0,1007.0,1052.0,703.0,885.0,1094.0,1068.0,1054.0,1144.0,1211.0,1456.0,1412.0,1232.0,1209.0,1338.0,1383.0,1505.0,1386.0,1298.0,1358.0,1439.0,1370.0,1082.0,1301.0,1266.0,1138.0,961.0,933.0,694.0,613.0,454.0,454.0,368.0,234.0,260.0,221.0,198.0,172.0
2018/12/05,166.0,126.0,149.0,131.0,106.0,98.0,65.0,68.0,36.0,49.0,28.0,47.0,36.0,21.0,19.0,17.0,15.0,33.0,21.0,31.0,22.0,28.0,41.0,33.0,47.0,77.0,127.0,159.0,200.0,431.0,517.0,769.0,910.0,1108.0,1485.0,1355.0,1479.0,1429.0,1329.0,1433.0,1367.0,1138.0,1121.0,1139.0,1166.0,1125.0,1172.0,1282.0,1095.0,1212.0,1178.0,1276.0,1112.0,1130.0,1128.0,1203.0,1117.0,1184.0,1317.0,964.0,1167.0,1001.0,916.0,967.0,1045.0,1136.0,1178.0,1139.0,1391.0,1366.0,1343.0,1237.0,1287.0,1169.0,1487.0,1430.0,1402.0,1456.0,1460.0,1214.0,1302.0,1239.0,1173.0,1046.0,908.0,954.0,899.0,698.0,659.0,643.0,429.0,368.0,295.0,233.0,237.0,192.0
2018/12/06,221.0,204.0,187.0,186.0,139.0,124.0,146.0,169.0,149.0,125.0,77.0,107.0,111.0,36.0,75.0,97.0,82.0,63.0,51.0,112.0,40.0,59.0,84.0,87.0,58.0,104.0,92.0,124.0,99.0,117.0,128.0,161.0,166.0,188.0,167.0,231.0,245.0,185.0,277.0,383.0,421.0,458.0,565.0,427.0,530.0,605.0,684.0,758.0,701.0,864.0,901.0,965.0,945.0,857.0,990.0,1014.0,928.0,935.0,873.0,781.0,788.0,494.0,572.0,548.0,442.0,400.0,330.0,487.0,394.0,436.0,505.0,512.0,582.0,630.0,693.0,823.0,672.0,695.0,596.0,722.0,690.0,607.0,687.0,630.0,604.0,544.0,499.0,472.0,331.0,342.0,225.0,211.0,264.0,188.0,183.0,142.0
2018/12/07,164.0,133.0,150.0,144.0,98.0,77.0,71.0,59.0,51.0,41.0,34.0,76.0,72.0,45.0,31.0,61.0,32.0,21.0,31.0,36.0,28.0,55.0,20.0,16.0,27.0,112.0,103.0,116.0,168.0,291.0,319.0,420.0,509.0,531.0,560.0,705.0,631.0,709.0,628.0,778.0,795.0,852.0,815.0,901.0,943.0,979.0,934.0,916.0,1003.0,1154.0,1017.0,1083.0,1198.0,991.0,1042.0,1049.0,1107.0,1042.0,998.0,1135.0,867.0,671.0,785.0,659.0,695.0,716.0,591.0,684.0,714.0,802.0,744.0,869.0,886.0,1010.0,922.0,819.0,863.0,895.0,862.0,671.0,774.0,887.0,826.0,794.0,857.0,788.0,765.0,610.0,531.0,498.0,314.0,254.0,207.0,180.0,163.0,236.0
2018/12/08,189.0,242.0,192.0,165.0,185.0,163.0,131.0,126.0,108.0,140.0,81.0,65.0,141.0,86.0,45.0,68.0,71.0,57.0,84.0,64.0,51.0,57.0,73.0,82.0,26.0,95.0,79.0,124.0,100.0,91.0,76.0,131.0,108.0,93.0,103.0,136.0,183.0,168.0,273.0,332.0,376.0,406.0,322.0,520.0,535.0,559.0,605.0,730.0,776.0,838.0,824.0,911.0,743.0,924.0,938.0,901.0,929.0,873.0,739.0,717.0,548.0,397.0,420.0,408.0,372.0,278.0,409.0,383.0,560.0,650.0,594.0,604.0,657.0,723.0,645.0,898.0,630.0,686.0,737.0,787.0,793.0,740.0,806.0,711.0,779.0,746.0,751.0,526.0,491.0,403.0,382.0,245.0,221.0,222.0,213.0,241.0
2018/12/09,205.0,236.0,189.0,186.0,168.0,148.0,149.0,144.0,106.0,99.0,107.0,101.0,76.0,87.0,43.0,139.0,94.0,106.0,68.0,65.0,32.0,50.0,67.0,65.0,45.0,100.0,90.0,72.0,114.0,77.0,94.0,101.0,119.0,147.0,140.0,128.0,227.0,179.0,229.0,264.0,270.0,335.0,346.0,493.0,635.0,669.0,810.0,803.0,831.0,1003.0,894.0,997.0,951.0,1086.0,980.0,1231.0,1214.0,1081.0,941.0,803.0,890.0,630.0,669.0,515.0,483.0,627.0,625.0,671.0,689.0,675.0,738.0,744.0,801.0,866.0,955.0,953.0,952.0,899.0,776.0,848.0,824.0,794.0,706.0,661.0,588.0,454.0,528.0,438.0,359.0,390.0,283.0,249.0,229.0,264.0,222.0,269.0
2018/12/10,289.0,189.0,175.0,130.0,110.0,113.0,79.0,66.0,41.0,44.0,63.0,32.0,43.0,16.0,19.0,13.0,7.0,7.0,37.0,40.0,32.0,48.0,66.0,51.0,55.0,114.0,158.0,231.0,260.0,403.0,507.0,691.0,981.0,1205.0,1302.0,1507.0,1608.0,1452.0,1379.0,1370.0,1216.0,1060.0,1211.0,1216.0,1007.0,1042.0,1144.0,1100.0,1082.0,1121.0,1040.0,1137.0,1135.0,1033.0,1008.0,1133.0,1105.0,1116.0,1244.0,1023.0,894.0,806.0,825.0,910.0,1104.0,1148.0,1222.0,1229.0,1371.0,1242.0,1206.0,1334.0,1387.0,1416.0,1432.0,1313.0,1389.0,1578.0,1620.0,1586.0,1400.0,1471.0,1281.0,1067.0,942.0,849.0,675.0,626.0,551.0,401.0,302.0,212.0,257.0,191.0,175.0,138.0
2018/12/11,97.0,146.0,120.0,66.0,75.0,49.0,43.0,30.0,47.0,25.0,42.0,7.0,40.0,16.0,36.0,28.0,24.0,27.0,38.0,33.0,7.0,24.0,19.0,47.0,73.0,93.0,115.0,215.0,208.0,380.0,584.0,748.0,934.0,1011.0,1279.0,1495.0,1378.0,1482.0,1412.0,1426.0,1360.0,1175.0,1253.0,1250.0,1119.0,1150.0,1218.0,1173.0,1169.0,1075.0,1204.0,1210.0,1247.0,1022.0,1108.0,1248.0,1322.0,1229.0,1180.0,1127.0,1078.0,957.0,890.0,1070.0,1066.0,1091.0,1132.0,1203.0,1261.0,1414.0,1327.0,1197.0,1199.0,1301.0,1344.0,1438.0,1474.0,1459.0,1437.0,1358.0,1421.0,1225.0,1236.0,959.0,1095.0,1077.0,942.0,677.0,510.0,396.0,344.0,276.0,222.0,304.0,245.0,155.0
2018/12/12,166.0,187.0,158.0,146.0,91.0,111.0,84.0,45.0,60.0,22.0,38.0,18.0,58.0,16.0,20.0,40.0,9.0,17.0,9.0,28.0,15.0,28.0,29.0,32.0,66.0,95.0,126.0,147.0,228.0,404.0,519.0,694.0,917.0,953.0,1325.0,1422.0,1406.0,1308.0,1136.0,1385.0,1207.0,1182.0,1115.0,1155.0,1126.0,1040.0,991.0,1106.0,1131.0,1069.0,1145.0,1264.0,1252.0,1050.0,1180.0,1115.0,1100.0,1289.0,1252.0,1130.0,1054.0,874.0,810.0,950.0,1085.0,967.0,1288.0,1308.0,1376.0,1265.0,1207.0,1228.0,1387.0,1280.0,1384.0,1284.0,1142.0,1146.0,1278.0,1190.0,1263.0,1211.0,1226.0,1052.0,1011.0,950.0,883.0,686.0,519.0,389.0,290.0,262.0,315.0,267.0,253.0,195.0
2018/12/13,204.0,236.0,159.0,142.0,113.0,161.0,88.0,86.0,80.0,43.0,48.0,42.0,34.0,38.0,22.0,39.0,22.0,18.0,44.0,35.0,60.0,44.0,40.0,86.0,39.0,91.0,138.0,178.0,307.0,395.0,546.0,714.0,826.0,1013.0,1279.0,1391.0,1420.0,1419.0,1343.0,1161.0,1256.0,1267.0,1222.0,1280.0,1137.0,1168.0,1272.0,1319.0,1277.0,1236.0,1145.0,1240.0,1265.0,1431.0,1162.0,1214.0,1335.0,1371.0,1243.0,1225.0,1116.0,923.0,970.0,950.0,1035.0,1153.0,1218.0,1227.0,1408.0,1323.0,1292.0,1228.0,1415.0,1480.0,1466.0,1310.0,1540.0,1371.0,1333.0,1390.0,1414.0,1311.0,1382.0,1363.0,1456.0,1293.0,1086.0,831.0,714.0,592.0,428.0,370.0,291.0,317.0,327.0,239.0
2018/12/14,273.0,248.0,224.0,222.0,193.0,116.0,121.0,141.0,143.0,157.0,125.0,96.0,100.0,86.0,57.0,83.0,79.0,41.0,57.0,68.0,42.0,70.0,47.0,57.0,77.0,113.0,157.0,150.0,233.0,429.0,501.0,738.0,983.0,1128.0,1329.0,1464.0,1394.0,1418.0,1333.0,1332.0,1233.0,1134.0,1133.0,1198.0,1038.0,1156.0,1224.0,1251.0,1258.0,1256.0,1251.0,1238.0,1229.0,1222.0,1094.0,1228.0,1215.0,1335.0,1459.0,1374.0,1032.0,1236.0,1281.0,1139.0,1390.0,1196.0,1186.0,1024.0,1451.0,1226.0,1351.0,1374.0,1258.0,1234.0,1359.0,1312.0,1273.0,1393.0,1367.0,1234.0,1253.0,1215.0,1207.0,1272.0,1443.0,1441.0,1329.0,1445.0,1143.0,723.0,547.0,378.0,382.0,304.0,377.0,297.0
2018/12/15,263.0,268.0,362.0,277.0,294.0,320.0,301.0,317.0,238.0,250.0,208.0,208.0,196.0,191.0,212.0,172.0,147.0,105.0,154.0,113.0,134.0,119.0,155.0,123.0,108.0,110.0,136.0,92.0,109.0,123.0,134.0,129.0,160.0,215.0,259.0,362.0,388.0,408.0,456.0,468.0,719.0,810.0,812.0,982.0,996.0,1094.0,1205.0,1080.0,1432.0,1339.0,1319.0,1252.0,1397.0,1396.0,1258.0,1387.0,1336.0,1378.0,1391.0,1264.0,947.0,731.0,664.0,511.0,619.0,499.0,572.0,542.0,720.0,898.0,1012.0,1055.0,1185.0,1175.0,1126.0,1116.0,1102.0,1123.0,943.0,1057.0,990.0,1027.0,1080.0,1089.0,1204.0,1051.0,1258.0,1226.0,841.0,738.0,539.0,396.0,349.0,261.0,282.0,242.0
2018/12/16,266.0,364.0,293.0,263.0,321.0,265.0,246.0,226.0,261.0,259.0,195.0,182.0,181.0,198.0,140.0,203.0,234.0,194.0,157.0,119.0,99.0,95.0,88.0,77.0,123.0,120.0,78.0,66.0,106.0,107.0,117.0,137.0,208.0,239.0,258.0,295.0,198.0,212.0,218.0,410.0,482.0,484.0,628.0,698.0,742.0,768.0,941.0,947.0,1102.0,1166.0,1173.0,1170.0,1224.0,1169.0,1197.0,1192.0,1363.0,1194.0,1293.0,996.0,802.0,607.0,524.0,522.0,436.0,427.0,466.0,540.0,597.0,641.0,844.0,826.0,931.0,1082.0,1016.0,1047.0,802.0,926.0,874.0,907.0,878.0,794.0,833.0,758.0,683.0,597.0,664.0,571.0,480.0,351.0,245.0,244.0,199.0,179.0,206.0,136.0
2018/12/17,93.0,98.0,109.0,116.0,97.0,40.0,52.0,85.0,38.0,56.0,24.0,11.0,22.0,11.0,24.0,35.0,7.0,4.0,31.0,13.0,44.0,31.0,48.0,53.0,44.0,114.0,144.0,166.0,282.0,431.0,526.0,800.0,953.0,1179.0,1394.0,1438.0,1459.0,1461.0,1455.0,1410.0,1201.0,1145.0,1183.0,1083.0,1281.0,1150.0,1217.0,1235.0,1238.0,1278.0,1239.0,1181.0,1239.0,1123.0,1309.0,1219.0,1263.0,1325.0,1131.0,1053.0,1013.0,930.0,1060.0,941.0,1130.0,1182.0,1255.0,1341.0,1383.0,1273.0,1392.0,1408.0,1419.0,1415.0,1478.0,1443.0,1567.0,1495.0,1524.0,1382.0,1478.0,1186.0,1145.0,988.0,1046.0,923.0,713.0,650.0,505.0,440.0,355.0,276.0,212.0,232.0,163.0,160.0
2018/12/18,163.0,124.0,125.0,157.0,85.0,84.0,63.0,47.0,31.0,28.0,29.0,40.0,40.0,9.0,34.0,21.0,14.0,30.0,6.0,34.0,18.0,26.0,30.0,56.0,41.0,94.0,103.0,248.0,249.0,430.0,571.0,657.0,956.0,1154.0,1450.0,1450.0,1519.0,1625.0,1363.0,1451.0,1446.0,1200.0,1266.0,1130.0,1341.0,1197.0,1265.0,1374.0,1295.0,1364.0,1245.0,1299.0,1181.0,1289.0,1257.0,1166.0,1389.0,1416.0,1217.0,1170.0,1049.0,883.0,1152.0,1012.0,1149.0,1133.0,1249.0,1299.0,1343.0,1346.0,1249.0,1192.0,1157.0,1428.0,873.0,1005.0,1101.0,1482.0,1338.0,1405.0,1392.0,1421.0,1241.0,1168.0,1078.0,1087.0,839.0,669.0,505.0,424.0,424.0,253.0,224.0,277.0,209.0,191.0
2018/12/19,149.0,183.0,156.0,169.0,147.0,93.0,116.0,76.0,91.0,66.0,59.0,34.0,14.0,28.0,40.0,28.0,48.0,23.0,35.0,49.0,30.0,34.0,48.0,20.0,62.0,108.0,125.0,172.0,272.0,367.0,568.0,778.0,942.0,1091.0,1374.0,1500.0,1449.0,1433.0,1376.0,1480.0,1407.0,1196.0,1360.0,1247.0,1343.0,1201.0,1128.0,1226.0,1254.0,1389.0,1292.0,1238.0,1264.0,1296.0,1277.0,1221.0,1327.0,1323.0,1330.0,1212.0,1191.0,1054.0,1043.0,1076.0,1158.0,1154.0,1202.0,1279.0,1373.0,1319.0,1318.0,1453.0,1499.0,1457.0,1569.0,1429.0,1431.0,1394.0,1571.0,1432.0,1437.0,1037.0,1348.0,1387.0,1426.0,1396.0,1178.0,818.0,688.0,434.0,395.0,354.0,313.0,240.0,304.0,239.0
2018/12/20,228.0,261.0,189.0,237.0,197.0,181.0,118.0,114.0,87.0,84.0,96.0,73.0,76.0,43.0,53.0,47.0,41.0,42.0,49.0,71.0,52.0,27.0,39.0,53.0,36.0,113.0,114.0,159.0,256.0,422.0,549.0,697.0,924.0,1044.0,1402.0,1536.0,1491.0,1608.0,1500.0,1391.0,1418.0,1367.0,1359.0,1345.0,1303.0,1294.0,1408.0,1451.0,1493.0,1393.0,1312.0,1290.0,1373.0,1336.0,1292.0,1283.0,1348.0,1413.0,1285.0,1367.0,1068.0,1046.0,1101.0,1142.0,1107.0,1141.0,1196.0,1291.0,1377.0,1421.0,1284.0,1387.0,1430.0,1415.0,1328.0,1471.0,1565.0,1431.0,1262.0,1447.0,1463.0,1374.0,1458.0,1436.0,1507.0,1449.0,1379.0,1159.0,703.0,577.0,479.0,303.0,305.0,307.0,287.0,210.0
2018/12/21,294.0,231.0,237.0,293.0,240.0,169.0,241.0,190.0,210.0,154.0,210.0,208.0,142.0,75.0,140.0,126.0,121.0,137.0,94.0,129.0,103.0,103.0,110.0,100.0,90.0,172.0,134.0,200.0,293.0,352.0,490.0,661.0,948.0,935.0,1370.0,1353.0,1492.0,1524.0,1381.0,1451.0,1311.0,1323.0,1140.0,1257.0,1344.0,1194.0,1421.0,1412.0,1438.0,1465.0,1360.0,1379.0,1292.0,1303.0,1431.0,1504.0,1390.0,1393.0,1513.0,1648.0,1543.0,1424.0,1481.0,1666.0,1557.0,1361.0,1145.0,1238.0,1254.0,1207.0,1110.0,1184.0,1234.0,1329.0,1298.0,1239.0,1437.0,1315.0,1280.0,1115.0,1213.0,1131.0,1127.0,1184.0,1210.0,1203.0,1147.0,1185.0,955.0,684.0,514.0,367.0,331.0,265.0,206.0,270.0
2018/12/22,263.0,311.0,339.0,367.0,376.0,299.0,290.0,217.0,300.0,257.0,203.0,210.0,154.0,188.0,152.0,122.0,139.0,147.0,125.0,97.0,162.0,114.0,147.0,150.0,111.0,143.0,149.0,173.0,119.0,131.0,161.0,199.0,143.0,193.0,191.0,222.0,363.0,423.0,379.0,509.0,564.0,697.0,807.0,761.0,855.0,1004.0,1010.0,980.0,1099.0,1117.0,1274.0,1225.0,1348.0,1196.0,1232.0,1100.0,1341.0,1190.0,1157.0,1001.0,812.0,744.0,559.0,449.0,492.0,567.0,522.0,568.0,646.0,676.0,759.0,666.0,788.0,747.0,893.0,971.0,969.0,938.0,940.0,885.0,936.0,1015.0,958.0,885.0,990.0,932.0,940.0,821.0,777.0,642.0,414.0,363.0,243.0,237.0,279.0,250.0
2018/12/23,272.0,209.0,259.0,225.0,259.0,201.0,288.0,199.0,196.0,140.0,170.0,199.0,196.0,133.0,168.0,128.0,137.0,151.0,190.0,107.0,124.0,94.0,73.0,93.0,130.0,124.0,119.0,142.0,127.0,134.0,150.0,118.0,123.0,112.0,162.0,140.0,221.0,165.0,305.0,341.0,404.0,491.0,581.0,588.0,785.0,885.0,833.0,922.0,1019.0,1123.0,905.0,1078.0,1071.0,1061.0,1153.0,1047.0,1155.0,1135.0,978.0,940.0,774.0,586.0,532.0,430.0,440.0,530.0,470.0,537.0,592.0,714.0,742.0,717.0,864.0,874.0,832.0,939.0,918.0,817.0,886.0,805.0,823.0,883.0,886.0,866.0,912.0,816.0,642.0,606.0,587.0,451.0,335.0,284.0,211.0,221.0,197.0,139.0
2018/12/24,170.0,156.0,127.0,192.0,96.0,117.0,81.0,92.0,79.0,73.0,36.0,53.0,54.0,37.0,45.0,44.0,29.0,38.0,24.0,58.0,53.0,49.0,25.0,47.0,48.0,76.0,88.0,127.0,132.0,199.0,172.0,265.0,357.0,412.0,446.0,525.0,526.0,589.0,686.0,827.0,929.0,1066.0,1010.0,1171.0,1055.0,1127.0,1318.0,1299.0,1236.0,1349.0,1395.0,1297.0,1412.0,1369.0,1315.0,1314.0,1185.0,1152.0,1163.0,1023.0,803.0,713.0,738.0,626.0,608.0,718.0,715.0,609.0,612.0,622.0,665.0,651.0,662.0,651.0,782.0,806.0,659.0,616.0,685.0,677.0,693.0,804.0,779.0,743.0,821.0,729.0,464.0,348.0,160.0,115.0,67.0,93.0,106.0,97.0,118.0,155.0
2018/12/25,222.0,345.0,390.0,356.0,419.0,435.0,430.0,528.0,393.0,299.0,206.0,157.0,163.0,141.0,121.0,107.0,83.0,55.0,115.0,48.0,56.0,47.0,36.0,48.0,36.0,107.0,64.0,65.0,103.0,63.0,76.0,112.0,83.0,80.0,80.0,88.0,72.0,79.0,116.0,63.0,127.0,122.0,172.0,152.0,193.0,204.0,238.0,240.0,284.0,296.0,363.0,465.0,575.0,612.0,562.0,774.0,1098.0,915.0,1031.0,571.0,419.0,330.0,183.0,127.0,115.0,160.0,187.0,161.0,156.0,223.0,378.0,456.0,537.0,669.0,618.0,694.0,615.0,651.0,729.0,712.0,747.0,525.0,576.0,445.0,569.0,474.0,456.0,333.0,452.0,332.0,327.0,258.0,225.0,250.0,232.0,128.0
2018/12/26,150.0,126.0,117.0,87.0,124.0,73.0,32.0,60.0,40.0,26.0,7.0,20.0,12.0,29.0,41.0,28.0,19.0,13.0,5.0,32.0,17.0,27.0,22.0,17.0,31.0,94.0,133.0,170.0,156.0,230.0,331.0,472.0,529.0,553.0,657.0,693.0,837.0,799.0,817.0,870.0,917.0,919.0,985.0,962.0,961.0,1009.0,1247.0,1163.0,1182.0,1220.0,1226.0,1070.0,1250.0,1170.0,1148.0,1218.0,1152.0,1127.0,1066.0,892.0,796.0,759.0,748.0,775.0,937.0,780.0,712.0,858.0,956.0,910.0,998.0,1019.0,1172.0,1133.0,1252.0,1262.0,1341.0,1133.0,1013.0,910.0,963.0,926.0,905.0,939.0,828.0,771.0,861.0,669.0,473.0,432.0,393.0,358.0,230.0,234.0,222.0,205.0
2018/12/27,213.0,144.0,168.0,114.0,137.0,142.0,93.0,72.0,54.0,58.0,41.0,62.0,67.0,47.0,49.0,32.0,34.0,29.0,41.0,35.0,27.0,47.0,43.0,14.0,54.0,97.0,110.0,169.0,203.0,215.0,348.0,458.0,519.0,632.0,689.0,684.0,778.0,919.0,784.0,884.0,898.0,973.0,959.0,1093.0,1068.0,992.0,990.0,1143.0,1217.0,1142.0,1230.0,1225.0,1104.0,1216.0,1150.0,1121.0,1170.0,1316.0,1132.0,1167.0,917.0,783.0,865.0,893.0,667.0,822.0,901.0,917.0,990.0,879.0,987.0,983.0,1201.0,1248.0,1313.0,1300.0,1420.0,1240.0,994.0,989.0,949.0,870.0,1053.0,952.0,957.0,914.0,790.0,662.0,557.0,361.0,347.0,213.0,252.0,231.0,231.0,295.0
2018/12/28,232.0,136.0,205.0,195.0,144.0,130.0,127.0,112.0,69.0,61.0,53.0,49.0,54.0,77.0,51.0,27.0,33.0,59.0,43.0,32.0,53.0,26.0,36.0,53.0,59.0,144.0,149.0,163.0,175.0,258.0,344.0,414.0,541.0,536.0,649.0,724.0,721.0,835.0,702.0,767.0,901.0,913.0,940.0,970.0,1028.0,915.0,1095.0,1109.0,1116.0,1051.0,1064.0,1208.0,1181.0,1209.0,1152.0,1236.0,1042.0,1026.0,1245.0,1330.0,1208.0,1053.0,820.0,806.0,737.0,635.0,640.0,710.0,748.0,791.0,919.0,712.0,1097.0,798.0,973.0,900.0,1001.0,849.0,901.0,763.0,832.0,767.0,718.0,915.0,847.0,864.0,717.0,742.0,607.0,453.0,413.0,329.0,184.0,258.0,237.0,191.0
2018/12/29,163.0,222.0,242.0,168.0,169.0,158.0,189.0,177.0,122.0,122.0,145.0,114.0,102.0,107.0,118.0,62.0,79.0,94.0,89.0,98.0,85.0,63.0,67.0,77.0,84.0,98.0,103.0,102.0,108.0,97.0,120.0,163.0,133.0,138.0,163.0,160.0,279.0,251.0,311.0,436.0,460.0,581.0,539.0,610.0,708.0,585.0,729.0,881.0,706.0,979.0,949.0,968.0,912.0,918.0,902.0,960.0,904.0,872.0,911.0,817.0,686.0,539.0,530.0,430.0,434.0,357.0,443.0,465.0,494.0,529.0,598.0,681.0,704.0,637.0,813.0,859.0,912.0,845.0,773.0,772.0,785.0,775.0,706.0,835.0,692.0,764.0,791.0,592.0,410.0,461.0,357.0,224.0,264.0,226.0,192.0,153.0
2018/12/30,206.0,222.0,134.0,215.0,176.0,144.0,138.0,126.0,118.0,80.0,99.0,85.0,150.0,89.0,80.0,63.0,97.0,69.0,83.0,83.0,85.0,74.0,69.0,91.0,74.0,74.0,75.0,107.0,110.0,64.0,128.0,122.0,100.0,107.0,91.0,141.0,178.0,148.0,226.0,309.0,347.0,408.0,348.0,482.0,599.0,647.0,780.0,759.0,861.0,880.0,1019.0,920.0,971.0,935.0,828.0,879.0,912.0,758.0,881.0,595.0,611.0,466.0,443.0,409.0,353.0,339.0,457.0,409.0,485.0,604.0,541.0,627.0,716.0,604.0,713.0,717.0,874.0,701.0,803.0,755.0,803.0,815.0,766.0,727.0,771.0,733.0,553.0,467.0,456.0,444.0,285.0,214.0,207.0,155.0,177.0,175.0
2018/12/31,169.0,139.0,175.0,86.0,97.0,99.0,57.0,90.0,64.0,49.0,37.0,52.0,29.0,27.0,27.0,21.0,14.0,35.0,40.0,27.0,25.0,35.0,36.0,17.0,51.0,95.0,118.0,79.0,124.0,136.0,155.0,194.0,301.0,276.0,370.0,364.0,478.0,465.0,554.0,632.0,665.0,788.0,825.0,827.0,913.0,1097.0,1114.0,1029.0,1124.0,1161.0,1208.0,1238.0,1354.0,1334.0,1194.0,1206.0,1105.0,1039.0,1032.0,851.0,847.0,669.0,627.0,547.0,532.0,576.0,560.0,650.0,734.0,654.0,724.0,567.0,585.0,538.0,583.0,601.0,617.0,561.0,582.0,505.0,695.0,546.0,603.0,637.0,668.0,672.0,553.0,410.0,188.0,122.0,60.0,80.0,79.0,117.0,130.0,76.0
2019/01/01,48.0,43.0,106.0,257.0,414.0,524.0,668.0,816.0,751.0,620.0,417.0,362.0,319.0,206.0,160.0,143.0,151.0,118.0,166.0,126.0,97.0,120.0,97.0,116.0,116.0,119.0,90.0,105.0,117.0,102.0,136.0,133.0,120.0,72.0,107.0,93.0,136.0,113.0,100.0,87.0,97.0,140.0,144.0,174.0,176.0,176.0,143.0,199.0,244.0,189.0,209.0,254.0,375.0,345.0,446.0,420.0,571.0,635.0,638.0,473.0,334.0,273.0,193.0,178.0,163.0,201.0,251.0,212.0,255.0,338.0,346.0,397.0,457.0,501.0,518.0,533.0,562.0,496.0,475.0,510.0,452.0,447.0,353.0,389.0,532.0,345.0,364.0,374.0,374.0,271.0,229.0,148.0,160.0,190.0,138.0,85.0
2019/01/02,111.0,52.0,57.0,58.0,72.0,41.0,40.0,42.0,17.0,35.0,16.0,40.0,5.0,23.0,11.0,21.0,26.0,19.0,21.0,32.0,21.0,25.0,16.0,12.0,51.0,85.0,101.0,156.0,173.0,253.0,287.0,332.0,505.0,568.0,603.0,650.0,769.0,785.0,758.0,781.0,760.0,812.0,853.0,965.0,1008.0,866.0,1056.0,1067.0,1158.0,1127.0,982.0,1077.0,997.0,832.0,998.0,988.0,933.0,877.0,988.0,857.0,808.0,744.0,688.0,710.0,722.0,697.0,819.0,738.0,858.0,805.0,869.0,938.0,1026.0,1127.0,1057.0,1287.0,1161.0,1032.0,1068.0,976.0,828.0,802.0,897.0,773.0,848.0,756.0,695.0,517.0,453.0,397.0,319.0,283.0,181.0,223.0,171.0,158.0
2019/01/03,162.0,141.0,155.0,128.0,84.0,79.0,106.0,58.0,96.0,33.0,37.0,29.0,33.0,34.0,17.0,12.0,16.0,23.0,30.0,17.0,28.0,44.0,46.0,26.0,39.0,117.0,116.0,114.0,177.0,239.0,335.0,445.0,646.0,564.0,621.0,729.0,811.0,723.0,817.0,846.0,957.0,905.0,933.0,885.0,1124.0,1026.0,1001.0,1096.0,1197.0,1084.0,1151.0,1296.0,1215.0,1180.0,1043.0,1018.0,1216.0,1132.0,1006.0,1019.0,872.0,796.0,692.0,709.0,802.0,660.0,725.0,692.0,398.0,55.0,40.0,110.0,624.0,1058.0,969.0,1064.0,1133.0,1156.0,1141.0,1107.0,936.0,993.0,948.0,917.0,841.0,748.0,786.0,662.0,466.0,497.0,416.0,227.0,209.0,210.0,212.0,219.0
2019/01/04,207.0,235.0,145.0,168.0,85.0,120.0,80.0,87.0,79.0,45.0,81.0,41.0,47.0,38.0,40.0,42.0,34.0,21.0,26.0,25.0,36.0,53.0,54.0,41.0,49.0,107.0,132.0,138.0,173.0,251.0,332.0,432.0,579.0,526.0,628.0,658.0,810.0,794.0,843.0,787.0,879.0,1025.0,972.0,956.0,988.0,964.0,1153.0,1116.0,1249.0,1203.0,1219.0,1165.0,1123.0,1170.0,1090.0,1222.0,1189.0,1171.0,1321.0,1193.0,1234.0,1132.0,1040.0,1123.0,827.0,772.0,807.0,744.0,805.0,935.0,870.0,1049.0,1026.0,1075.0,1127.0,1140.0,1091.0,1057.0,913.0,908.0,917.0,1004.0,943.0,836.0,929.0,997.0,1126.0,882.0,608.0,499.0,402.0,342.0,269.0,315.0,225.0,233.0
2019/01/05,195.0,241.0,183.0,236.0,215.0,131.0,179.0,143.0,167.0,77.0,88.0,72.0,135.0,96.0,114.0,115.0,82.0,86.0,58.0,61.0,92.0,51.0,66.0,63.0,82.0,97.0,109.0,125.0,100.0,105.0,88.0,132.0,111.0,124.0,180.0,193.0,277.0,322.0,297.0,481.0,527.0,532.0,623.0,769.0,832.0,994.0,954.0,1016.0,982.0,1143.0,1229.0,1141.0,1170.0,1321.0,1234.0,1271.0,1135.0,1137.0,854.0,887.0,737.0,692.0,538.0,560.0,574.0,585.0,433.0,631.0,701.0,709.0,944.0,958.0,935.0,1014.0,1119.0,974.0,965.0,870.0,827.0,854.0,866.0,880.0,856.0,818.0,917.0,715.0,877.0,714.0,757.0,544.0,376.0,334.0,310.0,317.0,221.0,239.0
2019/01/06,243.0,259.0,183.0,228.0,178.0,164.0,117.0,106.0,116.0,128.0,109.0,138.0,122.0,61.0,103.0,93.0,78.0,64.0,56.0,82.0,42.0,51.0,44.0,61.0,63.0,90.0,140.0,71.0,69.0,112.0,86.0,76.0,103.0,84.0,72.0,101.0,162.0,175.0,204.0,198.0,205.0,321.0,314.0,363.0,387.0,458.0,511.0,509.0,614.0,589.0,731.0,617.0,823.0,885.0,923.0,835.0,997.0,907.0,913.0,805.0,566.0,391.0,321.0,248.0,266.0,325.0,476.0,493.0,510.0,527.0,643.0,804.0,891.0,832.0,825.0,742.0,716.0,683.0,590.0,509.0,479.0,549.0,541.0,675.0,749.0,641.0,616.0,448.0,504.0,356.0,249.0,311.0,237.0,250.0,235.0,195.0
2019/01/07,167.0,114.0,138.0,124.0,120.0,112.0,84.0,75.0,76.0,52.0,42.0,36.0,33.0,36.0,41.0,32.0,29.0,21.0,22.0,28.0,33.0,28.0,43.0,50.0,34.0,70.0,90.0,53.0,72.0,109.0,88.0,100.0,107.0,131.0,167.0,199.0,238.0,214.0,287.0,362.0,360.0,343.0,437.0,579.0,681.0,701.0,777.0,756.0,952.0,887.0,982.0,917.0,945.0,1054.0,1139.0,1008.0,1076.0,1069.0,970.0,959.0,714.0,595.0,564.0,496.0,442.0,474.0,480.0,478.0,601.0,642.0,741.0,742.0,829.0,893.0,921.0,869.0,1009.0,891.0,795.0,786.0,944.0,797.0,640.0,743.0,677.0,529.0,470.0,495.0,355.0,286.0,217.0,207.0,202.0,148.0,142.0,127.0
2019/01/08,102.0,107.0,76.0,99.0,27.0,56.0,47.0,27.0,16.0,34.0,18.0,18.0,26.0,16.0,29.0,22.0,6.0,25.0,13.0,32.0,23.0,37.0,38.0,43.0,76.0,107.0,163.0,138.0,271.0,375.0,542.0,717.0,894.0,1126.0,1335.0,1558.0,1453.0,1336.0,1344.0,1450.0,1176.0,1017.0,1077.0,1072.0,1154.0,1008.0,961.0,1044.0,1119.0,1135.0,1058.0,988.0,1020.0,1056.0,1078.0,1016.0,1118.0,1043.0,1028.0,983.0,966.0,779.0,893.0,852.0,1005.0,953.0,1221.0,1277.0,1157.0,1214.0,1035.0,1311.0,1172.0,1232.0,1544.0,1338.0,1422.0,1393.0,1375.0,1308.0,1224.0,1070.0,898.0,889.0,846.0,760.0,620.0,635.0,432.0,408.0,248.0,219.0,156.0,177.0,173.0,132.0
2019/01/09,142.0,119.0,113.0,61.0,88.0,56.0,36.0,31.0,18.0,33.0,33.0,26.0,9.0,22.0,12.0,7.0,13.0,20.0,19.0,27.0,30.0,24.0,36.0,21.0,27.0,113.0,103.0,183.0,295.0,368.0,513.0,737.0,910.0,1052.0,1337.0,1474.0,1437.0,1251.0,1369.0,1380.0,1239.0,1075.0,1035.0,930.0,1019.0,1004.0,999.0,1149.0,1136.0,1072.0,1079.0,1122.0,1216.0,995.0,1019.0,1013.0,1235.0,1290.0,1019.0,865.0,900.0,863.0,964.0,980.0,1068.0,1109.0,1156.0,1209.0,1320.0,1306.0,1194.0,1165.0,1419.0,1475.0,1425.0,1570.0,1397.0,1519.0,1414.0,1376.0,1421.0,1425.0,1244.0,1013.0,926.0,824.0,784.0,574.0,469.0,334.0,321.0,272.0,234.0,243.0,219.0,239.0
2019/01/10,186.0,202.0,126.0,123.0,113.0,105.0,45.0,27.0,27.0,55.0,37.0,43.0,42.0,9.0,31.0,16.0,12.0,32.0,17.0,40.0,16.0,38.0,32.0,31.0,51.0,94.0,169.0,159.0,245.0,348.0,507.0,645.0,884.0,1089.0,1435.0,1453.0,1497.0,1577.0,1447.0,1388.0,1274.0,937.0,999.0,1101.0,1118.0,1119.0,1088.0,1139.0,1220.0,1136.0,1096.0,1121.0,1193.0,1089.0,1131.0,1076.0,1173.0,1041.0,1067.0,913.0,1028.0,828.0,947.0,981.0,1026.0,999.0,1148.0,1101.0,1296.0,1381.0,1337.0,1203.0,1218.0,1449.0,1518.0,1459.0,1403.0,1488.0,1396.0,1359.0,1327.0,1266.0,1119.0,1059.0,788.0,816.0,764.0,575.0,484.0,505.0,289.0,312.0,289.0,299.0,282.0,170.0
2019/01/11,181.0,155.0,154.0,152.0,110.0,117.0,106.0,69.0,53.0,53.0,59.0,27.0,31.0,37.0,43.0,12.0,49.0,16.0,23.0,44.0,26.0,55.0,42.0,65.0,65.0,117.0,139.0,139.0,208.0,330.0,499.0,724.0,929.0,1059.0,1428.0,1412.0,1545.0,1429.0,1374.0,1147.0,1295.0,1017.0,1086.0,1093.0,1126.0,1023.0,1019.0,1082.0,1175.0,1110.0,1131.0,1002.0,1030.0,991.0,998.0,1156.0,1177.0,1149.0,1425.0,1500.0,1459.0,1569.0,1517.0,1592.0,1482.0,1343.0,1358.0,1345.0,1361.0,1490.0,1239.0,1053.0,1364.0,1027.0,1246.0,1198.0,1293.0,1218.0,1225.0,1198.0,1107.0,1061.0,1147.0,1076.0,1110.0,988.0,1060.0,1028.0,794.0,743.0,561.0,316.0,348.0,288.0,324.0,225.0
2019/01/12,221.0,252.0,255.0,244.0,240.0,166.0,144.0,127.0,110.0,95.0,119.0,94.0,90.0,61.0,54.0,77.0,58.0,56.0,68.0,61.0,44.0,51.0,70.0,64.0,67.0,125.0,135.0,103.0,108.0,131.0,96.0,152.0,162.0,154.0,228.0,268.0,370.0,367.0,382.0,518.0,642.0,690.0,797.0,822.0,869.0,979.0,1000.0,1155.0,1028.0,1177.0,1058.0,1156.0,1212.0,1148.0,1249.0,1302.0,1298.0,1226.0,1163.0,1011.0,675.0,575.0,527.0,486.0,511.0,494.0,454.0,471.0,567.0,647.0,711.0,768.0,873.0,912.0,895.0,932.0,1007.0,1061.0,1023.0,826.0,897.0,965.0,889.0,998.0,881.0,1003.0,817.0,859.0,690.0,673.0,465.0,359.0,254.0,274.0,231.0,171.0
2019/01/13,211.0,226.0,255.0,204.0,197.0,217.0,137.0,186.0,169.0,183.0,120.0,99.0,111.0,96.0,82.0,70.0,110.0,105.0,84.0,90.0,55.0,71.0,77.0,84.0,71.0,84.0,126.0,120.0,66.0,97.0,114.0,83.0,97.0,105.0,93.0,151.0,237.0,157.0,227.0,379.0,466.0,338.0,441.0,501.0,569.0,663.0,680.0,935.0,886.0,981.0,786.0,1018.0,1000.0,982.0,1024.0,955.0,1114.0,1100.0,1154.0,879.0,676.0,564.0,471.0,446.0,393.0,468.0,421.0,421.0,562.0,624.0,703.0,720.0,683.0,906.0,770.0,817.0,788.0,869.0,855.0,844.0,713.0,813.0,741.0,682.0,576.0,539.0,451.0,451.0,530.0,278.0,241.0,201.0,152.0,231.0,135.0,85.0
2019/01/14,111.0,132.0,105.0,44.0,43.0,51.0,31.0,26.0,56.0,21.0,34.0,43.0,24.0,29.0,31.0,21.0,15.0,7.0,0.0,16.0,16.0,26.0,25.0,26.0,41.0,110.0,111.0,115.0,253.0,375.0,503.0,764.0,899.0,1092.0,1296.0,1537.0,1549.0,1303.0,1337.0,1393.0,1214.0,1118.0,1105.0,1140.0,1027.0,1002.0,1163.0,1147.0,1216.0,1088.0,1149.0,1000.0,1048.0,1049.0,1108.0,1028.0,1111.0,1096.0,1061.0,968.0,910.0,817.0,795.0,999.0,1115.0,1003.0,1089.0,1097.0,1334.0,1311.0,1349.0,1228.0,1335.0,1332.0,1491.0,1472.0,1577.0,1426.0,1458.0,1342.0,1068.0,1088.0,948.0,832.0,753.0,712.0,647.0,487.0,425.0,340.0,307.0,199.0,216.0,203.0,130.0,128.0
2019/01/15,114.0,91.0,116.0,105.0,82.0,33.0,50.0,38.0,26.0,22.0,29.0,13.0,8.0,25.0,16.0,24.0,22.0,28.0,34.0,14.0,27.0,20.0,34.0,37.0,37.0,103.0,128.0,156.0,272.0,350.0,608.0,809.0,914.0,1214.0,1433.0,1407.0,1602.0,1330.0,1263.0,1357.0,1376.0,1272.0,944.0,1081.0,1096.0,1006.0,1043.0,1109.0,1280.0,1114.0,1099.0,934.0,1075.0,1000.0,1097.0,1035.0,1133.0,1107.0,1051.0,1062.0,942.0,778.0,921.0,879.0,1011.0,1026.0,1008.0,1025.0,1323.0,1212.0,1169.0,1235.0,1295.0,1435.0,1418.0,1453.0,1511.0,1421.0,1423.0,1321.0,1172.0,1119.0,1080.0,792.0,859.0,788.0,868.0,520.0,531.0,427.0,450.0,249.0,210.0,246.0,176.0,146.0
2019/01/16,172.0,171.0,117.0,116.0,93.0,65.0,73.0,48.0,38.0,36.0,29.0,31.0,20.0,23.0,18.0,31.0,20.0,15.0,13.0,39.0,25.0,38.0,25.0,26.0,45.0,140.0,145.0,154.0,249.0,352.0,489.0,735.0,830.0,1183.0,1281.0,1539.0,1236.0,1457.0,1178.0,1368.0,1186.0,996.0,1007.0,1074.0,1076.0,1074.0,1059.0,1019.0,1046.0,1019.0,1047.0,930.0,1097.0,930.0,1021.0,1067.0,1177.0,1152.0,1124.0,1025.0,942.0,806.0,930.0,983.0,908.0,1028.0,1081.0,1186.0,1325.0,1248.0,1141.0,1070.0,1286.0,1384.0,1552.0,1397.0,1596.0,1403.0,1313.0,1207.0,1111.0,1005.0,948.0,888.0,965.0,813.0,659.0,526.0,480.0,413.0,313.0,242.0,278.0,246.0,162.0,155.0
2019/01/17,156.0,163.0,93.0,114.0,89.0,94.0,72.0,50.0,34.0,38.0,35.0,43.0,22.0,19.0,27.0,36.0,28.0,19.0,22.0,52.0,32.0,35.0,24.0,35.0,44.0,100.0,128.0,129.0,235.0,371.0,496.0,687.0,945.0,1147.0,1300.0,1599.0,1544.0,1461.0,1319.0,1453.0,1235.0,907.0,1034.0,1003.0,1029.0,1010.0,1020.0,1127.0,955.0,1109.0,1060.0,1022.0,1107.0,940.0,1066.0,986.0,1051.0,1162.0,1165.0,986.0,854.0,801.0,898.0,875.0,876.0,963.0,1144.0,1135.0,1126.0,1192.0,1261.0,1179.0,1230.0,1199.0,1344.0,1181.0,1406.0,1342.0,1252.0,1309.0,1225.0,1092.0,1003.0,977.0,1003.0,787.0,777.0,646.0,516.0,491.0,342.0,291.0,271.0,245.0,181.0,255.0
2019/01/18,199.0,214.0,117.0,122.0,103.0,100.0,85.0,116.0,27.0,99.0,59.0,52.0,38.0,28.0,55.0,50.0,56.0,57.0,37.0,27.0,38.0,36.0,75.0,29.0,72.0,125.0,134.0,174.0,225.0,353.0,485.0,728.0,856.0,1122.0,1298.0,1417.0,1638.0,1350.0,1406.0,1347.0,1145.0,1117.0,987.0,1142.0,1103.0,958.0,985.0,1121.0,1213.0,1041.0,1169.0,1133.0,1223.0,1023.0,1103.0,1244.0,1152.0,1321.0,1247.0,1479.0,1442.0,1543.0,1236.0,1423.0,1327.0,1392.0,1359.0,1263.0,1381.0,1264.0,1213.0,1157.0,1156.0,1164.0,1089.0,1144.0,1137.0,966.0,1087.0,1005.0,990.0,1009.0,1085.0,957.0,995.0,979.0,1010.0,981.0,759.0,552.0,407.0,337.0,295.0,322.0,257.0,217.0
2019/01/19,216.0,229.0,268.0,211.0,232.0,134.0,174.0,177.0,167.0,143.0,128.0,119.0,126.0,134.0,93.0,97.0,77.0,85.0,101.0,88.0,84.0,35.0,80.0,98.0,80.0,116.0,93.0,96.0,130.0,118.0,102.0,169.0,179.0,163.0,249.0,283.0,385.0,351.0,416.0,591.0,557.0,691.0,618.0,728.0,866.0,912.0,1017.0,999.0,1049.0,1114.0,1084.0,1178.0,1162.0,1170.0,1049.0,1216.0,1323.0,1267.0,1205.0,1157.0,882.0,878.0,800.0,737.0,648.0,694.0,508.0,435.0,455.0,489.0,615.0,709.0,705.0,739.0,781.0,890.0,842.0,934.0,958.0,1089.0,988.0,837.0,838.0,870.0,899.0,933.0,927.0,773.0,658.0,595.0,401.0,285.0,293.0,277.0,248.0,233.0
2019/01/20,213.0,233.0,239.0,257.0,209.0,210.0,176.0,216.0,169.0,127.0,176.0,107.0,182.0,168.0,115.0,125.0,73.0,96.0,116.0,77.0,119.0,88.0,45.0,71.0,79.0,104.0,86.0,97.0,102.0,80.0,92.0,98.0,121.0,118.0,132.0,113.0,143.0,150.0,186.0,249.0,305.0,289.0,396.0,549.0,622.0,631.0,609.0,722.0,764.0,782.0,848.0,792.0,996.0,907.0,990.0,1114.0,965.0,1147.0,1104.0,924.0,699.0,551.0,390.0,467.0,395.0,344.0,441.0,385.0,516.0,555.0,726.0,684.0,761.0,658.0,798.0,712.0,824.0,738.0,803.0,825.0,759.0,764.0,783.0,644.0,681.0,621.0,500.0,390.0,465.0,316.0,262.0,181.0,189.0,162.0,137.0,131.0
2019/01/21,87.0,106.0,129.0,85.0,81.0,44.0,19.0,24.0,16.0,36.0,21.0,20.0,18.0,9.0,21.0,19.0,9.0,22.0,25.0,27.0,25.0,49.0,32.0,18.0,19.0,103.0,103.0,132.0,187.0,371.0,438.0,675.0,841.0,1051.0,1332.0,1628.0,1464.0,1337.0,1285.0,1167.0,1012.0,956.0,840.0,888.0,925.0,815.0,840.0,879.0,895.0,842.0,966.0,983.0,922.0,867.0,1004.0,943.0,1035.0,858.0,960.0,831.0,784.0,793.0,718.0,829.0,887.0,956.0,957.0,1098.0,1025.0,1190.0,1185.0,1037.0,1165.0,1265.0,1317.0,1294.0,1469.0,1434.0,1334.0,1102.0,1033.0,923.0,873.0,717.0,740.0,675.0,543.0,363.0,340.0,267.0,205.0,155.0,218.0,151.0,104.0,111.0
2019/01/22,82.0,63.0,61.0,28.0,57.0,16.0,16.0,43.0,9.0,6.0,5.0,16.0,12.0,7.0,7.0,26.0,14.0,0.0,5.0,38.0,20.0,26.0,26.0,16.0,17.0,98.0,141.0,143.0,216.0,363.0,424.0,749.0,905.0,1152.0,1360.0,1420.0,1464.0,1380.0,1246.0,1330.0,1058.0,872.0,913.0,898.0,858.0,924.0,881.0,890.0,906.0,922.0,935.0,851.0,1072.0,1110.0,962.0,921.0,1031.0,1099.0,1038.0,965.0,802.0,676.0,747.0,778.0,848.0,1019.0,1063.0,1105.0,1220.0,1230.0,1181.0,1150.0,1223.0,1268.0,1431.0,1491.0,1522.0,1472.0,1433.0,1297.0,1207.0,851.0,971.0,763.0,781.0,626.0,654.0,449.0,355.0,365.0,303.0,164.0,177.0,176.0,137.0,141.0
2019/01/23,102.0,100.0,71.0,60.0,85.0,54.0,27.0,19.0,49.0,31.0,16.0,25.0,24.0,7.0,21.0,27.0,21.0,8.0,6.0,20.0,7.0,26.0,36.0,13.0,21.0,135.0,95.0,128.0,196.0,388.0,467.0,681.0,828.0,1102.0,1265.0,1472.0,1552.0,1315.0,1423.0,1150.0,1173.0,891.0,853.0,938.0,913.0,810.0,960.0,934.0,933.0,804.0,920.0,989.0,991.0,917.0,999.0,1031.0,1130.0,1172.0,1002.0,859.0,695.0,771.0,863.0,846.0,810.0,1103.0,1122.0,1170.0,1313.0,1243.0,1035.0,1038.0,1181.0,1322.0,1329.0,1353.0,1482.0,1398.0,1262.0,1356.0,1175.0,1021.0,837.0,819.0,943.0,745.0,695.0,394.0,323.0,360.0,257.0,229.0,199.0,244.0,172.0,98.0
2019/01/24,117.0,124.0,101.0,72.0,120.0,67.0,20.0,17.0,26.0,41.0,19.0,18.0,13.0,7.0,39.0,21.0,32.0,24.0,18.0,45.0,21.0,14.0,21.0,36.0,51.0,120.0,74.0,126.0,204.0,343.0,420.0,658.0,865.0,1138.0,1353.0,1367.0,1519.0,1181.0,1332.0,1300.0,1177.0,981.0,953.0,1024.0,985.0,870.0,968.0,991.0,1084.0,1005.0,945.0,939.0,1071.0,931.0,1023.0,1113.0,952.0,1074.0,1003.0,848.0,863.0,642.0,759.0,768.0,831.0,898.0,1031.0,1159.0,1178.0,1193.0,1163.0,1000.0,1307.0,1340.0,1419.0,1417.0,1500.0,1265.0,1338.0,1458.0,1312.0,1266.0,1095.0,1132.0,1018.0,944.0,732.0,559.0,355.0,478.0,283.0,209.0,211.0,242.0,168.0,161.0
2019/01/25,232.0,152.0,105.0,126.0,140.0,91.0,33.0,71.0,75.0,50.0,59.0,59.0,19.0,39.0,28.0,49.0,34.0,33.0,32.0,48.0,45.0,55.0,33.0,45.0,45.0,123.0,154.0,124.0,226.0,296.0,409.0,647.0,891.0,980.0,1373.0,1539.0,1431.0,1284.0,1185.0,1179.0,1041.0,857.0,934.0,955.0,1004.0,963.0,882.0,957.0,1080.0,1017.0,1017.0,915.0,842.0,970.0,932.0,968.0,1102.0,1152.0,1354.0,1514.0,1478.0,1455.0,1159.0,1421.0,1332.0,1210.0,1087.0,1104.0,1119.0,1399.0,1220.0,1197.0,1035.0,1159.0,1041.0,1054.0,1043.0,956.0,952.0,1020.0,871.0,891.0,953.0,902.0,1002.0,986.0,1058.0,863.0,724.0,544.0,346.0,290.0,223.0,237.0,192.0,198.0
2019/01/26,212.0,168.0,129.0,187.0,213.0,163.0,167.0,103.0,123.0,132.0,95.0,71.0,95.0,53.0,79.0,55.0,45.0,40.0,58.0,97.0,60.0,62.0,45.0,54.0,75.0,133.0,85.0,115.0,80.0,62.0,94.0,157.0,137.0,104.0,190.0,284.0,333.0,323.0,316.0,349.0,595.0,605.0,643.0,748.0,839.0,741.0,784.0,854.0,963.0,981.0,967.0,1064.0,994.0,1083.0,939.0,1027.0,1046.0,980.0,1067.0,907.0,707.0,542.0,466.0,382.0,405.0,443.0,479.0,507.0,640.0,601.0,612.0,539.0,729.0,840.0,784.0,962.0,850.0,942.0,957.0,861.0,894.0,912.0,813.0,991.0,867.0,906.0,1041.0,753.0,674.0,551.0,411.0,305.0,249.0,196.0,198.0,199.0
2019/01/27,252.0,233.0,221.0,143.0,139.0,99.0,179.0,107.0,83.0,104.0,80.0,90.0,108.0,77.0,91.0,41.0,58.0,55.0,36.0,38.0,57.0,32.0,61.0,25.0,55.0,200.0,70.0,70.0,40.0,58.0,82.0,108.0,125.0,105.0,167.0,175.0,147.0,155.0,209.0,262.0,392.0,369.0,520.0,604.0,522.0,625.0,749.0,837.0,747.0,777.0,779.0,890.0,924.0,942.0,977.0,906.0,1081.0,1082.0,1053.0,799.0,581.0,443.0,393.0,316.0,340.0,403.0,441.0,478.0,554.0,505.0,617.0,681.0,694.0,717.0,767.0,730.0,740.0,706.0,667.0,765.0,799.0,577.0,681.0,658.0,508.0,531.0,415.0,384.0,394.0,284.0,199.0,195.0,184.0,223.0,150.0,77.0
2019/01/28,87.0,72.0,90.0,65.0,48.0,31.0,60.0,36.0,24.0,12.0,7.0,13.0,36.0,11.0,26.0,13.0,20.0,7.0,34.0,33.0,18.0,23.0,36.0,70.0,51.0,95.0,124.0,145.0,270.0,270.0,485.0,740.0,810.0,1202.0,1283.0,1538.0,1348.0,1262.0,1287.0,1137.0,955.0,966.0,922.0,863.0,977.0,881.0,987.0,946.0,907.0,835.0,896.0,907.0,908.0,1011.0,908.0,880.0,897.0,909.0,1030.0,888.0,772.0,648.0,707.0,854.0,964.0,1001.0,1036.0,1108.0,1058.0,1301.0,1176.0,1189.0,1058.0,1144.0,1186.0,1245.0,1306.0,1301.0,1216.0,1052.0,957.0,951.0,864.0,713.0,757.0,683.0,621.0,444.0,461.0,316.0,271.0,197.0,186.0,215.0,132.0,105.0
2019/01/29,62.0,60.0,65.0,81.0,55.0,30.0,21.0,35.0,24.0,37.0,35.0,19.0,41.0,19.0,12.0,15.0,17.0,13.0,17.0,24.0,16.0,25.0,25.0,32.0,54.0,99.0,122.0,129.0,220.0,321.0,442.0,733.0,985.0,1189.0,1385.0,1469.0,1488.0,1337.0,1299.0,1464.0,1083.0,1102.0,900.0,1066.0,848.0,1005.0,941.0,911.0,811.0,906.0,980.0,958.0,953.0,861.0,883.0,951.0,995.0,976.0,892.0,880.0,799.0,723.0,784.0,736.0,874.0,841.0,984.0,1153.0,1127.0,1128.0,1049.0,1045.0,1240.0,1270.0,1340.0,1347.0,1177.0,1214.0,1248.0,987.0,1064.0,935.0,906.0,684.0,748.0,741.0,527.0,413.0,420.0,395.0,271.0,184.0,161.0,209.0,140.0,102.0
2019/01/30,111.0,108.0,89.0,95.0,66.0,46.0,26.0,44.0,28.0,14.0,30.0,5.0,20.0,16.0,17.0,18.0,0.0,5.0,16.0,26.0,23.0,33.0,23.0,23.0,31.0,91.0,109.0,129.0,248.0,343.0,442.0,698.0,766.0,1215.0,1228.0,1623.0,1373.0,1368.0,1313.0,1171.0,1129.0,994.0,914.0,878.0,970.0,993.0,990.0,942.0,1003.0,883.0,906.0,1056.0,953.0,959.0,901.0,1057.0,969.0,996.0,921.0,785.0,719.0,760.0,754.0,865.0,845.0,946.0,983.0,1063.0,1077.0,1236.0,1167.0,1143.0,1145.0,1306.0,1325.0,1284.0,1463.0,1217.0,1301.0,1278.0,1229.0,1147.0,1051.0,878.0,999.0,845.0,634.0,456.0,382.0,358.0,277.0,255.0,168.0,183.0,139.0,128.0
2019/01/31,84.0,100.0,91.0,65.0,75.0,58.0,47.0,83.0,48.0,34.0,38.0,23.0,24.0,12.0,20.0,7.0,10.0,9.0,19.0,40.0,24.0,24.0,26.0,19.0,33.0,111.0,100.0,109.0,234.0,337.0,508.0,641.0,884.0,1166.0,1395.0,1604.0,1252.0,1349.0,1202.0,1305.0,1178.0,930.0,888.0,945.0,898.0,972.0,909.0,968.0,941.0,948.0,991.0,872.0,986.0,1090.0,999.0,1156.0,1005.0,1145.0,1039.0,904.0,747.0,809.0,688.0,766.0,864.0,911.0,1084.0,1177.0,1215.0,1331.0,1233.0,1079.0,1121.0,1272.0,1577.0,1417.0,1541.0,1464.0,1265.0,1304.0,1343.0,1130.0,1095.0,1124.0,909.0,890.0,806.0,612.0,456.0,368.0,286.0,246.0,215.0,227.0,191.0,186.0
2019/02/01,137.0,129.0,130.0,109.0,88.0,92.0,73.0,76.0,58.0,37.0,70.0,31.0,25.0,18.0,18.0,30.0,22.0,19.0,22.0,25.0,33.0,26.0,33.0,31.0,39.0,87.0,107.0,137.0,198.0,308.0,470.0,688.0,866.0,1189.0,1444.0,1309.0,1510.0,1385.0,1256.0,1183.0,1033.0,990.0,988.0,937.0,1067.0,911.0,928.0,989.0,1055.0,1017.0,1139.0,996.0,1037.0,1012.0,963.0,1101.0,1196.0,1182.0,1539.0,1463.0,1542.0,1489.0,1246.0,1545.0,1341.0,1350.0,1356.0,1291.0,1468.0,1323.0,1200.0,1164.0,1111.0,1064.0,1014.0,1007.0,1050.0,1105.0,952.0,898.0,1017.0,1005.0,949.0,1003.0,1112.0,978.0,975.0,817.0,615.0,527.0,371.0,314.0,237.0,253.0,190.0,193.0
2019/02/02,166.0,157.0,175.0,220.0,220.0,118.0,159.0,105.0,111.0,111.0,39.0,92.0,97.0,66.0,79.0,61.0,50.0,49.0,52.0,95.0,73.0,84.0,48.0,33.0,59.0,73.0,103.0,113.0,76.0,104.0,87.0,113.0,133.0,175.0,182.0,278.0,263.0,363.0,403.0,492.0,594.0,581.0,631.0,760.0,835.0,897.0,792.0,963.0,1082.0,959.0,1079.0,1042.0,1136.0,965.0,1155.0,1092.0,1135.0,1129.0,1097.0,937.0,764.0,648.0,493.0,407.0,408.0,344.0,543.0,499.0,448.0,599.0,655.0,727.0,678.0,597.0,667.0,765.0,939.0,873.0,737.0,695.0,867.0,726.0,807.0,769.0,816.0,879.0,883.0,775.0,611.0,410.0,357.0,300.0,206.0,202.0,133.0,242.0
2019/02/03,233.0,166.0,173.0,230.0,197.0,128.0,162.0,114.0,109.0,87.0,101.0,88.0,88.0,56.0,64.0,34.0,78.0,71.0,61.0,35.0,50.0,16.0,47.0,44.0,33.0,64.0,63.0,82.0,65.0,60.0,91.0,104.0,113.0,125.0,100.0,112.0,163.0,153.0,170.0,202.0,360.0,290.0,384.0,508.0,640.0,545.0,655.0,724.0,783.0,801.0,793.0,909.0,933.0,905.0,871.0,852.0,929.0,1145.0,960.0,745.0,553.0,476.0,463.0,403.0,319.0,321.0,434.0,542.0,573.0,581.0,545.0,572.0,704.0,644.0,680.0,740.0,778.0,816.0,787.0,938.0,951.0,971.0,929.0,606.0,651.0,499.0,479.0,403.0,449.0,290.0,238.0,216.0,263.0,299.0,119.0,99.0
2019/02/04,101.0,99.0,62.0,44.0,32.0,32.0,30.0,30.0,32.0,28.0,37.0,20.0,55.0,4.0,29.0,20.0,17.0,18.0,21.0,29.0,19.0,11.0,22.0,18.0,34.0,106.0,124.0,156.0,191.0,314.0,452.0,750.0,895.0,1099.0,1329.0,1577.0,1534.0,1317.0,1315.0,1273.0,1115.0,979.0,999.0,849.0,996.0,952.0,877.0,785.0,915.0,827.0,867.0,891.0,839.0,833.0,972.0,1084.0,1058.0,1076.0,943.0,840.0,734.0,853.0,777.0,780.0,913.0,943.0,986.0,1029.0,1270.0,1243.0,1165.0,983.0,1143.0,1307.0,1278.0,1447.0,1361.0,1422.0,1448.0,1221.0,1099.0,953.0,854.0,746.0,703.0,564.0,648.0,392.0,387.0,295.0,229.0,179.0,185.0,147.0,141.0,90.0
2019/02/05,73.0,57.0,45.0,67.0,40.0,67.0,17.0,27.0,17.0,14.0,14.0,11.0,27.0,16.0,21.0,0.0,25.0,14.0,10.0,20.0,13.0,26.0,27.0,31.0,24.0,117.0,68.0,137.0,236.0,353.0,462.0,595.0,823.0,1166.0,1413.0,1519.0,1524.0,1258.0,1294.0,1150.0,1143.0,891.0,920.0,815.0,851.0,822.0,933.0,834.0,1030.0,827.0,992.0,1021.0,769.0,1033.0,932.0,898.0,998.0,1019.0,958.0,785.0,733.0,694.0,773.0,792.0,799.0,891.0,1078.0,1100.0,1016.0,1240.0,961.0,1179.0,1177.0,1279.0,1432.0,1235.0,1440.0,1326.0,1236.0,1243.0,1211.0,948.0,982.0,985.0,795.0,717.0,580.0,466.0,384.0,347.0,304.0,207.0,194.0,189.0,138.0,115.0
2019/02/06,121.0,85.0,86.0,85.0,49.0,36.0,25.0,26.0,27.0,43.0,27.0,16.0,12.0,20.0,13.0,27.0,32.0,4.0,12.0,32.0,12.0,17.0,31.0,29.0,39.0,102.0,157.0,158.0,216.0,326.0,506.0,834.0,906.0,1180.0,1324.0,1485.0,1586.0,1452.0,1343.0,1449.0,1155.0,1120.0,1044.0,974.0,1020.0,970.0,913.0,1009.0,1001.0,1079.0,1044.0,1103.0,1100.0,1140.0,1119.0,1131.0,1078.0,1194.0,1087.0,955.0,835.0,869.0,835.0,894.0,948.0,911.0,1140.0,1168.0,1207.0,1400.0,1039.0,1095.0,1275.0,1400.0,1417.0,1421.0,1488.0,1482.0,1396.0,1280.0,1342.0,1274.0,1067.0,1050.0,881.0,646.0,539.0,552.0,431.0,301.0,204.0,168.0,186.0,307.0,222.0,174.0
2019/02/07,134.0,145.0,135.0,89.0,77.0,58.0,31.0,33.0,23.0,41.0,33.0,35.0,28.0,17.0,40.0,11.0,39.0,7.0,9.0,31.0,19.0,22.0,33.0,33.0,28.0,96.0,115.0,171.0,235.0,375.0,455.0,684.0,921.0,1202.0,1370.0,1498.0,1552.0,1327.0,1404.0,1348.0,1312.0,1142.0,1061.0,1113.0,1140.0,929.0,974.0,981.0,1107.0,1003.0,1049.0,1027.0,1093.0,1055.0,934.0,1097.0,1149.0,1164.0,1117.0,868.0,820.0,803.0,896.0,795.0,946.0,1024.0,1058.0,1310.0,1229.0,1250.0,1167.0,1170.0,1320.0,1367.0,1472.0,1448.0,1420.0,1354.0,1404.0,1351.0,1432.0,1393.0,1086.0,1162.0,935.0,750.0,752.0,636.0,542.0,416.0,385.0,236.0,260.0,232.0,203.0,126.0
2019/02/08,205.0,169.0,139.0,122.0,105.0,70.0,59.0,68.0,40.0,92.0,49.0,39.0,25.0,31.0,29.0,46.0,25.0,34.0,24.0,45.0,31.0,34.0,48.0,45.0,40.0,108.0,118.0,165.0,229.0,381.0,488.0,700.0,845.0,1079.0,1411.0,1559.0,1557.0,1387.0,1447.0,1494.0,1155.0,1107.0,1075.0,952.0,985.0,964.0,1095.0,1101.0,1103.0,949.0,1007.0,992.0,1033.0,1051.0,952.0,1134.0,1217.0,1169.0,1318.0,1420.0,1526.0,1538.0,1387.0,1471.0,1565.0,1489.0,1393.0,1389.0,1368.0,1491.0,1229.0,1137.0,1153.0,1229.0,1276.0,1209.0,1086.0,1102.0,1034.0,1073.0,956.0,1047.0,1104.0,1042.0,1125.0,1143.0,994.0,873.0,735.0,533.0,382.0,330.0,349.0,352.0,297.0,222.0
2019/02/09,181.0,264.0,218.0,253.0,186.0,227.0,163.0,163.0,177.0,142.0,139.0,126.0,117.0,89.0,97.0,97.0,87.0,61.0,65.0,93.0,95.0,58.0,92.0,99.0,137.0,143.0,97.0,124.0,103.0,117.0,128.0,147.0,163.0,180.0,232.0,298.0,325.0,335.0,442.0,556.0,579.0,613.0,639.0,687.0,804.0,969.0,856.0,810.0,1123.0,1000.0,1114.0,1044.0,1118.0,1215.0,1086.0,1074.0,1140.0,1120.0,980.0,816.0,814.0,501.0,439.0,400.0,453.0,486.0,454.0,457.0,426.0,478.0,533.0,589.0,658.0,648.0,803.0,747.0,905.0,906.0,943.0,806.0,814.0,777.0,837.0,777.0,979.0,864.0,886.0,861.0,596.0,557.0,415.0,296.0,238.0,226.0,182.0,223.0
2019/02/10,372.0,289.0,221.0,167.0,195.0,203.0,182.0,176.0,170.0,158.0,134.0,147.0,136.0,104.0,118.0,68.0,93.0,79.0,82.0,80.0,107.0,96.0,68.0,49.0,76.0,101.0,94.0,85.0,90.0,87.0,113.0,155.0,137.0,137.0,73.0,139.0,182.0,195.0,253.0,382.0,493.0,409.0,567.0,646.0,930.0,1095.0,1317.0,1285.0,1212.0,921.0,980.0,851.0,804.0,895.0,817.0,953.0,866.0,1019.0,928.0,788.0,701.0,493.0,494.0,337.0,391.0,399.0,417.0,515.0,564.0,432.0,612.0,703.0,705.0,752.0,741.0,784.0,680.0,689.0,740.0,749.0,731.0,808.0,711.0,594.0,643.0,491.0,545.0,465.0,422.0,316.0,191.0,275.0,194.0,247.0,153.0,97.0
2019/02/11,133.0,68.0,98.0,52.0,53.0,63.0,60.0,59.0,43.0,31.0,34.0,27.0,13.0,8.0,37.0,6.0,9.0,21.0,20.0,33.0,23.0,43.0,52.0,21.0,40.0,77.0,109.0,161.0,232.0,418.0,602.0,682.0,882.0,1092.0,1278.0,1569.0,1618.0,1441.0,1262.0,1325.0,1222.0,1140.0,996.0,1092.0,971.0,987.0,965.0,885.0,1009.0,956.0,1030.0,1059.0,1076.0,1035.0,990.0,1003.0,1138.0,1134.0,1118.0,897.0,761.0,788.0,837.0,933.0,923.0,1057.0,1077.0,1176.0,1223.0,1205.0,1150.0,1261.0,1209.0,1298.0,1357.0,1441.0,1536.0,1386.0,1367.0,1244.0,1153.0,1115.0,1045.0,878.0,783.0,662.0,595.0,510.0,472.0,387.0,323.0,197.0,253.0,185.0,131.0,124.0
2019/02/12,87.0,122.0,95.0,106.0,49.0,41.0,33.0,48.0,37.0,21.0,31.0,33.0,38.0,32.0,31.0,42.0,22.0,20.0,17.0,29.0,25.0,20.0,18.0,52.0,27.0,136.0,140.0,161.0,248.0,412.0,545.0,772.0,947.0,1173.0,1434.0,1511.0,1446.0,1359.0,1325.0,1411.0,1298.0,1202.0,1029.0,1074.0,1094.0,1059.0,1013.0,1001.0,999.0,1033.0,859.0,1026.0,1042.0,980.0,1119.0,1126.0,1024.0,1025.0,984.0,922.0,881.0,703.0,823.0,849.0,945.0,979.0,912.0,1122.0,1280.0,1307.0,1050.0,1189.0,1128.0,1249.0,1383.0,1436.0,1477.0,1535.0,1333.0,1376.0,1419.0,1090.0,972.0,998.0,880.0,764.0,786.0,535.0,506.0,445.0,329.0,257.0,238.0,243.0,154.0,178.0
2019/02/13,171.0,161.0,110.0,92.0,107.0,91.0,28.0,36.0,27.0,49.0,12.0,24.0,13.0,33.0,26.0,18.0,28.0,41.0,16.0,38.0,43.0,32.0,27.0,38.0,28.0,90.0,128.0,174.0,269.0,345.0,571.0,674.0,888.0,1318.0,1452.0,1523.0,1666.0,1412.0,1470.0,1374.0,1246.0,1192.0,1088.0,1152.0,1033.0,989.0,1118.0,1011.0,1154.0,1036.0,998.0,1139.0,1067.0,1019.0,932.0,947.0,997.0,1100.0,1127.0,810.0,1035.0,859.0,854.0,827.0,1040.0,859.0,1119.0,1017.0,1344.0,1426.0,960.0,991.0,1259.0,1344.0,1410.0,1336.0,1508.0,1508.0,1491.0,1417.0,1281.0,1034.0,1195.0,1084.0,958.0,687.0,636.0,513.0,436.0,353.0,283.0,246.0,197.0,274.0,268.0,206.0
2019/02/14,156.0,147.0,119.0,111.0,110.0,111.0,42.0,44.0,45.0,68.0,33.0,32.0,23.0,29.0,27.0,21.0,8.0,24.0,17.0,35.0,26.0,24.0,39.0,18.0,39.0,82.0,140.0,143.0,239.0,432.0,540.0,706.0,1002.0,1182.0,1457.0,1407.0,1519.0,1408.0,1223.0,1523.0,1328.0,1178.0,1126.0,1061.0,1264.0,1025.0,985.0,1017.0,1064.0,1011.0,1093.0,1072.0,1246.0,1131.0,1006.0,1240.0,1144.0,1014.0,1065.0,1072.0,892.0,841.0,699.0,926.0,1053.0,1021.0,1150.0,1060.0,1253.0,1298.0,1163.0,1403.0,1397.0,1340.0,1508.0,1435.0,1403.0,1544.0,1423.0,1376.0,1336.0,1220.0,1118.0,1155.0,1121.0,963.0,880.0,833.0,620.0,522.0,338.0,381.0,292.0,284.0,216.0,252.0
2019/02/15,228.0,144.0,155.0,154.0,136.0,89.0,95.0,62.0,56.0,57.0,57.0,61.0,47.0,33.0,25.0,37.0,32.0,19.0,44.0,47.0,32.0,65.0,51.0,53.0,61.0,140.0,123.0,186.0,235.0,341.0,605.0,610.0,1000.0,1120.0,1365.0,1555.0,1645.0,1539.0,1390.0,1485.0,1153.0,1131.0,966.0,1100.0,1101.0,889.0,933.0,1034.0,1021.0,1079.0,1062.0,1105.0,1132.0,1230.0,1009.0,995.0,1075.0,984.0,1237.0,1356.0,1516.0,1618.0,1594.0,1577.0,1547.0,1533.0,1433.0,1320.0,1455.0,1219.0,1461.0,1328.0,1409.0,1385.0,1343.0,1085.0,1113.0,1117.0,971.0,931.0,1021.0,1041.0,982.0,979.0,1019.0,1084.0,962.0,919.0,643.0,532.0,386.0,421.0,281.0,268.0,271.0,235.0
2019/02/16,194.0,235.0,191.0,231.0,260.0,185.0,220.0,182.0,116.0,138.0,154.0,135.0,127.0,131.0,96.0,135.0,71.0,119.0,85.0,63.0,92.0,55.0,64.0,69.0,88.0,123.0,105.0,139.0,123.0,110.0,139.0,167.0,193.0,208.0,266.0,262.0,327.0,327.0,451.0,524.0,615.0,666.0,637.0,702.0,669.0,820.0,926.0,922.0,968.0,986.0,937.0,1096.0,952.0,1027.0,1090.0,915.0,1063.0,1154.0,962.0,880.0,624.0,533.0,469.0,416.0,399.0,465.0,492.0,420.0,473.0,599.0,587.0,676.0,764.0,794.0,737.0,798.0,931.0,895.0,980.0,841.0,866.0,951.0,936.0,861.0,936.0,895.0,891.0,801.0,571.0,544.0,373.0,333.0,290.0,294.0,262.0,281.0
2019/02/17,245.0,241.0,190.0,242.0,191.0,219.0,226.0,192.0,137.0,149.0,133.0,147.0,179.0,114.0,109.0,71.0,112.0,102.0,99.0,94.0,111.0,63.0,63.0,92.0,52.0,105.0,117.0,94.0,68.0,130.0,136.0,125.0,161.0,130.0,152.0,168.0,204.0,151.0,296.0,307.0,350.0,408.0,529.0,714.0,829.0,1012.0,1163.0,1046.0,963.0,720.0,765.0,780.0,806.0,910.0,882.0,903.0,1069.0,1104.0,1042.0,844.0,657.0,565.0,398.0,384.0,360.0,363.0,460.0,423.0,537.0,604.0,597.0,695.0,789.0,777.0,780.0,732.0,777.0,796.0,839.0,717.0,862.0,699.0,757.0,661.0,671.0,595.0,581.0,393.0,393.0,349.0,228.0,264.0,194.0,178.0,115.0,147.0
2019/02/18,99.0,133.0,130.0,46.0,95.0,89.0,47.0,50.0,39.0,33.0,21.0,41.0,26.0,16.0,24.0,14.0,4.0,19.0,28.0,33.0,21.0,26.0,38.0,32.0,45.0,107.0,122.0,194.0,186.0,380.0,480.0,792.0,876.0,1248.0,1365.0,1479.0,1506.0,1459.0,1293.0,1487.0,1202.0,1064.0,1067.0,1012.0,925.0,964.0,950.0,967.0,885.0,949.0,893.0,908.0,970.0,915.0,1021.0,1035.0,1039.0,1081.0,1036.0,906.0,853.0,797.0,692.0,989.0,1055.0,939.0,1008.0,974.0,1147.0,1362.0,1179.0,1062.0,1147.0,1247.0,1391.0,1410.0,1316.0,1388.0,1213.0,1187.0,966.0,1016.0,984.0,705.0,814.0,643.0,657.0,487.0,442.0,303.0,309.0,313.0,214.0,238.0,155.0,127.0
2019/02/19,105.0,74.0,107.0,82.0,59.0,55.0,22.0,21.0,45.0,28.0,23.0,12.0,9.0,15.0,16.0,12.0,11.0,13.0,13.0,35.0,25.0,23.0,28.0,16.0,42.0,98.0,114.0,150.0,253.0,359.0,411.0,814.0,957.0,1220.0,1410.0,1596.0,1519.0,1380.0,1374.0,1427.0,1292.0,1072.0,1039.0,1161.0,1044.0,958.0,968.0,1011.0,1036.0,1025.0,989.0,1049.0,879.0,1021.0,937.0,1026.0,1068.0,1153.0,1044.0,907.0,898.0,764.0,820.0,874.0,999.0,1000.0,966.0,1104.0,1262.0,1293.0,1201.0,1052.0,1257.0,1389.0,1561.0,1641.0,1472.0,1431.0,1198.0,1336.0,1139.0,1096.0,910.0,952.0,780.0,723.0,798.0,491.0,420.0,393.0,321.0,238.0,241.0,276.0,152.0,165.0
2019/02/20,170.0,125.0,101.0,47.0,91.0,72.0,41.0,51.0,39.0,45.0,20.0,33.0,29.0,9.0,22.0,18.0,12.0,10.0,22.0,27.0,36.0,12.0,26.0,49.0,59.0,106.0,124.0,125.0,305.0,399.0,439.0,704.0,826.0,1081.0,1195.0,1407.0,1402.0,1251.0,1487.0,1577.0,1267.0,1184.0,1043.0,1044.0,1088.0,971.0,935.0,1083.0,1031.0,1101.0,1010.0,1003.0,1025.0,919.0,1150.0,998.0,1301.0,1258.0,1006.0,1142.0,1202.0,1099.0,914.0,984.0,1045.0,1165.0,1134.0,1213.0,1318.0,1269.0,1100.0,1091.0,1236.0,1333.0,1471.0,1332.0,1501.0,1543.0,1343.0,1220.0,1249.0,1001.0,946.0,994.0,884.0,807.0,624.0,557.0,416.0,374.0,284.0,264.0,200.0,322.0,246.0,193.0
2019/02/21,192.0,141.0,121.0,90.0,76.0,100.0,68.0,77.0,50.0,34.0,25.0,31.0,35.0,19.0,19.0,41.0,20.0,19.0,29.0,28.0,25.0,14.0,34.0,26.0,66.0,100.0,116.0,131.0,254.0,412.0,465.0,729.0,989.0,1135.0,1434.0,1460.0,1376.0,1505.0,1410.0,1347.0,1400.0,1111.0,967.0,1176.0,1202.0,975.0,964.0,1108.0,1124.0,1086.0,991.0,1019.0,1120.0,1062.0,1164.0,1007.0,999.0,1156.0,1077.0,981.0,872.0,782.0,807.0,931.0,936.0,967.0,1138.0,1062.0,1040.0,1296.0,1140.0,1020.0,1392.0,1401.0,1541.0,1332.0,1424.0,1375.0,1382.0,1370.0,1334.0,1289.0,1121.0,1056.0,929.0,902.0,807.0,701.0,584.0,512.0,293.0,408.0,344.0,271.0,227.0,230.0
2019/02/22,178.0,169.0,149.0,154.0,82.0,109.0,103.0,100.0,84.0,88.0,55.0,41.0,49.0,16.0,57.0,33.0,26.0,19.0,46.0,48.0,43.0,60.0,40.0,21.0,54.0,74.0,128.0,171.0,327.0,331.0,499.0,711.0,972.0,1286.0,1239.0,1342.0,1525.0,1267.0,1370.0,1375.0,1229.0,1168.0,1106.0,948.0,968.0,971.0,929.0,964.0,1045.0,991.0,1078.0,1052.0,1009.0,990.0,1006.0,996.0,1249.0,1287.0,1559.0,1489.0,1447.0,1667.0,1564.0,1459.0,1237.0,1175.0,1106.0,1152.0,1209.0,1170.0,1150.0,1064.0,1259.0,1107.0,1073.0,1102.0,1063.0,1098.0,1013.0,956.0,1023.0,1035.0,879.0,1015.0,1128.0,947.0,850.0,878.0,724.0,520.0,446.0,329.0,314.0,301.0,289.0,258.0
2019/02/23,269.0,250.0,212.0,249.0,249.0,241.0,203.0,185.0,198.0,135.0,162.0,127.0,111.0,157.0,125.0,79.0,90.0,77.0,91.0,53.0,80.0,92.0,73.0,73.0,81.0,125.0,113.0,107.0,88.0,131.0,155.0,159.0,135.0,169.0,215.0,271.0,319.0,388.0,413.0,511.0,678.0,563.0,716.0,753.0,835.0,899.0,884.0,937.0,979.0,955.0,1062.0,1017.0,979.0,1033.0,994.0,983.0,1038.0,988.0,912.0,886.0,771.0,504.0,469.0,449.0,455.0,407.0,442.0,382.0,539.0,556.0,611.0,637.0,864.0,754.0,814.0,811.0,803.0,855.0,877.0,870.0,862.0,920.0,776.0,861.0,867.0,1044.0,967.0,806.0,685.0,623.0,354.0,300.0,312.0,238.0,280.0,185.0
2019/02/24,223.0,182.0,187.0,197.0,226.0,221.0,193.0,157.0,184.0,155.0,134.0,118.0,123.0,137.0,91.0,98.0,57.0,49.0,67.0,69.0,56.0,77.0,60.0,95.0,55.0,85.0,81.0,109.0,98.0,68.0,102.0,145.0,116.0,134.0,119.0,174.0,200.0,206.0,280.0,408.0,357.0,345.0,482.0,454.0,684.0,619.0,782.0,851.0,715.0,792.0,804.0,922.0,991.0,818.0,1007.0,940.0,960.0,999.0,937.0,825.0,649.0,550.0,413.0,451.0,376.0,301.0,476.0,454.0,558.0,587.0,691.0,701.0,711.0,721.0,630.0,765.0,722.0,895.0,846.0,859.0,859.0,792.0,683.0,760.0,656.0,605.0,595.0,389.0,462.0,380.0,231.0,205.0,279.0,242.0,149.0,160.0
2019/02/25,113.0,126.0,90.0,45.0,76.0,35.0,45.0,25.0,50.0,28.0,31.0,18.0,34.0,4.0,20.0,26.0,17.0,17.0,7.0,19.0,14.0,21.0,27.0,28.0,42.0,136.0,157.0,197.0,248.0,333.0,499.0,751.0,895.0,1206.0,1242.0,1506.0,1474.0,1512.0,1383.0,1385.0,1251.0,1191.0,1070.0,945.0,963.0,901.0,908.0,955.0,1061.0,1008.0,1054.0,1122.0,1119.0,1017.0,1075.0,914.0,971.0,960.0,982.0,904.0,933.0,825.0,843.0,931.0,965.0,899.0,999.0,1148.0,1104.0,1285.0,1069.0,1130.0,1328.0,1182.0,1196.0,1419.0,1451.0,1271.0,1325.0,1415.0,1174.0,1018.0,1020.0,890.0,735.0,661.0,629.0,479.0,468.0,303.0,321.0,207.0,239.0,264.0,128.0,141.0
2019/02/26,126.0,114.0,83.0,108.0,73.0,42.0,27.0,45.0,24.0,25.0,25.0,24.0,16.0,18.0,15.0,38.0,29.0,7.0,15.0,41.0,12.0,24.0,32.0,25.0,29.0,130.0,143.0,157.0,258.0,345.0,526.0,780.0,983.0,1136.0,1325.0,1576.0,1433.0,1475.0,1293.0,1481.0,1407.0,968.0,1025.0,1005.0,1155.0,1002.0,1025.0,998.0,1020.0,1095.0,1079.0,994.0,962.0,990.0,1036.0,1081.0,978.0,1092.0,1082.0,949.0,880.0,845.0,948.0,916.0,931.0,976.0,1061.0,1151.0,1309.0,1270.0,1219.0,1295.0,1267.0,1354.0,1451.0,1472.0,1433.0,1473.0,1403.0,1238.0,1385.0,1315.0,1261.0,933.0,1119.0,809.0,673.0,593.0,452.0,457.0,382.0,243.0,246.0,227.0,195.0,132.0
2019/02/27,168.0,125.0,145.0,131.0,92.0,45.0,32.0,32.0,13.0,6.0,39.0,50.0,22.0,19.0,34.0,17.0,23.0,18.0,31.0,40.0,31.0,21.0,13.0,63.0,33.0,139.0,123.0,184.0,247.0,415.0,459.0,790.0,897.0,1199.0,1252.0,1463.0,1548.0,1426.0,1450.0,1460.0,1394.0,1204.0,1190.0,991.0,1099.0,1060.0,999.0,1109.0,1141.0,1054.0,901.0,939.0,889.0,1167.0,965.0,986.0,1088.0,1117.0,1001.0,961.0,860.0,855.0,862.0,987.0,1002.0,1013.0,1036.0,1155.0,1287.0,1293.0,1151.0,1014.0,1248.0,1494.0,1209.0,1257.0,1141.0,1112.0,1233.0,1225.0,1249.0,1455.0,1302.0,1357.0,1072.0,818.0,737.0,485.0,427.0,341.0,285.0,257.0,328.0,438.0,339.0,296.0
2019/02/28,246.0,196.0,138.0,122.0,138.0,121.0,53.0,71.0,54.0,47.0,29.0,29.0,32.0,42.0,10.0,30.0,21.0,28.0,47.0,35.0,31.0,51.0,33.0,41.0,57.0,96.0,107.0,200.0,237.0,399.0,524.0,760.0,979.0,1174.0,1295.0,1463.0,1550.0,1373.0,1296.0,1509.0,1179.0,1240.0,1086.0,1061.0,1192.0,1099.0,1176.0,1065.0,1100.0,1131.0,1035.0,1170.0,1099.0,1077.0,1061.0,1044.0,1146.0,1257.0,1024.0,1063.0,1071.0,915.0,805.0,1047.0,1068.0,961.0,1079.0,1159.0,1348.0,1246.0,1212.0,1303.0,1331.0,1480.0,1502.0,1552.0,1331.0,1326.0,1449.0,1349.0,1366.0,1489.0,1375.0,1297.0,1166.0,1218.0,1034.0,741.0,641.0,529.0,459.0,338.0,287.0,248.0,263.0,226.0
2019/03/01,253.0,191.0,193.0,175.0,156.0,97.0,100.0,48.0,88.0,81.0,80.0,78.0,60.0,46.0,39.0,36.0,30.0,50.0,46.0,52.0,43.0,45.0,48.0,74.0,78.0,157.0,91.0,195.0,255.0,339.0,527.0,700.0,790.0,1077.0,1032.0,1157.0,1379.0,1097.0,1021.0,1118.0,1040.0,1111.0,934.0,1009.0,1045.0,1029.0,1017.0,980.0,1072.0,1128.0,957.0,1137.0,942.0,1141.0,1135.0,1052.0,1088.0,1322.0,1377.0,1591.0,1431.0,1494.0,1264.0,1427.0,1432.0,1136.0,1129.0,990.0,1009.0,938.0,1036.0,941.0,1088.0,849.0,914.0,913.0,1090.0,968.0,996.0,1059.0,898.0,1013.0,1057.0,1005.0,1093.0,1041.0,950.0,945.0,722.0,562.0,403.0,332.0,263.0,339.0,236.0,235.0
2019/03/02,262.0,194.0,228.0,199.0,246.0,165.0,164.0,187.0,145.0,84.0,139.0,107.0,128.0,79.0,70.0,72.0,87.0,68.0,83.0,92.0,81.0,73.0,90.0,72.0,118.0,120.0,116.0,129.0,98.0,88.0,102.0,133.0,200.0,220.0,191.0,239.0,350.0,301.0,264.0,466.0,522.0,609.0,632.0,632.0,783.0,860.0,801.0,865.0,869.0,858.0,856.0,915.0,879.0,917.0,976.0,914.0,959.0,936.0,850.0,745.0,675.0,516.0,505.0,403.0,354.0,358.0,383.0,440.0,464.0,512.0,459.0,701.0,748.0,701.0,814.0,826.0,932.0,1014.0,895.0,1009.0,1167.0,1257.0,1111.0,988.0,921.0,681.0,623.0,517.0,451.0,434.0,357.0,280.0,347.0,400.0,267.0,217.0
2019/03/03,308.0,241.0,202.0,178.0,181.0,253.0,207.0,144.0,167.0,180.0,116.0,97.0,101.0,126.0,104.0,117.0,79.0,47.0,120.0,56.0,98.0,108.0,48.0,79.0,52.0,101.0,130.0,112.0,88.0,111.0,116.0,151.0,104.0,120.0,100.0,121.0,187.0,163.0,203.0,267.0,394.0,383.0,459.0,519.0,572.0,637.0,691.0,681.0,689.0,824.0,853.0,774.0,968.0,801.0,785.0,955.0,950.0,974.0,861.0,809.0,557.0,464.0,479.0,401.0,397.0,446.0,453.0,428.0,433.0,558.0,616.0,659.0,637.0,716.0,744.0,767.0,680.0,665.0,731.0,707.0,685.0,632.0,740.0,698.0,823.0,572.0,570.0,467.0,471.0,319.0,266.0,183.0,260.0,213.0,208.0,129.0
2019/03/04,95.0,132.0,90.0,67.0,57.0,80.0,73.0,62.0,34.0,20.0,26.0,40.0,43.0,25.0,24.0,39.0,15.0,31.0,36.0,14.0,32.0,44.0,32.0,28.0,66.0,133.0,96.0,157.0,256.0,325.0,573.0,634.0,934.0,938.0,1132.0,1149.0,1167.0,1085.0,1143.0,945.0,1064.0,917.0,893.0,877.0,1047.0,1115.0,1143.0,1244.0,1213.0,1184.0,1119.0,1100.0,1160.0,1000.0,1119.0,1075.0,1102.0,1058.0,949.0,940.0,900.0,685.0,883.0,980.0,913.0,808.0,961.0,991.0,1046.0,1019.0,1090.0,1219.0,1279.0,1230.0,1287.0,1473.0,1533.0,1443.0,1444.0,1297.0,1223.0,952.0,986.0,827.0,766.0,739.0,708.0,512.0,440.0,319.0,327.0,211.0,190.0,222.0,165.0,123.0
2019/03/05,105.0,95.0,127.0,54.0,55.0,52.0,29.0,45.0,16.0,34.0,35.0,23.0,16.0,23.0,25.0,24.0,10.0,17.0,51.0,49.0,17.0,27.0,26.0,39.0,65.0,102.0,124.0,174.0,257.0,427.0,548.0,688.0,1041.0,1287.0,1439.0,1528.0,1598.0,1256.0,1369.0,1435.0,1309.0,1329.0,1083.0,1014.0,1168.0,1046.0,1129.0,1049.0,1096.0,1149.0,980.0,1129.0,1159.0,1043.0,1057.0,1089.0,1081.0,1136.0,1089.0,1004.0,893.0,720.0,941.0,970.0,1015.0,1039.0,1144.0,1237.0,1437.0,1294.0,1183.0,1196.0,1437.0,1368.0,1507.0,1391.0,1453.0,1210.0,1461.0,1345.0,1367.0,1336.0,1249.0,1230.0,929.0,880.0,777.0,802.0,482.0,403.0,286.0,265.0,272.0,362.0,311.0,196.0
2019/03/06,199.0,99.0,110.0,118.0,68.0,50.0,97.0,45.0,27.0,34.0,38.0,30.0,28.0,18.0,31.0,25.0,17.0,10.0,28.0,30.0,28.0,34.0,37.0,45.0,51.0,120.0,107.0,142.0,266.0,394.0,581.0,639.0,972.0,1134.0,1342.0,1564.0,1389.0,1410.0,1223.0,1462.0,1369.0,1195.0,1263.0,1140.0,1266.0,1063.0,1151.0,1049.0,1146.0,1070.0,1207.0,1186.0,1178.0,919.0,1077.0,1057.0,1123.0,1080.0,1061.0,1027.0,1038.0,874.0,1030.0,979.0,1067.0,1066.0,1202.0,1150.0,1265.0,1246.0,1137.0,1123.0,1341.0,1444.0,1527.0,1407.0,1465.0,1228.0,1284.0,1107.0,1007.0,944.0,1143.0,1061.0,1005.0,855.0,643.0,476.0,539.0,396.0,313.0,247.0,287.0,307.0,232.0,147.0
2019/03/07,135.0,103.0,112.0,119.0,73.0,63.0,60.0,51.0,20.0,26.0,28.0,34.0,21.0,34.0,44.0,11.0,17.0,13.0,19.0,36.0,29.0,21.0,21.0,28.0,56.0,109.0,111.0,176.0,254.0,402.0,550.0,754.0,958.0,1239.0,1423.0,1442.0,1481.0,1344.0,1314.0,1387.0,1480.0,1232.0,1013.0,1032.0,998.0,1002.0,1038.0,1167.0,1059.0,1155.0,1002.0,1150.0,1051.0,874.0,960.0,1081.0,1169.0,1234.0,1055.0,993.0,840.0,813.0,882.0,1019.0,969.0,1125.0,1111.0,1206.0,1287.0,1294.0,1276.0,1212.0,1310.0,1380.0,1350.0,1507.0,1493.0,1495.0,1346.0,1454.0,1478.0,1373.0,1109.0,1108.0,1130.0,928.0,793.0,692.0,654.0,440.0,345.0,272.0,240.0,257.0,246.0,185.0
2019/03/08,221.0,165.0,176.0,169.0,124.0,120.0,50.0,53.0,68.0,66.0,35.0,57.0,22.0,19.0,39.0,41.0,31.0,19.0,14.0,61.0,32.0,45.0,29.0,58.0,56.0,114.0,125.0,218.0,267.0,374.0,643.0,731.0,1049.0,1076.0,1433.0,1514.0,1552.0,1380.0,1362.0,1416.0,1144.0,1043.0,1036.0,1086.0,1097.0,1035.0,1060.0,1029.0,1081.0,1071.0,1142.0,1078.0,1146.0,943.0,1009.0,1141.0,1178.0,1176.0,1438.0,1480.0,1648.0,1561.0,1661.0,1590.0,1481.0,1434.0,1350.0,1224.0,1432.0,1264.0,1211.0,1138.0,1108.0,1111.0,1030.0,1020.0,1086.0,952.0,1130.0,928.0,966.0,1026.0,1134.0,951.0,1090.0,1072.0,987.0,855.0,828.0,605.0,427.0,354.0,318.0,241.0,203.0,252.0
2019/03/09,233.0,187.0,225.0,307.0,265.0,193.0,201.0,168.0,198.0,140.0,127.0,115.0,109.0,113.0,130.0,77.0,90.0,94.0,72.0,92.0,63.0,72.0,89.0,107.0,109.0,94.0,114.0,95.0,140.0,126.0,148.0,141.0,185.0,185.0,232.0,243.0,366.0,404.0,426.0,468.0,647.0,775.0,705.0,781.0,801.0,801.0,1019.0,959.0,1064.0,1093.0,995.0,1057.0,1027.0,1171.0,978.0,1087.0,1137.0,1065.0,1133.0,820.0,633.0,589.0,545.0,401.0,414.0,454.0,509.0,412.0,540.0,491.0,599.0,611.0,592.0,742.0,829.0,908.0,937.0,814.0,896.0,747.0,895.0,829.0,883.0,879.0,1029.0,864.0,870.0,845.0,726.0,621.0,442.0,285.0,228.0,244.0,222.0,208.0
2019/03/10,220.0,211.0,243.0,227.0,215.0,161.0,221.0,152.0,163.0,155.0,154.0,168.0,131.0,176.0,124.0,112.0,67.0,70.0,97.0,100.0,59.0,80.0,73.0,80.0,64.0,104.0,115.0,105.0,72.0,96.0,105.0,134.0,142.0,116.0,118.0,171.0,209.0,163.0,215.0,355.0,450.0,456.0,515.0,551.0,694.0,702.0,672.0,773.0,739.0,837.0,787.0,803.0,936.0,885.0,980.0,975.0,931.0,971.0,989.0,658.0,514.0,476.0,372.0,395.0,268.0,349.0,412.0,419.0,561.0,537.0,619.0,594.0,686.0,620.0,767.0,646.0,819.0,771.0,851.0,683.0,953.0,809.0,804.0,734.0,750.0,569.0,539.0,435.0,436.0,323.0,242.0,240.0,153.0,208.0,160.0,98.0
2019/03/11,151.0,114.0,81.0,61.0,55.0,51.0,47.0,44.0,42.0,57.0,26.0,29.0,14.0,29.0,22.0,28.0,8.0,18.0,6.0,37.0,23.0,13.0,32.0,32.0,46.0,127.0,139.0,205.0,248.0,349.0,505.0,783.0,992.0,1210.0,1401.0,1567.0,1538.0,1403.0,1587.0,1376.0,1314.0,1102.0,1077.0,1051.0,1079.0,1014.0,942.0,1090.0,1088.0,1020.0,975.0,989.0,999.0,994.0,997.0,1055.0,1012.0,1160.0,1088.0,950.0,830.0,776.0,875.0,1031.0,1127.0,1086.0,1093.0,1217.0,1377.0,1239.0,1217.0,1237.0,1381.0,1365.0,1634.0,1530.0,1309.0,1625.0,1349.0,1346.0,1159.0,1053.0,938.0,790.0,748.0,605.0,661.0,482.0,447.0,426.0,343.0,202.0,196.0,195.0,179.0,102.0
2019/03/12,130.0,108.0,92.0,48.0,58.0,39.0,24.0,36.0,49.0,22.0,20.0,28.0,17.0,9.0,30.0,5.0,12.0,2.0,8.0,19.0,28.0,25.0,45.0,18.0,32.0,134.0,98.0,164.0,290.0,418.0,471.0,764.0,998.0,1182.0,1446.0,1509.0,1360.0,1359.0,1462.0,1362.0,1363.0,1189.0,1059.0,1049.0,1104.0,1003.0,1063.0,1214.0,1179.0,1001.0,1137.0,1009.0,1013.0,1017.0,972.0,1070.0,1205.0,1008.0,994.0,937.0,862.0,775.0,848.0,1051.0,1073.0,998.0,1106.0,1238.0,1345.0,1247.0,1137.0,1179.0,1362.0,1453.0,1505.0,1421.0,1645.0,1476.0,1319.0,1345.0,1278.0,1075.0,1010.0,1019.0,944.0,726.0,685.0,538.0,420.0,431.0,356.0,207.0,215.0,309.0,202.0,167.0
2019/03/13,165.0,99.0,79.0,97.0,76.0,38.0,31.0,43.0,42.0,48.0,21.0,43.0,27.0,29.0,32.0,21.0,4.0,9.0,7.0,25.0,22.0,10.0,33.0,34.0,41.0,124.0,117.0,181.0,221.0,428.0,553.0,736.0,1042.0,1286.0,1382.0,1571.0,1542.0,1326.0,1220.0,1541.0,1376.0,1182.0,1042.0,1036.0,1103.0,929.0,1136.0,1048.0,938.0,991.0,988.0,993.0,1004.0,1030.0,994.0,1184.0,1217.0,1104.0,1106.0,1002.0,942.0,855.0,870.0,961.0,987.0,1043.0,1161.0,1147.0,1343.0,1347.0,1212.0,1205.0,1485.0,1381.0,1545.0,1434.0,1497.0,1467.0,1447.0,1455.0,1299.0,1536.0,1421.0,1233.0,988.0,857.0,810.0,453.0,486.0,341.0,303.0,233.0,240.0,241.0,169.0,159.0
2019/03/14,192.0,161.0,93.0,129.0,116.0,95.0,36.0,68.0,32.0,45.0,65.0,35.0,33.0,23.0,13.0,23.0,21.0,22.0,12.0,51.0,12.0,42.0,47.0,47.0,60.0,137.0,101.0,153.0,287.0,378.0,472.0,668.0,1017.0,1293.0,1327.0,1442.0,1345.0,1321.0,1336.0,1410.0,1157.0,1213.0,1094.0,1074.0,990.0,1067.0,1152.0,1081.0,1219.0,1011.0,1100.0,1166.0,1057.0,928.0,1057.0,1075.0,1046.0,1068.0,1111.0,999.0,886.0,852.0,687.0,841.0,910.0,1026.0,1116.0,1165.0,1239.0,1258.0,1135.0,1140.0,1326.0,1268.0,1497.0,1482.0,1364.0,1268.0,1417.0,1344.0,1257.0,1304.0,1189.0,1141.0,980.0,857.0,844.0,633.0,567.0,482.0,375.0,271.0,251.0,259.0,259.0,207.0
2019/03/15,193.0,199.0,151.0,130.0,140.0,89.0,73.0,79.0,86.0,55.0,48.0,63.0,41.0,37.0,63.0,45.0,37.0,21.0,54.0,44.0,57.0,38.0,87.0,50.0,57.0,117.0,135.0,140.0,215.0,352.0,590.0,725.0,931.0,1193.0,1437.0,1621.0,1472.0,1451.0,1359.0,1255.0,1245.0,1069.0,937.0,961.0,1079.0,1087.0,1072.0,1083.0,958.0,1033.0,1110.0,1045.0,1006.0,1060.0,1154.0,968.0,982.0,1170.0,1099.0,666.0,756.0,526.0,795.0,795.0,1001.0,631.0,772.0,796.0,1117.0,1162.0,1159.0,1077.0,1158.0,1133.0,1235.0,1061.0,1052.0,984.0,979.0,891.0,1066.0,878.0,1093.0,1047.0,1033.0,962.0,1061.0,900.0,630.0,565.0,388.0,359.0,325.0,246.0,218.0,335.0
2019/03/16,232.0,207.0,213.0,218.0,234.0,245.0,158.0,159.0,133.0,109.0,95.0,80.0,96.0,77.0,116.0,139.0,111.0,77.0,67.0,82.0,86.0,88.0,82.0,69.0,117.0,105.0,86.0,111.0,120.0,124.0,168.0,144.0,177.0,195.0,256.0,335.0,402.0,407.0,416.0,525.0,677.0,767.0,635.0,717.0,815.0,975.0,879.0,1020.0,966.0,884.0,1071.0,1094.0,984.0,1109.0,991.0,1101.0,1106.0,1086.0,883.0,846.0,807.0,769.0,714.0,645.0,611.0,554.0,505.0,454.0,517.0,506.0,476.0,552.0,641.0,755.0,770.0,766.0,850.0,849.0,809.0,813.0,839.0,915.0,1050.0,996.0,1032.0,999.0,879.0,763.0,670.0,496.0,348.0,266.0,267.0,251.0,128.0,224.0
2019/03/17,203.0,196.0,233.0,229.0,164.0,172.0,227.0,212.0,130.0,132.0,101.0,112.0,125.0,93.0,119.0,90.0,70.0,110.0,112.0,65.0,69.0,68.0,86.0,99.0,42.0,60.0,64.0,111.0,82.0,89.0,76.0,118.0,175.0,143.0,121.0,148.0,166.0,206.0,257.0,314.0,408.0,376.0,370.0,611.0,567.0,626.0,737.0,691.0,828.0,745.0,734.0,851.0,789.0,891.0,837.0,806.0,925.0,1152.0,969.0,832.0,646.0,530.0,375.0,400.0,390.0,363.0,377.0,542.0,535.0,567.0,645.0,778.0,758.0,692.0,885.0,642.0,706.0,795.0,817.0,805.0,677.0,799.0,897.0,701.0,701.0,579.0,585.0,465.0,455.0,357.0,257.0,301.0,222.0,173.0,106.0,131.0
2019/03/18,98.0,124.0,87.0,90.0,50.0,38.0,26.0,22.0,32.0,33.0,16.0,25.0,30.0,14.0,30.0,33.0,8.0,6.0,7.0,21.0,30.0,46.0,53.0,50.0,58.0,138.0,140.0,175.0,268.0,423.0,540.0,703.0,868.0,1208.0,1276.0,1325.0,1230.0,1108.0,1182.0,1145.0,1060.0,981.0,899.0,961.0,988.0,954.0,990.0,864.0,989.0,847.0,1029.0,998.0,1024.0,1013.0,1007.0,1071.0,903.0,1014.0,1025.0,917.0,803.0,743.0,802.0,914.0,916.0,1009.0,1105.0,1000.0,1195.0,1094.0,1075.0,1198.0,1135.0,1365.0,1422.0,1392.0,1453.0,1266.0,1202.0,1299.0,1205.0,1086.0,980.0,773.0,709.0,697.0,654.0,499.0,388.0,375.0,296.0,273.0,165.0,158.0,137.0,110.0
2019/03/19,99.0,100.0,104.0,77.0,71.0,56.0,13.0,27.0,19.0,19.0,12.0,26.0,59.0,7.0,9.0,20.0,7.0,13.0,5.0,51.0,19.0,27.0,33.0,32.0,65.0,143.0,129.0,141.0,269.0,434.0,574.0,727.0,1002.0,1124.0,1359.0,1406.0,1248.0,1060.0,1289.0,1367.0,1243.0,1037.0,1036.0,1029.0,1084.0,1076.0,1014.0,905.0,1039.0,838.0,800.0,853.0,734.0,746.0,920.0,946.0,827.0,855.0,652.0,1019.0,891.0,768.0,778.0,859.0,905.0,933.0,957.0,878.0,888.0,1220.0,783.0,874.0,607.0,709.0,1255.0,1417.0,1410.0,1284.0,1377.0,1277.0,1378.0,1202.0,986.0,917.0,876.0,767.0,724.0,520.0,432.0,375.0,367.0,281.0,263.0,212.0,196.0,148.0
2019/03/20,134.0,111.0,63.0,81.0,44.0,42.0,35.0,64.0,46.0,22.0,28.0,19.0,32.0,16.0,12.0,28.0,6.0,22.0,7.0,31.0,34.0,25.0,36.0,43.0,44.0,96.0,86.0,176.0,238.0,367.0,545.0,678.0,881.0,1233.0,1335.0,1402.0,963.0,1015.0,1314.0,1361.0,1168.0,1316.0,1095.0,953.0,1088.0,956.0,1045.0,981.0,1022.0,889.0,1009.0,1105.0,925.0,999.0,954.0,1082.0,1136.0,1136.0,1096.0,983.0,891.0,752.0,806.0,936.0,957.0,901.0,1213.0,1227.0,1348.0,1161.0,1160.0,1203.0,1302.0,1357.0,1309.0,1307.0,1380.0,1422.0,1244.0,1203.0,1239.0,1279.0,1068.0,1093.0,862.0,784.0,699.0,566.0,484.0,409.0,256.0,286.0,249.0,234.0,183.0,216.0
2019/03/21,207.0,117.0,143.0,111.0,90.0,63.0,31.0,57.0,48.0,59.0,5.0,40.0,27.0,30.0,55.0,9.0,9.0,7.0,17.0,35.0,41.0,26.0,53.0,42.0,58.0,135.0,132.0,176.0,263.0,366.0,544.0,688.0,993.0,1216.0,1333.0,1285.0,1122.0,1335.0,1225.0,1329.0,1393.0,1235.0,992.0,1203.0,1133.0,1015.0,1080.0,1050.0,1031.0,1068.0,1009.0,1006.0,996.0,1105.0,997.0,1222.0,1109.0,1076.0,1056.0,884.0,927.0,891.0,830.0,916.0,975.0,1036.0,1104.0,1259.0,1090.0,1255.0,1184.0,1269.0,1343.0,1390.0,1385.0,1466.0,1261.0,1139.0,1261.0,1040.0,1380.0,1215.0,1201.0,1155.0,1176.0,984.0,861.0,654.0,527.0,413.0,378.0,259.0,276.0,260.0,235.0,193.0
2019/03/22,196.0,204.0,210.0,172.0,137.0,83.0,78.0,108.0,72.0,69.0,68.0,63.0,65.0,38.0,65.0,40.0,41.0,49.0,27.0,56.0,22.0,24.0,55.0,72.0,39.0,95.0,135.0,173.0,242.0,379.0,539.0,746.0,931.0,1202.0,1395.0,1463.0,1075.0,1304.0,1306.0,1148.0,1046.0,961.0,1110.0,1013.0,1045.0,1014.0,1039.0,994.0,1184.0,1113.0,1082.0,979.0,1050.0,972.0,1110.0,1040.0,1159.0,1351.0,1318.0,1454.0,1292.0,1362.0,1323.0,1386.0,1189.0,1047.0,905.0,764.0,622.0,480.0,518.0,556.0,593.0,631.0,669.0,707.0,744.0,782.0,820.0,933.0,1012.0,640.0,670.0,1044.0,991.0,912.0,950.0,869.0,720.0,529.0,351.0,430.0,321.0,335.0,236.0,210.0
2019/03/23,258.0,254.0,213.0,229.0,203.0,215.0,175.0,152.0,164.0,132.0,141.0,82.0,104.0,133.0,133.0,126.0,80.0,77.0,54.0,102.0,72.0,64.0,84.0,71.0,91.0,112.0,146.0,118.0,117.0,94.0,140.0,143.0,169.0,169.0,237.0,344.0,427.0,326.0,406.0,556.0,791.0,584.0,736.0,677.0,898.0,1005.0,935.0,878.0,917.0,1140.0,1006.0,912.0,947.0,1034.0,1065.0,1045.0,991.0,975.0,1047.0,863.0,589.0,528.0,428.0,359.0,406.0,375.0,481.0,517.0,561.0,542.0,738.0,689.0,730.0,761.0,778.0,787.0,836.0,845.0,787.0,826.0,992.0,938.0,821.0,877.0,1020.0,888.0,861.0,758.0,665.0,407.0,424.0,294.0,314.0,262.0,239.0,231.0
2019/03/24,263.0,155.0,194.0,229.0,216.0,216.0,230.0,209.0,175.0,114.0,164.0,157.0,98.0,118.0,97.0,93.0,94.0,78.0,74.0,80.0,104.0,64.0,39.0,116.0,55.0,85.0,104.0,93.0,108.0,82.0,95.0,112.0,104.0,158.0,112.0,152.0,224.0,129.0,306.0,385.0,354.0,384.0,497.0,538.0,685.0,689.0,668.0,756.0,882.0,766.0,817.0,803.0,929.0,901.0,816.0,1010.0,992.0,1091.0,919.0,773.0,576.0,485.0,431.0,335.0,411.0,367.0,364.0,545.0,524.0,534.0,609.0,617.0,717.0,712.0,613.0,805.0,816.0,705.0,818.0,857.0,839.0,751.0,689.0,802.0,800.0,710.0,557.0,499.0,470.0,298.0,235.0,253.0,191.0,168.0,152.0,121.0
2019/03/25,120.0,107.0,75.0,68.0,52.0,66.0,26.0,24.0,48.0,20.0,39.0,34.0,21.0,1.0,20.0,31.0,20.0,16.0,6.0,22.0,20.0,33.0,38.0,44.0,56.0,144.0,181.0,140.0,227.0,431.0,535.0,766.0,910.0,1194.0,1267.0,1418.0,1351.0,1269.0,1364.0,1207.0,1438.0,1113.0,899.0,1021.0,884.0,855.0,904.0,1054.0,1049.0,1038.0,963.0,956.0,1040.0,937.0,915.0,877.0,1029.0,1103.0,960.0,923.0,845.0,821.0,733.0,882.0,948.0,1071.0,1126.0,1020.0,1237.0,1069.0,1251.0,1165.0,1435.0,1384.0,1333.0,1393.0,1452.0,1483.0,1255.0,1173.0,1075.0,978.0,830.0,894.0,703.0,753.0,676.0,584.0,395.0,370.0,297.0,216.0,147.0,190.0,176.0,127.0
2019/03/26,130.0,58.0,86.0,73.0,52.0,48.0,17.0,21.0,29.0,16.0,19.0,15.0,16.0,5.0,12.0,21.0,12.0,7.0,27.0,25.0,16.0,28.0,36.0,39.0,46.0,92.0,140.0,117.0,290.0,370.0,580.0,760.0,1028.0,1133.0,1288.0,1345.0,1258.0,1425.0,1495.0,1260.0,1135.0,1235.0,1208.0,1180.0,1077.0,954.0,1012.0,978.0,975.0,994.0,1057.0,1046.0,936.0,961.0,1030.0,1111.0,1017.0,1148.0,1113.0,1001.0,807.0,791.0,819.0,931.0,1033.0,1035.0,987.0,1071.0,1191.0,1137.0,1187.0,1098.0,1112.0,1371.0,1357.0,1431.0,1282.0,1415.0,1249.0,1225.0,1250.0,973.0,1292.0,1062.0,1038.0,1050.0,939.0,533.0,458.0,437.0,376.0,303.0,200.0,266.0,166.0,94.0
2019/03/27,168.0,141.0,81.0,85.0,28.0,85.0,36.0,26.0,39.0,7.0,41.0,23.0,8.0,33.0,25.0,48.0,12.0,7.0,20.0,26.0,32.0,30.0,34.0,30.0,46.0,138.0,106.0,168.0,223.0,397.0,517.0,734.0,965.0,1229.0,1334.0,1518.0,1223.0,1195.0,1316.0,1536.0,1246.0,1250.0,1079.0,1068.0,1140.0,1046.0,1063.0,1058.0,1064.0,1032.0,943.0,1096.0,1096.0,903.0,1017.0,1056.0,1268.0,1046.0,1092.0,767.0,858.0,768.0,779.0,980.0,1143.0,1137.0,1148.0,1203.0,1174.0,1215.0,1084.0,1160.0,1199.0,1225.0,1397.0,1252.0,1218.0,1355.0,1254.0,1275.0,1336.0,1237.0,1036.0,997.0,895.0,885.0,723.0,571.0,464.0,358.0,323.0,259.0,219.0,264.0,213.0,168.0
2019/03/28,204.0,159.0,163.0,111.0,94.0,104.0,38.0,63.0,49.0,38.0,33.0,34.0,27.0,5.0,7.0,14.0,6.0,5.0,13.0,35.0,20.0,51.0,40.0,25.0,56.0,95.0,137.0,186.0,253.0,403.0,500.0,762.0,1009.0,1082.0,1599.0,1366.0,1375.0,1440.0,1656.0,1451.0,1275.0,1110.0,1069.0,1203.0,1099.0,979.0,1056.0,973.0,1191.0,983.0,1007.0,976.0,1103.0,1040.0,1132.0,1051.0,1133.0,1112.0,1110.0,966.0,877.0,773.0,920.0,818.0,1049.0,1058.0,1183.0,1184.0,1235.0,1377.0,1283.0,1215.0,1332.0,1198.0,1427.0,1229.0,1232.0,1262.0,1414.0,1346.0,1393.0,1300.0,1133.0,1215.0,1027.0,1045.0,931.0,666.0,542.0,385.0,415.0,317.0,290.0,275.0,249.0,193.0
2019/03/29,254.0,194.0,219.0,192.0,114.0,115.0,62.0,71.0,94.0,109.0,48.0,93.0,31.0,56.0,56.0,21.0,28.0,34.0,58.0,73.0,62.0,39.0,24.0,70.0,48.0,109.0,119.0,188.0,232.0,370.0,541.0,671.0,981.0,1232.0,1349.0,1509.0,1482.0,1279.0,1447.0,1159.0,1300.0,976.0,1040.0,987.0,1100.0,957.0,1016.0,992.0,1018.0,1127.0,1181.0,1010.0,1209.0,1011.0,1148.0,1125.0,1235.0,1380.0,1358.0,1412.0,1344.0,1322.0,1151.0,1327.0,1400.0,1156.0,1187.0,1163.0,1272.0,1402.0,1131.0,1140.0,1017.0,1156.0,1100.0,970.0,1065.0,1098.0,991.0,939.0,1011.0,998.0,1076.0,1124.0,1174.0,1107.0,1136.0,965.0,851.0,521.0,477.0,394.0,387.0,259.0,309.0,252.0
2019/03/30,206.0,256.0,242.0,219.0,231.0,221.0,134.0,167.0,207.0,91.0,173.0,102.0,125.0,113.0,104.0,73.0,91.0,59.0,105.0,79.0,100.0,75.0,59.0,94.0,72.0,83.0,121.0,95.0,117.0,105.0,133.0,116.0,176.0,230.0,270.0,322.0,383.0,383.0,402.0,552.0,728.0,707.0,690.0,701.0,821.0,806.0,1001.0,988.0,1072.0,986.0,862.0,1060.0,1065.0,997.0,1004.0,1023.0,963.0,1053.0,918.0,877.0,567.0,536.0,479.0,351.0,468.0,385.0,440.0,497.0,544.0,567.0,564.0,555.0,846.0,746.0,746.0,818.0,850.0,858.0,905.0,960.0,745.0,833.0,830.0,888.0,957.0,895.0,900.0,850.0,668.0,507.0,381.0,249.0,307.0,277.0,274.0,269.0
2019/03/31,220.0,203.0,203.0,252.0,209.0,218.0,194.0,156.0,144.0,138.0,122.0,117.0,124.0,121.0,113.0,97.0,123.0,67.0,47.0,85.0,81.0,102.0,122.0,76.0,95.0,87.0,65.0,135.0,84.0,145.0,160.0,230.0,201.0,156.0,200.0,262.0,342.0,374.0,350.0,523.0,553.0,508.0,665.0,743.0,623.0,726.0,798.0,847.0,1048.0,1024.0,857.0,945.0,948.0,1138.0,909.0,856.0,638.0,583.0,456.0,414.0,398.0,369.0,333.0,472.0,620.0,679.0,749.0,641.0,709.0,641.0,808.0,612.0,731.0,823.0,897.0,950.0,1046.0,949.0,1029.0,851.0,712.0,700.0,659.0,445.0,535.0,359.0,289.0,259.0,256.0,340.0,257.0,172.0,132.0,118.0,91.0,74.0
2019/04/01,32.0,53.0,43.0,18.0,39.0,27.0,26.0,47.0,22.0,18.0,7.0,33.0,11.0,7.0,22.0,26.0,36.0,8.0,46.0,42.0,48.0,124.0,121.0,163.0,242.0,397.0,582.0,619.0,879.0,1066.0,1257.0,1473.0,1167.0,1189.0,1334.0,1394.0,1156.0,1123.0,1022.0,1122.0,990.0,853.0,1015.0,996.0,1008.0,1040.0,961.0,1030.0,907.0,982.0,962.0,998.0,973.0,1002.0,1085.0,850.0,840.0,818.0,831.0,909.0,1083.0,973.0,1071.0,1146.0,1276.0,1299.0,1143.0,1230.0,1155.0,1354.0,1275.0,1298.0,1179.0,1397.0,1279.0,1208.0,1060.0,996.0,954.0,883.0,842.0,813.0,803.0,654.0,447.0,451.0,363.0,197.0,204.0,193.0,170.0,128.0,151.0,89.0,63.0,78.0
2019/04/02,96.0,46.0,62.0,42.0,35.0,30.0,24.0,16.0,24.0,14.0,23.0,14.0,15.0,5.0,11.0,33.0,15.0,13.0,30.0,27.0,30.0,71.0,83.0,78.0,167.0,254.0,304.0,427.0,595.0,708.0,989.0,1107.0,1202.0,1169.0,1277.0,1327.0,1346.0,1303.0,1290.0,1195.0,1113.0,1176.0,1092.0,1154.0,1136.0,1023.0,1042.0,1021.0,1022.0,966.0,989.0,1029.0,1040.0,994.0,1054.0,1083.0,925.0,993.0,958.0,961.0,978.0,877.0,967.0,1028.0,1122.0,1175.0,1119.0,1077.0,1157.0,1273.0,1245.0,1220.0,1161.0,1365.0,1365.0,1271.0,1149.0,1213.0,1131.0,1064.0,1092.0,855.0,996.0,887.0,796.0,740.0,632.0,399.0,343.0,348.0,324.0,245.0,181.0,209.0,135.0,109.0
2019/04/03,112.0,104.0,66.0,57.0,31.0,57.0,28.0,22.0,36.0,7.0,46.0,22.0,8.0,24.0,24.0,36.0,19.0,15.0,30.0,32.0,40.0,78.0,87.0,82.0,144.0,272.0,311.0,435.0,568.0,708.0,969.0,1072.0,1028.0,1182.0,1349.0,1437.0,1202.0,1176.0,1245.0,1339.0,1176.0,1106.0,1092.0,1072.0,1104.0,1056.0,1031.0,1079.0,1073.0,980.0,950.0,1111.0,1103.0,1046.0,984.0,1026.0,1056.0,877.0,959.0,849.0,1009.0,841.0,950.0,1182.0,1183.0,1208.0,1176.0,1220.0,1248.0,1362.0,1344.0,1283.0,1306.0,1302.0,1371.0,1342.0,1186.0,1247.0,1182.0,1182.0,1163.0,1010.0,856.0,840.0,693.0,624.0,527.0,405.0,322.0,289.0,255.0,215.0,202.0,212.0,183.0,169.0
2019/04/04,128.0,57.0,70.0,53.0,48.0,38.0,28.0,55.0,50.0,34.0,16.0,21.0,7.0,25.0,10.0,38.0,36.0,19.0,15.0,29.0,56.0,135.0,139.0,160.0,322.0,397.0,463.0,749.0,1008.0,1135.0,1454.0,1507.0,1362.0,1252.0,1334.0,1216.0,1127.0,1156.0,1111.0,1030.0,1136.0,1016.0,1084.0,1022.0,895.0,992.0,982.0,1052.0,1161.0,1014.0,1148.0,1087.0,1188.0,1125.0,1061.0,1025.0,903.0,700.0,997.0,902.0,952.0,1007.0,978.0,1099.0,1368.0,1224.0,1247.0,1169.0,1266.0,1297.0,1354.0,1246.0,1284.0,1508.0,1229.0,1279.0,1314.0,1296.0,1295.0,1088.0,1011.0,1030.0,765.0,637.0,643.0,484.0,415.0,401.0,305.0,224.0,245.0,212.0,194.0,186.0,174.0,175.0
2019/04/05,156.0,97.0,83.0,88.0,91.0,67.0,50.0,56.0,45.0,26.0,32.0,40.0,38.0,5.0,15.0,49.0,41.0,25.0,49.0,80.0,49.0,92.0,139.0,168.0,271.0,352.0,468.0,707.0,936.0,1099.0,1224.0,1287.0,781.0,1145.0,1224.0,1444.0,1428.0,1040.0,1117.0,1174.0,1171.0,1019.0,1069.0,1107.0,1086.0,1035.0,1171.0,1063.0,1046.0,1084.0,1086.0,1131.0,1175.0,1261.0,1323.0,1425.0,1294.0,1407.0,1439.0,1529.0,1470.0,1392.0,1356.0,1406.0,1341.0,1326.0,1313.0,1270.0,1185.0,1210.0,1245.0,1262.0,1213.0,1034.0,889.0,992.0,957.0,1063.0,982.0,1045.0,1079.0,1049.0,1200.0,1046.0,931.0,669.0,473.0,302.0,297.0,222.0,287.0,239.0,205.0,246.0,236.0,289.0
2019/04/06,259.0,191.0,211.0,141.0,158.0,152.0,120.0,158.0,180.0,143.0,127.0,127.0,99.0,105.0,90.0,77.0,73.0,75.0,63.0,76.0,91.0,93.0,104.0,122.0,89.0,85.0,91.0,128.0,214.0,180.0,218.0,251.0,370.0,405.0,406.0,557.0,609.0,683.0,726.0,706.0,852.0,799.0,1000.0,1010.0,1025.0,879.0,979.0,1231.0,1141.0,1114.0,1100.0,1308.0,1271.0,1263.0,1205.0,1061.0,759.0,699.0,611.0,608.0,649.0,523.0,495.0,504.0,533.0,572.0,711.0,714.0,776.0,761.0,846.0,896.0,1052.0,961.0,844.0,913.0,898.0,921.0,944.0,1048.0,1028.0,918.0,831.0,882.0,901.0,589.0,409.0,317.0,296.0,298.0,250.0,205.0,258.0,247.0,275.0,272.0
2019/04/07,219.0,261.0,272.0,215.0,165.0,175.0,198.0,126.0,200.0,171.0,108.0,86.0,80.0,109.0,146.0,121.0,64.0,93.0,87.0,102.0,77.0,86.0,92.0,111.0,85.0,88.0,153.0,133.0,144.0,136.0,134.0,86.0,60.0,53.0,47.0,40.0,127.0,47.0,45.0,44.0,42.0,40.0,334.0,515.0,755.0,745.0,825.0,841.0,935.0,886.0,981.0,1007.0,1073.0,974.0,1054.0,892.0,731.0,565.0,445.0,394.0,423.0,436.0,446.0,576.0,624.0,555.0,725.0,728.0,839.0,771.0,731.0,750.0,680.0,754.0,782.0,774.0,665.0,711.0,850.0,844.0,770.0,622.0,638.0,545.0,553.0,298.0,307.0,301.0,237.0,217.0,168.0,113.0,118.0,155.0,57.0,59.0
2019/04/08,54.0,33.0,61.0,25.0,0.0,30.0,33.0,41.0,15.0,21.0,45.0,12.0,11.0,5.0,5.0,16.0,33.0,28.0,27.0,30.0,38.0,77.0,116.0,156.0,260.0,388.0,497.0,733.0,831.0,1079.0,1362.0,1441.0,1097.0,1160.0,1258.0,1391.0,1087.0,1167.0,1064.0,1001.0,1132.0,1091.0,1102.0,871.0,1120.0,1134.0,977.0,1067.0,1046.0,1010.0,1097.0,968.0,1013.0,1054.0,979.0,927.0,865.0,721.0,926.0,961.0,1023.0,1003.0,963.0,1110.0,1196.0,1306.0,1259.0,1352.0,1205.0,1282.0,1306.0,1452.0,1303.0,1430.0,1288.0,1143.0,1106.0,952.0,948.0,898.0,831.0,717.0,760.0,625.0,401.0,332.0,311.0,269.0,271.0,158.0,199.0,170.0,114.0,119.0,93.0,76.0
2019/04/09,62.0,34.0,39.0,12.0,19.0,12.0,32.0,11.0,19.0,12.0,28.0,14.0,14.0,6.0,11.0,45.0,19.0,19.0,34.0,29.0,44.0,115.0,130.0,117.0,288.0,416.0,468.0,737.0,901.0,1047.0,1399.0,1454.0,1376.0,1206.0,1267.0,1309.0,1434.0,1181.0,1086.0,1131.0,1091.0,1117.0,977.0,1128.0,1195.0,1093.0,1072.0,1064.0,1069.0,938.0,922.0,1012.0,1145.0,1028.0,1078.0,1055.0,834.0,839.0,803.0,922.0,1149.0,964.0,1116.0,1126.0,1211.0,1315.0,1251.0,1083.0,1124.0,1409.0,1304.0,1343.0,1211.0,1360.0,1373.0,1112.0,1017.0,1011.0,1014.0,903.0,934.0,737.0,701.0,713.0,555.0,430.0,326.0,266.0,229.0,259.0,272.0,187.0,163.0,153.0,104.0,125.0
2019/04/10,56.0,67.0,52.0,30.0,35.0,29.0,20.0,19.0,33.0,7.0,51.0,21.0,9.0,16.0,24.0,25.0,26.0,24.0,41.0,39.0,49.0,127.0,140.0,134.0,243.0,406.0,516.0,703.0,913.0,1020.0,1421.0,1411.0,1091.0,1135.0,1364.0,1357.0,1181.0,1157.0,1175.0,1142.0,1107.0,962.0,1106.0,1077.0,1069.0,1067.0,999.0,1101.0,1083.0,929.0,958.0,1127.0,1111.0,1189.0,952.0,997.0,845.0,709.0,827.0,931.0,1160.0,915.0,1122.0,1384.0,1224.0,1280.0,1204.0,1238.0,1323.0,1510.0,1605.0,1407.0,1414.0,1379.0,1346.0,1432.0,1155.0,1139.0,1110.0,1090.0,990.0,784.0,677.0,684.0,492.0,363.0,331.0,239.0,180.0,221.0,187.0,171.0,185.0,161.0,153.0,171.0
2019/04/11,119.0,82.0,54.0,48.0,49.0,23.0,44.0,37.0,33.0,11.0,30.0,36.0,20.0,13.0,7.0,31.0,13.0,40.0,45.0,56.0,82.0,115.0,121.0,162.0,218.0,358.0,421.0,697.0,1019.0,1158.0,1372.0,1461.0,1384.0,1321.0,1205.0,1338.0,1229.0,1094.0,1202.0,1021.0,988.0,1128.0,1071.0,1072.0,901.0,985.0,1093.0,1147.0,1136.0,1089.0,1037.0,1140.0,993.0,1255.0,1120.0,1057.0,804.0,795.0,938.0,1215.0,1038.0,974.0,1131.0,1017.0,1234.0,1359.0,1149.0,1194.0,1295.0,1356.0,1465.0,1377.0,1446.0,1461.0,1532.0,1349.0,1416.0,1370.0,1230.0,1107.0,1161.0,994.0,880.0,718.0,583.0,447.0,409.0,341.0,313.0,233.0,276.0,189.0,215.0,163.0,167.0,208.0
2019/04/12,136.0,154.0,81.0,52.0,84.0,106.0,70.0,76.0,55.0,72.0,61.0,49.0,92.0,39.0,46.0,49.0,50.0,99.0,71.0,71.0,64.0,104.0,115.0,185.0,278.0,378.0,391.0,701.0,904.0,1019.0,1024.0,1048.0,1202.0,1149.0,1020.0,1026.0,1061.0,1046.0,1042.0,1064.0,1067.0,1064.0,1084.0,1069.0,1082.0,1043.0,1149.0,964.0,1042.0,964.0,892.0,1052.0,1208.0,1311.0,1499.0,1523.0,1361.0,1457.0,1482.0,1534.0,1524.0,1501.0,1380.0,1158.0,973.0,1007.0,923.0,978.0,906.0,968.0,1068.0,868.0,939.0,1060.0,845.0,824.0,832.0,900.0,843.0,896.0,877.0,858.0,892.0,815.0,803.0,564.0,417.0,347.0,299.0,294.0,266.0,234.0,250.0,229.0,192.0,221.0
2019/04/13,222.0,140.0,127.0,170.0,145.0,115.0,139.0,132.0,111.0,77.0,111.0,93.0,54.0,81.0,70.0,93.0,104.0,56.0,55.0,104.0,95.0,102.0,85.0,86.0,85.0,137.0,115.0,133.0,148.0,212.0,197.0,227.0,319.0,300.0,369.0,378.0,550.0,429.0,531.0,622.0,618.0,753.0,790.0,785.0,718.0,833.0,829.0,848.0,924.0,761.0,822.0,753.0,913.0,827.0,780.0,710.0,563.0,493.0,404.0,324.0,292.0,372.0,374.0,451.0,359.0,422.0,484.0,544.0,559.0,475.0,684.0,656.0,703.0,643.0,667.0,613.0,664.0,627.0,581.0,630.0,755.0,674.0,690.0,579.0,576.0,425.0,309.0,271.0,260.0,183.0,195.0,189.0,209.0,167.0,183.0,167.0
2019/04/14,156.0,157.0,118.0,134.0,103.0,90.0,89.0,112.0,114.0,97.0,57.0,119.0,89.0,70.0,36.0,60.0,52.0,64.0,67.0,75.0,85.0,88.0,100.0,57.0,54.0,90.0,85.0,119.0,131.0,115.0,137.0,190.0,120.0,124.0,253.0,224.0,320.0,300.0,356.0,408.0,484.0,509.0,587.0,672.0,679.0,657.0,684.0,691.0,639.0,753.0,686.0,807.0,823.0,732.0,719.0,676.0,445.0,418.0,288.0,308.0,314.0,327.0,299.0,279.0,399.0,414.0,420.0,462.0,527.0,579.0,590.0,573.0,557.0,569.0,600.0,580.0,521.0,618.0,499.0,571.0,550.0,497.0,466.0,345.0,500.0,384.0,254.0,246.0,169.0,199.0,173.0,170.0,156.0,163.0,88.0,44.0
2019/04/15,92.0,47.0,40.0,32.0,32.0,8.0,26.0,37.0,16.0,5.0,24.0,33.0,19.0,31.0,12.0,28.0,15.0,41.0,30.0,49.0,45.0,135.0,121.0,168.0,207.0,294.0,456.0,547.0,641.0,746.0,725.0,898.0,931.0,770.0,828.0,724.0,827.0,825.0,846.0,788.0,800.0,705.0,876.0,829.0,843.0,840.0,927.0,851.0,847.0,855.0,785.0,767.0,906.0,820.0,865.0,762.0,699.0,629.0,716.0,583.0,676.0,571.0,613.0,623.0,713.0,688.0,757.0,907.0,932.0,895.0,1068.0,1066.0,1213.0,910.0,821.0,882.0,739.0,719.0,644.0,653.0,602.0,553.0,478.0,545.0,435.0,282.0,285.0,209.0,192.0,188.0,143.0,126.0,118.0,87.0,108.0,120.0
2019/04/16,54.0,41.0,21.0,32.0,26.0,25.0,19.0,20.0,46.0,7.0,23.0,22.0,7.0,4.0,15.0,57.0,34.0,22.0,25.0,30.0,53.0,111.0,128.0,121.0,181.0,323.0,392.0,447.0,618.0,665.0,779.0,913.0,817.0,970.0,788.0,812.0,996.0,846.0,725.0,807.0,851.0,775.0,849.0,727.0,858.0,796.0,826.0,834.0,849.0,771.0,821.0,834.0,761.0,812.0,911.0,664.0,625.0,548.0,569.0,589.0,646.0,626.0,655.0,652.0,631.0,605.0,603.0,754.0,922.0,980.0,1055.0,1095.0,1201.0,1067.0,1038.0,823.0,820.0,695.0,743.0,722.0,706.0,598.0,546.0,442.0,373.0,315.0,297.0,190.0,229.0,253.0,145.0,155.0,136.0,107.0,140.0,78.0
2019/04/17,61.0,71.0,44.0,46.0,60.0,52.0,32.0,45.0,13.0,26.0,32.0,39.0,29.0,51.0,53.0,52.0,22.0,29.0,26.0,33.0,36.0,112.0,136.0,159.0,192.0,241.0,368.0,480.0,560.0,613.0,634.0,724.0,828.0,939.0,754.0,796.0,768.0,630.0,712.0,631.0,751.0,738.0,737.0,760.0,732.0,713.0,753.0,854.0,675.0,801.0,804.0,763.0,787.0,840.0,921.0,603.0,673.0,628.0,680.0,525.0,619.0,476.0,589.0,583.0,528.0,595.0,670.0,685.0,706.0,714.0,762.0,705.0,614.0,685.0,617.0,621.0,665.0,617.0,664.0,635.0,548.0,535.0,458.0,442.0,396.0,348.0,219.0,201.0,142.0,167.0,119.0,129.0,112.0,123.0,108.0,138.0
2019/04/18,95.0,72.0,94.0,57.0,33.0,31.0,37.0,76.0,43.0,31.0,23.0,55.0,17.0,11.0,67.0,39.0,33.0,22.0,21.0,43.0,62.0,87.0,66.0,71.0,67.0,80.0,102.0,112.0,116.0,124.0,150.0,174.0,170.0,135.0,176.0,206.0,254.0,258.0,274.0,384.0,332.0,400.0,334.0,447.0,566.0,518.0,502.0,573.0,582.0,491.0,584.0,585.0,486.0,546.0,578.0,434.0,488.0,301.0,260.0,257.0,273.0,219.0,237.0,227.0,262.0,241.0,287.0,303.0,354.0,353.0,463.0,514.0,412.0,389.0,419.0,468.0,452.0,378.0,457.0,465.0,422.0,443.0,427.0,407.0,332.0,219.0,159.0,161.0,161.0,117.0,152.0,152.0,111.0,79.0,96.0,66.0
2019/04/19,94.0,35.0,48.0,34.0,28.0,73.0,31.0,31.0,24.0,38.0,41.0,51.0,27.0,38.0,32.0,41.0,7.0,30.0,27.0,28.0,29.0,50.0,87.0,52.0,40.0,77.0,92.0,81.0,99.0,112.0,95.0,111.0,124.0,109.0,162.0,200.0,214.0,166.0,268.0,305.0,256.0,297.0,332.0,478.0,432.0,435.0,435.0,577.0,516.0,609.0,576.0,606.0,651.0,496.0,516.0,389.0,311.0,287.0,212.0,272.0,264.0,233.0,243.0,206.0,281.0,200.0,224.0,351.0,307.0,354.0,343.0,301.0,359.0,346.0,369.0,342.0,371.0,425.0,399.0,446.0,360.0,333.0,331.0,293.0,285.0,226.0,185.0,133.0,136.0,122.0,75.0,119.0,107.0,144.0,112.0,71.0
2019/04/20,95.0,71.0,61.0,96.0,51.0,56.0,41.0,46.0,23.0,23.0,44.0,28.0,44.0,35.0,43.0,23.0,8.0,41.0,33.0,42.0,31.0,46.0,116.0,71.0,68.0,77.0,90.0,92.0,84.0,125.0,82.0,83.0,169.0,153.0,242.0,185.0,230.0,296.0,289.0,379.0,402.0,433.0,456.0,572.0,538.0,633.0,545.0,562.0,557.0,614.0,611.0,665.0,622.0,652.0,646.0,417.0,439.0,282.0,337.0,260.0,281.0,263.0,285.0,324.0,301.0,283.0,384.0,421.0,399.0,452.0,450.0,502.0,497.0,505.0,554.0,549.0,499.0,476.0,664.0,586.0,553.0,537.0,467.0,492.0,451.0,425.0,306.0,277.0,240.0,207.0,173.0,191.0,156.0,171.0,86.0,92.0
2019/04/21,72.0,124.0,89.0,105.0,75.0,110.0,33.0,56.0,46.0,51.0,38.0,39.0,54.0,37.0,53.0,48.0,18.0,41.0,46.0,27.0,44.0,69.0,47.0,80.0,67.0,74.0,90.0,107.0,79.0,96.0,81.0,154.0,177.0,85.0,154.0,220.0,223.0,283.0,334.0,434.0,381.0,432.0,437.0,502.0,624.0,738.0,702.0,687.0,824.0,765.0,710.0,899.0,889.0,844.0,650.0,595.0,589.0,487.0,451.0,495.0,495.0,410.0,396.0,323.0,488.0,426.0,406.0,447.0,555.0,543.0,550.0,652.0,553.0,610.0,533.0,620.0,618.0,654.0,725.0,611.0,704.0,609.0,486.0,453.0,519.0,369.0,299.0,204.0,227.0,248.0,168.0,191.0,118.0,125.0,136.0,80.0
2019/04/22,68.0,87.0,76.0,47.0,45.0,24.0,37.0,33.0,29.0,14.0,34.0,40.0,13.0,9.0,40.0,30.0,21.0,44.0,22.0,55.0,45.0,139.0,107.0,162.0,205.0,293.0,477.0,606.0,753.0,777.0,943.0,1004.0,996.0,967.0,1005.0,803.0,947.0,779.0,924.0,912.0,1237.0,952.0,1005.0,1014.0,981.0,975.0,1044.0,1134.0,1090.0,827.0,1013.0,810.0,983.0,1051.0,1028.0,873.0,776.0,644.0,801.0,865.0,902.0,894.0,983.0,948.0,874.0,912.0,1067.0,1098.0,1271.0,1267.0,1437.0,1548.0,1466.0,1334.0,1165.0,1108.0,1149.0,994.0,997.0,840.0,818.0,729.0,629.0,570.0,451.0,367.0,319.0,234.0,190.0,182.0,104.0,121.0,79.0,114.0,107.0,67.0
2019/04/23,91.0,39.0,30.0,28.0,37.0,9.0,33.0,26.0,32.0,7.0,0.0,36.0,5.0,0.0,13.0,32.0,17.0,21.0,51.0,33.0,58.0,107.0,129.0,192.0,229.0,402.0,484.0,645.0,879.0,1117.0,1395.0,1416.0,1263.0,1255.0,1312.0,1315.0,1324.0,1208.0,1014.0,1099.0,1149.0,1055.0,1146.0,1041.0,1088.0,1103.0,1004.0,1091.0,1065.0,1066.0,983.0,969.0,1126.0,1093.0,1087.0,926.0,941.0,790.0,811.0,863.0,1053.0,1089.0,1152.0,1243.0,1230.0,1330.0,1234.0,1226.0,1282.0,1436.0,1245.0,1333.0,1572.0,1400.0,1502.0,1342.0,1102.0,960.0,1079.0,882.0,999.0,728.0,749.0,661.0,494.0,427.0,325.0,258.0,181.0,207.0,178.0,137.0,105.0,159.0,168.0,113.0
2019/04/24,78.0,54.0,19.0,39.0,25.0,19.0,21.0,22.0,20.0,29.0,23.0,26.0,19.0,5.0,20.0,27.0,18.0,38.0,21.0,48.0,39.0,88.0,134.0,155.0,214.0,354.0,512.0,683.0,873.0,1157.0,1199.0,1453.0,1400.0,1099.0,1422.0,1356.0,1325.0,1223.0,1203.0,1160.0,978.0,1139.0,1090.0,1068.0,1091.0,1101.0,1027.0,1059.0,1062.0,997.0,1036.0,1017.0,1032.0,1127.0,1136.0,1033.0,937.0,926.0,933.0,1151.0,1077.0,1139.0,1221.0,1135.0,1363.0,1259.0,1143.0,1217.0,1365.0,1385.0,1544.0,1323.0,1512.0,1265.0,1370.0,1358.0,1389.0,1318.0,1451.0,1260.0,1231.0,1134.0,791.0,537.0,482.0,441.0,352.0,292.0,245.0,261.0,178.0,182.0,139.0,143.0,109.0,109.0
2019/04/25,57.0,97.0,46.0,53.0,39.0,37.0,40.0,38.0,35.0,12.0,32.0,16.0,17.0,21.0,21.0,34.0,16.0,32.0,35.0,28.0,50.0,114.0,141.0,197.0,213.0,374.0,453.0,669.0,1003.0,1165.0,1407.0,1468.0,1408.0,1319.0,1299.0,1414.0,1484.0,1286.0,1233.0,1159.0,1097.0,1059.0,1128.0,1120.0,1202.0,1132.0,1183.0,1111.0,1022.0,1117.0,1186.0,1227.0,1136.0,1060.0,1065.0,968.0,803.0,872.0,841.0,1026.0,1099.0,983.0,1188.0,1206.0,1279.0,1323.0,1192.0,1245.0,1465.0,1373.0,1420.0,1479.0,1548.0,1616.0,1439.0,1461.0,1272.0,1247.0,1213.0,1122.0,936.0,938.0,811.0,747.0,627.0,559.0,455.0,255.0,287.0,229.0,206.0,227.0,226.0,182.0,166.0,159.0
2019/04/26,125.0,102.0,150.0,70.0,105.0,139.0,174.0,208.0,243.0,277.0,312.0,347.0,22.0,31.0,30.0,28.0,14.0,34.0,25.0,38.0,40.0,58.0,90.0,74.0,117.0,175.0,247.0,245.0,261.0,969.0,1314.0,1469.0,1355.0,1332.0,1323.0,1421.0,1371.0,1083.0,976.0,991.0,1056.0,1212.0,1011.0,1054.0,1176.0,1186.0,1030.0,1082.0,1096.0,1012.0,1113.0,1143.0,1245.0,1475.0,1666.0,1593.0,1581.0,1643.0,1451.0,1483.0,1508.0,1421.0,1526.0,1301.0,1346.0,1427.0,1401.0,1370.0,1314.0,1234.0,1266.0,1265.0,1185.0,1139.0,1192.0,1164.0,1336.0,1163.0,1031.0,1045.0,1121.0,1146.0,1142.0,1016.0,883.0,740.0,529.0,483.0,347.0,297.0,329.0,274.0,215.0,313.0,243.0,247.0
2019/04/27,293.0,229.0,172.0,166.0,181.0,155.0,180.0,133.0,134.0,153.0,107.0,105.0,89.0,55.0,83.0,46.0,74.0,48.0,56.0,77.0,69.0,104.0,112.0,150.0,140.0,147.0,142.0,197.0,282.0,312.0,448.0,526.0,569.0,553.0,840.0,819.0,1058.0,1066.0,962.0,1004.0,1200.0,1264.0,1263.0,1373.0,1298.0,1340.0,1200.0,1239.0,1277.0,1174.0,1167.0,1157.0,1104.0,1039.0,1229.0,992.0,769.0,735.0,566.0,459.0,397.0,387.0,450.0,422.0,616.0,584.0,702.0,627.0,674.0,784.0,777.0,750.0,882.0,865.0,802.0,986.0,880.0,1003.0,1035.0,962.0,986.0,911.0,1063.0,872.0,900.0,749.0,460.0,416.0,369.0,370.0,244.0,253.0,321.0,250.0,256.0,306.0
2019/04/28,199.0,213.0,186.0,228.0,221.0,210.0,172.0,177.0,157.0,117.0,138.0,82.0,87.0,113.0,107.0,51.0,72.0,80.0,81.0,126.0,135.0,93.0,96.0,97.0,94.0,76.0,150.0,123.0,228.0,124.0,96.0,180.0,215.0,159.0,278.0,326.0,396.0,487.0,464.0,564.0,539.0,676.0,751.0,871.0,878.0,890.0,952.0,932.0,967.0,1054.0,948.0,983.0,1092.0,1039.0,882.0,891.0,778.0,613.0,503.0,444.0,423.0,445.0,415.0,587.0,639.0,607.0,808.0,710.0,824.0,788.0,806.0,710.0,725.0,748.0,908.0,770.0,829.0,725.0,767.0,613.0,741.0,512.0,495.0,478.0,485.0,376.0,239.0,249.0,238.0,218.0,178.0,226.0,203.0,195.0,160.0,113.0
2019/04/29,120.0,116.0,59.0,56.0,81.0,26.0,26.0,25.0,31.0,9.0,18.0,33.0,9.0,15.0,4.0,58.0,35.0,19.0,39.0,54.0,42.0,120.0,139.0,147.0,233.0,280.0,511.0,638.0,878.0,1221.0,1233.0,1505.0,1242.0,1358.0,1233.0,1292.0,1201.0,1174.0,1066.0,1025.0,1140.0,912.0,1078.0,1038.0,1156.0,951.0,1036.0,1109.0,1099.0,958.0,983.0,1103.0,1088.0,1015.0,1125.0,870.0,873.0,837.0,928.0,941.0,1010.0,1121.0,1137.0,1214.0,1213.0,829.0,1266.0,1273.0,1284.0,1465.0,1430.0,1273.0,1594.0,1323.0,1528.0,1139.0,967.0,1075.0,986.0,797.0,872.0,675.0,733.0,612.0,511.0,476.0,393.0,189.0,277.0,203.0,245.0,176.0,127.0,117.0,103.0,77.0
2019/04/30,55.0,92.0,26.0,18.0,79.0,12.0,36.0,33.0,31.0,34.0,26.0,31.0,36.0,32.0,26.0,47.0,49.0,32.0,11.0,27.0,43.0,138.0,141.0,151.0,248.0,381.0,534.0,708.0,903.0,937.0,1452.0,1501.0,1269.0,1381.0,1252.0,1414.0,1293.0,1196.0,1081.0,1153.0,1080.0,1065.0,1024.0,1020.0,1089.0,1109.0,1065.0,1212.0,1061.0,1052.0,1218.0,1029.0,1154.0,1060.0,1087.0,1131.0,1067.0,957.0,876.0,1020.0,1060.0,988.0,1120.0,1254.0,1180.0,1331.0,1232.0,1210.0,1408.0,1319.0,1515.0,1495.0,1468.0,1449.0,1503.0,1408.0,1313.0,1029.0,1083.0,961.0,858.0,999.0,910.0,781.0,670.0,617.0,464.0,340.0,275.0,235.0,189.0,231.0,213.0,192.0,193.0,104.0
2019/05/01,133.0,143.0,93.0,135.0,94.0,63.0,47.0,67.0,36.0,55.0,46.0,47.0,48.0,71.0,44.0,41.0,17.0,66.0,41.0,44.0,58.0,88.0,87.0,89.0,99.0,118.0,94.0,121.0,134.0,107.0,136.0,206.0,182.0,165.0,249.0,303.0,249.0,305.0,346.0,407.0,439.0,495.0,530.0,506.0,555.0,506.0,639.0,508.0,644.0,586.0,599.0,633.0,620.0,645.0,513.0,460.0,403.0,395.0,303.0,198.0,219.0,263.0,255.0,257.0,364.0,275.0,282.0,399.0,501.0,377.0,438.0,611.0,465.0,464.0,371.0,532.0,482.0,434.0,372.0,413.0,535.0,441.0,385.0,384.0,358.0,294.0,194.0,170.0,180.0,209.0,174.0,122.0,92.0,155.0,127.0,138.0
2019/05/02,68.0,56.0,84.0,49.0,67.0,90.0,48.0,69.0,48.0,81.0,26.0,33.0,53.0,36.0,40.0,15.0,28.0,34.0,38.0,35.0,35.0,63.0,80.0,68.0,89.0,61.0,133.0,159.0,136.0,126.0,174.0,197.0,192.0,217.0,239.0,327.0,327.0,330.0,390.0,452.0,523.0,596.0,596.0,572.0,656.0,685.0,647.0,690.0,646.0,775.0,813.0,698.0,718.0,703.0,690.0,646.0,452.0,393.0,364.0,351.0,288.0,239.0,291.0,342.0,357.0,405.0,442.0,457.0,506.0,452.0,564.0,559.0,526.0,631.0,633.0,586.0,586.0,566.0,524.0,528.0,651.0,441.0,539.0,547.0,389.0,407.0,328.0,218.0,154.0,184.0,148.0,172.0,147.0,144.0,81.0,70.0
2019/05/03,69.0,73.0,73.0,67.0,80.0,104.0,52.0,33.0,21.0,20.0,25.0,28.0,18.0,25.0,28.0,16.0,22.0,38.0,23.0,49.0,51.0,66.0,94.0,96.0,194.0,273.0,402.0,409.0,424.0,465.0,664.0,644.0,639.0,679.0,699.0,673.0,677.0,791.0,798.0,885.0,825.0,798.0,785.0,801.0,841.0,812.0,886.0,827.0,806.0,791.0,832.0,814.0,782.0,815.0,839.0,748.0,727.0,618.0,726.0,710.0,563.0,652.0,609.0,620.0,625.0,635.0,635.0,688.0,705.0,626.0,701.0,835.0,718.0,761.0,690.0,729.0,730.0,724.0,693.0,705.0,690.0,679.0,702.0,622.0,480.0,423.0,388.0,304.0,236.0,196.0,174.0,167.0,159.0,126.0,222.0,158.0
2019/05/04,129.0,116.0,98.0,103.0,113.0,114.0,94.0,136.0,106.0,76.0,79.0,67.0,57.0,59.0,67.0,60.0,47.0,31.0,55.0,40.0,45.0,102.0,122.0,102.0,97.0,107.0,101.0,158.0,176.0,200.0,148.0,160.0,234.0,235.0,210.0,267.0,437.0,451.0,426.0,497.0,544.0,547.0,662.0,761.0,731.0,820.0,815.0,879.0,742.0,830.0,733.0,662.0,755.0,723.0,706.0,660.0,451.0,346.0,385.0,364.0,365.0,324.0,310.0,367.0,293.0,432.0,352.0,446.0,573.0,501.0,514.0,602.0,740.0,712.0,542.0,616.0,659.0,686.0,618.0,709.0,627.0,712.0,690.0,631.0,540.0,547.0,339.0,315.0,248.0,252.0,200.0,192.0,161.0,182.0,172.0,172.0
2019/05/05,112.0,122.0,93.0,139.0,109.0,89.0,61.0,45.0,73.0,57.0,46.0,108.0,63.0,61.0,81.0,51.0,62.0,37.0,67.0,33.0,51.0,92.0,80.0,80.0,60.0,99.0,77.0,129.0,145.0,192.0,122.0,195.0,240.0,156.0,73.0,314.0,354.0,375.0,389.0,401.0,540.0,565.0,571.0,561.0,700.0,743.0,727.0,748.0,870.0,807.0,957.0,876.0,1252.0,1178.0,1019.0,695.0,659.0,605.0,545.0,569.0,492.0,389.0,347.0,416.0,437.0,545.0,606.0,520.0,770.0,747.0,695.0,796.0,788.0,712.0,779.0,739.0,722.0,659.0,705.0,675.0,786.0,635.0,561.0,483.0,466.0,363.0,290.0,235.0,209.0,234.0,185.0,158.0,172.0,106.0,101.0,80.0
2019/05/06,59.0,47.0,34.0,28.0,33.0,14.0,5.0,16.0,20.0,7.0,24.0,7.0,13.0,9.0,33.0,22.0,30.0,20.0,40.0,27.0,87.0,131.0,144.0,203.0,218.0,331.0,574.0,715.0,887.0,1061.0,1326.0,1277.0,1333.0,1322.0,1046.0,799.0,878.0,935.0,963.0,880.0,908.0,815.0,881.0,811.0,832.0,917.0,934.0,863.0,1005.0,895.0,873.0,789.0,951.0,937.0,914.0,910.0,757.0,796.0,810.0,892.0,950.0,883.0,1028.0,1044.0,1114.0,951.0,1213.0,1401.0,1174.0,1142.0,953.0,1143.0,1404.0,1051.0,904.0,1035.0,1192.0,995.0,925.0,847.0,759.0,728.0,683.0,576.0,523.0,427.0,404.0,216.0,215.0,275.0,185.0,146.0,141.0,119.0,84.0,75.0
2019/05/07,70.0,43.0,54.0,49.0,33.0,9.0,42.0,39.0,16.0,13.0,56.0,18.0,0.0,13.0,36.0,47.0,23.0,33.0,25.0,45.0,62.0,131.0,146.0,207.0,285.0,397.0,459.0,703.0,894.0,1075.0,1123.0,993.0,1082.0,1125.0,1244.0,1277.0,1043.0,899.0,977.0,1171.0,979.0,1004.0,822.0,834.0,887.0,936.0,868.0,983.0,993.0,1006.0,910.0,1061.0,1017.0,930.0,975.0,825.0,851.0,812.0,944.0,1058.0,960.0,1036.0,1195.0,1255.0,1398.0,1395.0,1338.0,1338.0,1381.0,1376.0,1588.0,1435.0,1380.0,1464.0,1531.0,1579.0,1251.0,1273.0,1196.0,1120.0,987.0,718.0,713.0,549.0,588.0,389.0,322.0,209.0,210.0,289.0,179.0,240.0,191.0,167.0,129.0,109.0
2019/05/08,132.0,55.0,28.0,53.0,37.0,41.0,20.0,26.0,25.0,9.0,32.0,35.0,17.0,16.0,26.0,49.0,14.0,17.0,46.0,38.0,43.0,115.0,148.0,191.0,289.0,311.0,545.0,649.0,916.0,964.0,1081.0,1479.0,1327.0,1298.0,1472.0,1406.0,1191.0,982.0,1047.0,1215.0,1095.0,1114.0,1079.0,1115.0,1118.0,1102.0,1149.0,1069.0,1077.0,1145.0,1131.0,1017.0,1114.0,1168.0,1045.0,998.0,756.0,819.0,937.0,952.0,1100.0,1095.0,1224.0,1169.0,1277.0,1261.0,1098.0,1174.0,1239.0,1314.0,1358.0,1296.0,1257.0,1298.0,1370.0,1392.0,1306.0,1272.0,1078.0,961.0,942.0,907.0,784.0,892.0,716.0,437.0,322.0,253.0,228.0,279.0,255.0,207.0,227.0,174.0,156.0,122.0
2019/05/09,87.0,89.0,84.0,55.0,34.0,39.0,41.0,18.0,41.0,12.0,10.0,22.0,17.0,29.0,15.0,56.0,12.0,23.0,34.0,58.0,59.0,117.0,142.0,193.0,276.0,367.0,533.0,713.0,1001.0,1106.0,1398.0,1243.0,1093.0,829.0,1237.0,1272.0,1223.0,1201.0,1173.0,1076.0,981.0,920.0,955.0,932.0,915.0,1132.0,1026.0,882.0,1067.0,998.0,1038.0,1091.0,958.0,1061.0,991.0,943.0,921.0,815.0,927.0,946.0,1008.0,1109.0,1096.0,1090.0,1043.0,973.0,1189.0,1291.0,1305.0,1349.0,1355.0,1406.0,1449.0,1383.0,1497.0,1382.0,1251.0,1115.0,1101.0,1090.0,927.0,886.0,802.0,708.0,579.0,559.0,382.0,383.0,318.0,246.0,229.0,232.0,233.0,184.0,203.0,159.0
2019/05/10,158.0,127.0,85.0,75.0,60.0,35.0,54.0,45.0,34.0,24.0,39.0,31.0,26.0,21.0,24.0,55.0,32.0,28.0,57.0,46.0,70.0,120.0,134.0,172.0,242.0,363.0,497.0,716.0,1082.0,1153.0,1329.0,1458.0,1372.0,1358.0,1411.0,1414.0,1181.0,1071.0,1067.0,1172.0,1273.0,1235.0,1270.0,1273.0,1343.0,910.0,770.0,751.0,686.0,983.0,977.0,1239.0,1155.0,1362.0,1457.0,1337.0,1166.0,1086.0,1324.0,1244.0,1309.0,1374.0,1489.0,1409.0,1336.0,1372.0,1404.0,1381.0,1149.0,1131.0,1120.0,1088.0,1162.0,1122.0,1078.0,1081.0,1148.0,986.0,915.0,1001.0,1118.0,1126.0,1038.0,1032.0,899.0,688.0,521.0,352.0,309.0,321.0,225.0,237.0,283.0,190.0,275.0,289.0
2019/05/11,245.0,181.0,207.0,147.0,156.0,165.0,159.0,159.0,123.0,89.0,62.0,62.0,129.0,89.0,75.0,40.0,40.0,53.0,58.0,64.0,87.0,167.0,126.0,104.0,88.0,86.0,122.0,147.0,189.0,191.0,335.0,434.0,358.0,433.0,426.0,716.0,785.0,804.0,736.0,808.0,790.0,916.0,840.0,882.0,992.0,1064.0,965.0,932.0,1056.0,930.0,979.0,896.0,947.0,1074.0,958.0,889.0,661.0,567.0,540.0,419.0,464.0,464.0,454.0,580.0,517.0,612.0,693.0,728.0,644.0,704.0,738.0,774.0,759.0,800.0,864.0,935.0,828.0,709.0,834.0,940.0,957.0,896.0,827.0,868.0,783.0,663.0,504.0,355.0,243.0,325.0,282.0,252.0,245.0,296.0,252.0,276.0
2019/05/12,304.0,228.0,209.0,185.0,181.0,158.0,144.0,145.0,119.0,114.0,115.0,114.0,66.0,99.0,91.0,107.0,68.0,74.0,77.0,91.0,118.0,126.0,96.0,90.0,76.0,89.0,98.0,142.0,167.0,146.0,107.0,175.0,218.0,171.0,267.0,348.0,398.0,434.0,514.0,576.0,637.0,829.0,821.0,761.0,873.0,863.0,876.0,888.0,1013.0,966.0,852.0,874.0,950.0,897.0,901.0,763.0,630.0,544.0,420.0,366.0,384.0,413.0,440.0,422.0,583.0,548.0,591.0,598.0,688.0,684.0,789.0,654.0,664.0,734.0,682.0,813.0,774.0,746.0,726.0,788.0,786.0,653.0,754.0,472.0,494.0,451.0,268.0,331.0,257.0,203.0,200.0,153.0,134.0,99.0,106.0,57.0
2019/05/13,67.0,54.0,30.0,51.0,33.0,34.0,25.0,25.0,32.0,19.0,20.0,30.0,5.0,20.0,0.0,36.0,40.0,27.0,33.0,47.0,37.0,115.0,192.0,144.0,304.0,308.0,475.0,687.0,921.0,1205.0,1373.0,1517.0,1480.0,1405.0,1298.0,1326.0,1213.0,1116.0,1146.0,1135.0,1142.0,1084.0,947.0,1045.0,1145.0,1053.0,961.0,1024.0,1016.0,1021.0,1027.0,1001.0,1093.0,1069.0,1076.0,1002.0,842.0,793.0,909.0,1017.0,876.0,1024.0,1091.0,1023.0,1364.0,1255.0,1290.0,1265.0,1215.0,1428.0,1437.0,1352.0,1438.0,1459.0,1181.0,1118.0,1157.0,1109.0,953.0,839.0,873.0,689.0,739.0,572.0,471.0,482.0,329.0,235.0,233.0,251.0,170.0,164.0,150.0,114.0,98.0,106.0
2019/05/14,75.0,41.0,50.0,28.0,24.0,35.0,32.0,32.0,28.0,26.0,33.0,19.0,25.0,24.0,20.0,24.0,17.0,24.0,35.0,55.0,39.0,135.0,142.0,183.0,336.0,383.0,497.0,754.0,934.0,1113.0,1364.0,1467.0,1470.0,1377.0,1104.0,1444.0,1321.0,1219.0,1180.0,1091.0,1100.0,1009.0,1085.0,995.0,1103.0,1024.0,1182.0,1062.0,1008.0,900.0,1004.0,1029.0,1212.0,1104.0,1140.0,1101.0,955.0,814.0,873.0,1023.0,987.0,1062.0,1142.0,1189.0,1362.0,1272.0,1288.0,1200.0,1366.0,1458.0,1416.0,1530.0,1431.0,1534.0,1468.0,1442.0,1396.0,1118.0,1209.0,1179.0,1000.0,1204.0,1113.0,1029.0,790.0,609.0,434.0,356.0,311.0,272.0,182.0,221.0,172.0,187.0,159.0,197.0
2019/05/15,166.0,177.0,129.0,161.0,174.0,86.0,105.0,127.0,97.0,86.0,71.0,65.0,99.0,77.0,38.0,73.0,43.0,54.0,56.0,62.0,93.0,97.0,84.0,79.0,93.0,85.0,148.0,207.0,157.0,187.0,200.0,268.0,274.0,261.0,400.0,363.0,431.0,382.0,467.0,611.0,603.0,660.0,638.0,701.0,666.0,673.0,914.0,846.0,831.0,833.0,811.0,1045.0,979.0,829.0,883.0,708.0,598.0,529.0,482.0,459.0,415.0,423.0,386.0,426.0,465.0,644.0,675.0,577.0,684.0,603.0,729.0,634.0,634.0,660.0,755.0,651.0,835.0,688.0,766.0,672.0,685.0,657.0,617.0,622.0,483.0,373.0,325.0,247.0,199.0,209.0,194.0,116.0,165.0,167.0,146.0,81.0
2019/05/16,95.0,58.0,66.0,54.0,49.0,36.0,28.0,16.0,12.0,12.0,23.0,9.0,5.0,7.0,7.0,27.0,13.0,25.0,16.0,36.0,34.0,102.0,125.0,129.0,242.0,353.0,484.0,769.0,867.0,1045.0,1492.0,1548.0,1473.0,1316.0,1350.0,1377.0,1354.0,1087.0,1095.0,1059.0,1237.0,948.0,1044.0,1134.0,1112.0,1023.0,1083.0,1162.0,1195.0,1044.0,1102.0,1098.0,1182.0,1222.0,1040.0,996.0,972.0,827.0,764.0,918.0,1040.0,1112.0,1177.0,1064.0,1414.0,1272.0,1104.0,1167.0,1370.0,1319.0,1476.0,1396.0,1532.0,1462.0,1350.0,1361.0,1271.0,1033.0,1051.0,915.0,879.0,833.0,788.0,697.0,583.0,464.0,390.0,291.0,283.0,260.0,197.0,221.0,176.0,203.0,144.0,144.0
2019/05/17,109.0,79.0,61.0,77.0,51.0,78.0,41.0,37.0,34.0,61.0,39.0,20.0,7.0,11.0,24.0,43.0,39.0,40.0,43.0,34.0,33.0,121.0,144.0,154.0,200.0,339.0,481.0,772.0,876.0,1073.0,1417.0,1529.0,1400.0,1353.0,1443.0,1373.0,1414.0,1081.0,1000.0,981.0,992.0,1103.0,1072.0,972.0,1136.0,1102.0,1050.0,1123.0,1132.0,1138.0,1009.0,1099.0,1292.0,1468.0,1477.0,1721.0,1603.0,1480.0,1474.0,1312.0,1426.0,1254.0,1467.0,1286.0,1454.0,1312.0,1303.0,1233.0,1299.0,1015.0,1039.0,1068.0,1117.0,930.0,965.0,1019.0,990.0,939.0,829.0,994.0,927.0,934.0,1011.0,840.0,791.0,577.0,411.0,383.0,269.0,280.0,303.0,278.0,248.0,208.0,262.0,190.0
2019/05/18,280.0,167.0,145.0,163.0,154.0,146.0,87.0,133.0,83.0,59.0,74.0,71.0,76.0,84.0,58.0,63.0,62.0,36.0,102.0,44.0,84.0,91.0,92.0,104.0,129.0,115.0,158.0,164.0,118.0,188.0,231.0,335.0,456.0,327.0,486.0,518.0,589.0,601.0,716.0,851.0,904.0,972.0,849.0,1015.0,959.0,971.0,1196.0,1189.0,1115.0,972.0,954.0,1105.0,1115.0,1070.0,989.0,824.0,631.0,539.0,461.0,431.0,451.0,421.0,463.0,469.0,544.0,503.0,657.0,640.0,698.0,641.0,792.0,957.0,816.0,774.0,774.0,874.0,852.0,761.0,869.0,761.0,883.0,760.0,765.0,779.0,669.0,587.0,401.0,397.0,365.0,262.0,260.0,217.0,194.0,170.0,189.0,199.0
2019/05/19,174.0,158.0,178.0,182.0,172.0,151.0,81.0,138.0,111.0,84.0,135.0,66.0,81.0,59.0,67.0,56.0,53.0,118.0,83.0,93.0,71.0,71.0,102.0,76.0,63.0,92.0,97.0,111.0,97.0,90.0,145.0,161.0,183.0,159.0,276.0,330.0,465.0,406.0,562.0,555.0,805.0,809.0,993.0,1034.0,819.0,818.0,695.0,759.0,934.0,729.0,863.0,887.0,918.0,933.0,895.0,781.0,578.0,495.0,490.0,444.0,406.0,321.0,406.0,427.0,426.0,472.0,655.0,550.0,614.0,609.0,587.0,632.0,690.0,724.0,707.0,852.0,956.0,795.0,757.0,739.0,721.0,604.0,600.0,567.0,487.0,434.0,367.0,315.0,224.0,153.0,137.0,190.0,134.0,162.0,97.0,109.0
2019/05/20,115.0,78.0,54.0,54.0,48.0,28.0,51.0,45.0,17.0,22.0,22.0,21.0,7.0,9.0,15.0,34.0,36.0,42.0,55.0,48.0,60.0,114.0,151.0,152.0,214.0,333.0,463.0,686.0,943.0,1171.0,1259.0,1602.0,1432.0,1475.0,1396.0,1252.0,1327.0,912.0,1111.0,1067.0,1164.0,1148.0,1170.0,1004.0,1031.0,1142.0,998.0,1028.0,869.0,999.0,978.0,977.0,1048.0,932.0,1047.0,829.0,892.0,800.0,936.0,953.0,983.0,951.0,1107.0,1071.0,1010.0,1317.0,1190.0,1247.0,1251.0,1491.0,1486.0,1431.0,1624.0,1548.0,1387.0,1386.0,1055.0,1012.0,1072.0,872.0,782.0,806.0,645.0,613.0,423.0,449.0,401.0,271.0,203.0,233.0,197.0,141.0,151.0,115.0,105.0,110.0
2019/05/21,83.0,51.0,43.0,30.0,13.0,54.0,20.0,28.0,24.0,29.0,20.0,35.0,12.0,14.0,0.0,40.0,16.0,55.0,51.0,47.0,52.0,134.0,140.0,168.0,262.0,434.0,552.0,738.0,955.0,1044.0,1139.0,1552.0,1207.0,1356.0,1314.0,1328.0,1301.0,1168.0,1028.0,958.0,1057.0,1047.0,968.0,968.0,1047.0,1084.0,846.0,858.0,982.0,963.0,983.0,916.0,918.0,936.0,932.0,847.0,939.0,822.0,871.0,914.0,993.0,1047.0,1043.0,1107.0,1343.0,1275.0,1201.0,1279.0,1294.0,1496.0,1391.0,1475.0,1461.0,1445.0,1637.0,1349.0,1406.0,1392.0,1228.0,955.0,900.0,665.0,813.0,686.0,610.0,568.0,330.0,263.0,241.0,249.0,189.0,207.0,213.0,172.0,148.0,129.0
2019/05/22,77.0,89.0,66.0,72.0,58.0,46.0,33.0,29.0,18.0,43.0,33.0,21.0,16.0,33.0,7.0,47.0,37.0,42.0,66.0,40.0,75.0,135.0,131.0,141.0,260.0,347.0,538.0,697.0,894.0,1243.0,1444.0,1521.0,1467.0,1267.0,1279.0,989.0,1304.0,1232.0,977.0,961.0,986.0,1008.0,913.0,1125.0,1049.0,1120.0,927.0,1222.0,1091.0,1084.0,1057.0,1065.0,1093.0,964.0,920.0,964.0,832.0,794.0,797.0,892.0,983.0,1027.0,1081.0,1090.0,1166.0,1198.0,1029.0,1155.0,1246.0,1266.0,1356.0,1367.0,1063.0,1060.0,1148.0,1384.0,1233.0,1207.0,990.0,970.0,878.0,905.0,766.0,579.0,569.0,479.0,288.0,273.0,266.0,276.0,219.0,253.0,221.0,157.0,125.0,145.0
2019/05/23,135.0,93.0,97.0,57.0,37.0,42.0,45.0,47.0,22.0,15.0,33.0,12.0,8.0,16.0,11.0,63.0,30.0,44.0,57.0,28.0,41.0,101.0,155.0,174.0,287.0,411.0,398.0,757.0,975.0,1199.0,1388.0,1527.0,1544.0,1411.0,1367.0,1579.0,1438.0,1196.0,1148.0,1159.0,1151.0,1033.0,984.0,1054.0,1324.0,1182.0,1134.0,1044.0,1206.0,1061.0,1070.0,1084.0,1216.0,1198.0,1178.0,940.0,840.0,787.0,833.0,1131.0,1122.0,995.0,1136.0,1140.0,963.0,1449.0,1129.0,1312.0,1249.0,1492.0,1557.0,1561.0,1577.0,1484.0,1469.0,1470.0,1478.0,1265.0,952.0,1138.0,831.0,857.0,852.0,653.0,547.0,459.0,366.0,363.0,315.0,279.0,225.0,238.0,208.0,198.0,155.0,159.0
2019/05/24,115.0,121.0,117.0,109.0,82.0,71.0,50.0,51.0,65.0,33.0,39.0,18.0,27.0,20.0,52.0,66.0,28.0,44.0,33.0,58.0,79.0,111.0,133.0,153.0,200.0,286.0,474.0,795.0,1016.0,1167.0,1286.0,1341.0,1483.0,1366.0,1295.0,1392.0,1234.0,1166.0,1013.0,1076.0,1135.0,1062.0,1058.0,1315.0,1154.0,1083.0,1144.0,1049.0,976.0,939.0,976.0,977.0,908.0,1047.0,1439.0,1217.0,963.0,1120.0,1327.0,934.0,1227.0,920.0,1100.0,1244.0,1022.0,1169.0,1179.0,942.0,1308.0,1143.0,1234.0,993.0,971.0,957.0,926.0,939.0,937.0,962.0,1029.0,997.0,1031.0,1014.0,1008.0,1093.0,962.0,730.0,461.0,492.0,301.0,296.0,280.0,290.0,189.0,270.0,211.0,286.0
2019/05/25,235.0,231.0,184.0,203.0,142.0,193.0,160.0,118.0,166.0,101.0,98.0,105.0,120.0,76.0,56.0,139.0,67.0,68.0,89.0,90.0,93.0,110.0,87.0,104.0,103.0,120.0,123.0,130.0,175.0,164.0,230.0,288.0,376.0,320.0,398.0,503.0,720.0,575.0,719.0,719.0,771.0,859.0,925.0,1001.0,1005.0,945.0,996.0,979.0,967.0,1038.0,1007.0,1046.0,978.0,1065.0,1027.0,772.0,763.0,550.0,431.0,396.0,402.0,457.0,538.0,447.0,549.0,490.0,680.0,649.0,686.0,759.0,831.0,772.0,882.0,764.0,865.0,839.0,833.0,951.0,881.0,864.0,960.0,993.0,1061.0,958.0,795.0,611.0,497.0,353.0,275.0,238.0,269.0,289.0,311.0,242.0,291.0,241.0
2019/05/26,203.0,200.0,190.0,211.0,170.0,134.0,114.0,127.0,166.0,149.0,104.0,64.0,84.0,93.0,93.0,98.0,79.0,75.0,44.0,90.0,57.0,107.0,104.0,140.0,90.0,93.0,130.0,165.0,165.0,154.0,170.0,166.0,208.0,242.0,327.0,316.0,424.0,451.0,506.0,603.0,648.0,714.0,679.0,742.0,778.0,831.0,942.0,921.0,1025.0,1076.0,1071.0,1086.0,992.0,1128.0,938.0,755.0,688.0,598.0,568.0,485.0,379.0,444.0,520.0,543.0,618.0,665.0,660.0,727.0,876.0,822.0,800.0,867.0,963.0,964.0,966.0,861.0,877.0,711.0,795.0,828.0,796.0,669.0,623.0,447.0,483.0,319.0,320.0,257.0,209.0,229.0,166.0,139.0,152.0,137.0,115.0,133.0
2019/05/27,59.0,51.0,65.0,65.0,79.0,24.0,30.0,40.0,44.0,47.0,22.0,27.0,10.0,28.0,7.0,28.0,23.0,20.0,45.0,46.0,42.0,120.0,128.0,169.0,227.0,289.0,489.0,719.0,943.0,1008.0,1169.0,1523.0,1301.0,1521.0,1203.0,1132.0,1468.0,1334.0,1218.0,1267.0,1197.0,1247.0,1294.0,1407.0,1260.0,1198.0,1015.0,1089.0,1100.0,1105.0,939.0,1095.0,942.0,1091.0,1118.0,889.0,820.0,874.0,1011.0,1193.0,1144.0,1030.0,1190.0,1234.0,1415.0,1446.0,1325.0,1399.0,1368.0,1473.0,1506.0,1563.0,1532.0,1458.0,1471.0,1373.0,1327.0,1126.0,917.0,928.0,943.0,813.0,809.0,548.0,538.0,514.0,319.0,284.0,251.0,220.0,202.0,168.0,137.0,85.0,117.0,61.0
2019/05/28,65.0,64.0,48.0,44.0,30.0,36.0,15.0,30.0,44.0,30.0,20.0,12.0,21.0,6.0,16.0,56.0,20.0,14.0,30.0,49.0,31.0,107.0,136.0,156.0,250.0,350.0,591.0,735.0,910.0,1174.0,1339.0,1571.0,1502.0,1457.0,1493.0,1688.0,1456.0,1355.0,1170.0,1181.0,1156.0,1104.0,1021.0,1064.0,1119.0,1096.0,1070.0,1013.0,1087.0,1111.0,963.0,1183.0,1192.0,1147.0,1146.0,1016.0,957.0,837.0,1035.0,1156.0,1116.0,1143.0,1048.0,1232.0,1319.0,1316.0,1205.0,1208.0,1300.0,1440.0,1345.0,1342.0,1467.0,1527.0,1541.0,1395.0,1257.0,1156.0,1173.0,939.0,961.0,855.0,686.0,637.0,510.0,547.0,355.0,295.0,265.0,294.0,195.0,175.0,155.0,174.0,131.0,123.0
2019/05/29,125.0,79.0,84.0,47.0,14.0,58.0,27.0,36.0,34.0,16.0,36.0,18.0,28.0,37.0,22.0,46.0,10.0,38.0,56.0,48.0,40.0,126.0,141.0,119.0,274.0,409.0,484.0,792.0,934.0,1026.0,1255.0,1385.0,1573.0,1491.0,1507.0,1440.0,1408.0,1152.0,1118.0,1181.0,1108.0,992.0,1062.0,1148.0,1160.0,1175.0,1061.0,1144.0,1136.0,1153.0,1070.0,976.0,1189.0,1201.0,1057.0,1023.0,997.0,840.0,849.0,906.0,1080.0,966.0,1045.0,1143.0,1294.0,1255.0,1120.0,1040.0,1414.0,1418.0,1541.0,1596.0,1431.0,1467.0,1443.0,1147.0,1408.0,1249.0,883.0,1042.0,971.0,1053.0,989.0,749.0,514.0,488.0,425.0,310.0,332.0,298.0,211.0,223.0,242.0,205.0,165.0,164.0
2019/05/30,146.0,100.0,66.0,50.0,83.0,52.0,27.0,46.0,47.0,27.0,26.0,35.0,49.0,31.0,22.0,27.0,14.0,36.0,43.0,18.0,55.0,131.0,105.0,162.0,284.0,381.0,511.0,711.0,925.0,1179.0,1470.0,1463.0,1551.0,1359.0,1287.0,1380.0,1379.0,1081.0,1080.0,942.0,1032.0,1161.0,1053.0,1195.0,1099.0,927.0,855.0,993.0,944.0,1050.0,898.0,985.0,1173.0,1132.0,969.0,965.0,850.0,728.0,954.0,908.0,1106.0,1051.0,1203.0,1173.0,1495.0,1276.0,1304.0,1197.0,1504.0,1468.0,1456.0,1556.0,1494.0,1486.0,1439.0,1566.0,1327.0,1279.0,1233.0,1145.0,979.0,909.0,864.0,842.0,732.0,488.0,506.0,329.0,311.0,285.0,248.0,257.0,273.0,199.0,212.0,240.0
2019/05/31,211.0,197.0,145.0,100.0,73.0,87.0,91.0,105.0,52.0,25.0,35.0,61.0,37.0,25.0,19.0,60.0,48.0,52.0,68.0,53.0,89.0,161.0,125.0,159.0,258.0,300.0,511.0,699.0,1025.0,1043.0,1361.0,1591.0,1433.0,1500.0,1383.0,1346.0,1241.0,1131.0,1219.0,1124.0,1053.0,1067.0,1067.0,1170.0,1145.0,1187.0,1134.0,1062.0,1268.0,1145.0,1024.0,1203.0,1232.0,1486.0,1435.0,1597.0,1649.0,1362.0,1526.0,1358.0,1448.0,1290.0,1341.0,1241.0,1388.0,1483.0,1332.0,1132.0,1337.0,1293.0,1205.0,1205.0,1059.0,1127.0,1114.0,1144.0,1149.0,996.0,1033.0,995.0,939.0,1000.0,1014.0,824.0,868.0,735.0,732.0,504.0,437.0,316.0,324.0,333.0,328.0,245.0,317.0,287.0
2019/06/01,344.0,326.0,232.0,206.0,204.0,140.0,147.0,134.0,180.0,165.0,124.0,102.0,107.0,113.0,94.0,86.0,128.0,96.0,84.0,94.0,76.0,123.0,134.0,122.0,132.0,114.0,139.0,120.0,121.0,202.0,291.0,240.0,340.0,376.0,448.0,498.0,687.0,493.0,696.0,655.0,838.0,759.0,852.0,953.0,985.0,800.0,990.0,1166.0,1089.0,997.0,876.0,966.0,999.0,1011.0,1000.0,760.0,716.0,622.0,520.0,474.0,449.0,368.0,447.0,479.0,538.0,563.0,516.0,669.0,643.0,874.0,738.0,673.0,847.0,825.0,774.0,849.0,931.0,864.0,926.0,936.0,867.0,809.0,845.0,737.0,692.0,493.0,380.0,321.0,209.0,261.0,261.0,316.0,329.0,291.0,276.0,265.0
2019/06/02,272.0,226.0,184.0,162.0,222.0,227.0,162.0,164.0,194.0,156.0,154.0,203.0,143.0,104.0,88.0,92.0,65.0,71.0,109.0,92.0,83.0,137.0,126.0,74.0,87.0,100.0,118.0,159.0,122.0,149.0,119.0,163.0,186.0,214.0,263.0,349.0,424.0,361.0,437.0,535.0,683.0,634.0,719.0,861.0,707.0,785.0,796.0,837.0,810.0,975.0,864.0,902.0,955.0,889.0,855.0,780.0,682.0,480.0,442.0,422.0,354.0,343.0,435.0,355.0,493.0,547.0,665.0,568.0,684.0,744.0,725.0,744.0,835.0,747.0,847.0,818.0,791.0,929.0,760.0,792.0,813.0,825.0,626.0,560.0,591.0,457.0,383.0,217.0,242.0,279.0,223.0,149.0,188.0,188.0,121.0,98.0
2019/06/03,66.0,75.0,67.0,42.0,32.0,35.0,24.0,14.0,43.0,41.0,37.0,17.0,20.0,10.0,29.0,42.0,7.0,29.0,42.0,28.0,48.0,121.0,144.0,186.0,260.0,324.0,522.0,687.0,917.0,1076.0,1363.0,1514.0,1496.0,1469.0,1323.0,1314.0,1291.0,957.0,1053.0,1080.0,1073.0,904.0,957.0,994.0,1111.0,1011.0,1121.0,1085.0,1039.0,1135.0,1033.0,1005.0,1093.0,1139.0,1161.0,1019.0,985.0,1042.0,1004.0,1107.0,971.0,1004.0,1119.0,1133.0,1080.0,1210.0,1166.0,1100.0,1275.0,1345.0,1303.0,1313.0,1510.0,1483.0,1331.0,1460.0,1191.0,1062.0,931.0,888.0,934.0,949.0,729.0,547.0,524.0,448.0,367.0,269.0,244.0,221.0,180.0,185.0,168.0,119.0,109.0,108.0
2019/06/04,91.0,53.0,40.0,58.0,25.0,30.0,39.0,20.0,21.0,24.0,25.0,16.0,9.0,20.0,7.0,25.0,24.0,44.0,13.0,46.0,70.0,121.0,143.0,173.0,281.0,442.0,504.0,712.0,903.0,1030.0,1063.0,1193.0,1304.0,996.0,1019.0,1255.0,1231.0,1119.0,887.0,1079.0,1161.0,1004.0,908.0,982.0,942.0,924.0,961.0,882.0,941.0,1058.0,928.0,925.0,999.0,1091.0,935.0,955.0,884.0,867.0,810.0,811.0,1049.0,1009.0,894.0,1066.0,1101.0,1254.0,1197.0,1320.0,1333.0,1439.0,1338.0,1554.0,1376.0,1407.0,1409.0,1470.0,1379.0,1240.0,1165.0,1081.0,816.0,938.0,799.0,625.0,533.0,524.0,458.0,274.0,245.0,243.0,229.0,159.0,209.0,183.0,181.0,141.0
2019/06/05,107.0,55.0,52.0,31.0,45.0,16.0,36.0,43.0,37.0,19.0,25.0,24.0,23.0,13.0,14.0,34.0,21.0,13.0,61.0,43.0,120.0,134.0,159.0,167.0,261.0,396.0,535.0,712.0,944.0,1141.0,1303.0,1363.0,1287.0,1413.0,1193.0,1381.0,880.0,857.0,1146.0,1113.0,1150.0,703.0,1023.0,873.0,946.0,966.0,938.0,1085.0,975.0,1094.0,878.0,893.0,1049.0,1139.0,1066.0,943.0,847.0,821.0,829.0,880.0,996.0,1008.0,1019.0,914.0,1134.0,1024.0,1161.0,1147.0,1322.0,1270.0,1058.0,1201.0,1228.0,1511.0,1409.0,1317.0,1336.0,1179.0,1035.0,995.0,878.0,838.0,797.0,631.0,493.0,490.0,330.0,276.0,224.0,310.0,195.0,213.0,185.0,142.0,171.0,130.0
2019/06/06,143.0,88.0,95.0,66.0,66.0,47.0,44.0,37.0,40.0,18.0,41.0,45.0,24.0,20.0,15.0,20.0,37.0,15.0,39.0,36.0,86.0,128.0,127.0,130.0,211.0,332.0,492.0,651.0,949.0,1193.0,1319.0,1406.0,1360.0,1299.0,1317.0,1408.0,1311.0,1225.0,1127.0,1154.0,1015.0,1033.0,1003.0,1132.0,1038.0,974.0,1025.0,1018.0,1045.0,1019.0,1039.0,983.0,1039.0,923.0,1128.0,1051.0,914.0,859.0,914.0,1072.0,998.0,990.0,902.0,1151.0,1045.0,918.0,1380.0,1069.0,1231.0,1304.0,1396.0,1415.0,1462.0,1558.0,1392.0,1354.0,1220.0,1178.0,1165.0,1182.0,1101.0,989.0,842.0,795.0,654.0,523.0,477.0,291.0,281.0,354.0,261.0,296.0,167.0,234.0,212.0,159.0
2019/06/07,131.0,114.0,113.0,117.0,105.0,67.0,37.0,70.0,55.0,23.0,72.0,40.0,32.0,53.0,69.0,63.0,28.0,77.0,72.0,45.0,94.0,140.0,153.0,184.0,262.0,409.0,553.0,739.0,931.0,1120.0,1224.0,1507.0,1446.0,1099.0,1059.0,1073.0,1293.0,980.0,973.0,902.0,1045.0,948.0,1019.0,922.0,1060.0,1029.0,1070.0,1139.0,1214.0,1092.0,1005.0,1095.0,1135.0,1447.0,1249.0,1590.0,1503.0,1454.0,1437.0,1407.0,1293.0,1301.0,1296.0,1363.0,1063.0,1112.0,1289.0,1227.0,1239.0,1021.0,909.0,888.0,887.0,887.0,853.0,905.0,914.0,928.0,997.0,989.0,1087.0,1072.0,1090.0,1021.0,966.0,665.0,547.0,427.0,323.0,282.0,325.0,298.0,204.0,252.0,227.0,276.0
2019/06/08,201.0,297.0,219.0,181.0,119.0,131.0,156.0,160.0,150.0,118.0,76.0,97.0,83.0,100.0,76.0,91.0,85.0,53.0,102.0,95.0,95.0,124.0,107.0,144.0,109.0,94.0,150.0,172.0,144.0,168.0,237.0,293.0,391.0,445.0,426.0,411.0,537.0,534.0,679.0,665.0,781.0,802.0,817.0,836.0,894.0,1078.0,979.0,938.0,961.0,989.0,1032.0,1026.0,1100.0,882.0,831.0,765.0,661.0,467.0,532.0,382.0,389.0,391.0,452.0,483.0,525.0,509.0,580.0,613.0,674.0,702.0,728.0,788.0,770.0,846.0,819.0,678.0,737.0,791.0,844.0,884.0,809.0,783.0,784.0,819.0,784.0,720.0,405.0,370.0,319.0,257.0,262.0,265.0,305.0,306.0,312.0,263.0
2019/06/09,235.0,159.0,213.0,126.0,194.0,186.0,138.0,203.0,129.0,152.0,99.0,90.0,101.0,94.0,117.0,89.0,75.0,30.0,97.0,76.0,88.0,87.0,104.0,69.0,101.0,86.0,87.0,98.0,115.0,105.0,120.0,160.0,201.0,185.0,258.0,287.0,428.0,412.0,526.0,606.0,609.0,566.0,755.0,751.0,789.0,785.0,742.0,716.0,823.0,809.0,779.0,932.0,956.0,959.0,906.0,750.0,587.0,441.0,432.0,365.0,377.0,323.0,326.0,368.0,447.0,457.0,580.0,545.0,667.0,609.0,637.0,715.0,712.0,785.0,838.0,846.0,819.0,771.0,735.0,819.0,781.0,697.0,701.0,633.0,640.0,466.0,333.0,345.0,256.0,272.0,236.0,157.0,113.0,151.0,137.0,57.0
2019/06/10,72.0,67.0,52.0,59.0,21.0,23.0,37.0,16.0,32.0,8.0,29.0,7.0,1.0,4.0,4.0,12.0,20.0,52.0,13.0,46.0,73.0,137.0,95.0,184.0,262.0,323.0,533.0,726.0,936.0,1171.0,1299.0,1374.0,1313.0,1375.0,1436.0,1366.0,1272.0,1067.0,1091.0,1076.0,998.0,1067.0,1010.0,1035.0,1089.0,1053.0,993.0,1046.0,1081.0,1022.0,993.0,927.0,1110.0,991.0,1089.0,1085.0,1028.0,854.0,804.0,1160.0,1150.0,1001.0,1092.0,975.0,852.0,859.0,852.0,1321.0,1243.0,1301.0,1359.0,1304.0,1212.0,1187.0,1350.0,1261.0,1338.0,1176.0,1225.0,943.0,838.0,681.0,665.0,657.0,521.0,452.0,368.0,245.0,305.0,410.0,254.0,168.0,95.0,163.0,103.0,119.0
2019/06/11,53.0,74.0,60.0,10.0,42.0,31.0,22.0,16.0,39.0,16.0,10.0,25.0,27.0,12.0,15.0,41.0,34.0,24.0,24.0,76.0,46.0,87.0,115.0,135.0,277.0,375.0,483.0,814.0,936.0,1082.0,1394.0,1478.0,1538.0,1311.0,1419.0,1254.0,1376.0,1299.0,1190.0,1138.0,1135.0,1055.0,1136.0,1079.0,1100.0,991.0,1011.0,975.0,1087.0,1022.0,1070.0,1036.0,1155.0,1091.0,1114.0,945.0,1033.0,844.0,1011.0,847.0,913.0,953.0,907.0,1035.0,1198.0,1286.0,1253.0,1059.0,1319.0,1251.0,1480.0,1454.0,1501.0,1594.0,1315.0,1387.0,1430.0,1082.0,990.0,904.0,897.0,773.0,686.0,545.0,526.0,503.0,309.0,236.0,226.0,256.0,239.0,131.0,203.0,182.0,166.0,117.0
2019/06/12,93.0,85.0,79.0,22.0,59.0,43.0,39.0,40.0,23.0,15.0,11.0,9.0,12.0,35.0,11.0,52.0,17.0,45.0,31.0,52.0,46.0,97.0,135.0,145.0,259.0,387.0,473.0,702.0,972.0,1023.0,1396.0,1483.0,1169.0,1151.0,1292.0,1329.0,1329.0,1095.0,1028.0,1070.0,1063.0,1017.0,1208.0,1156.0,1135.0,1008.0,1072.0,1110.0,1101.0,1057.0,1058.0,1057.0,1229.0,1174.0,1119.0,1116.0,924.0,871.0,966.0,1209.0,1087.0,976.0,1027.0,1035.0,1302.0,1112.0,1174.0,1267.0,1405.0,1518.0,1343.0,1349.0,1099.0,1418.0,1415.0,1380.0,1320.0,1104.0,1105.0,997.0,1035.0,864.0,858.0,637.0,578.0,592.0,430.0,324.0,294.0,250.0,254.0,205.0,189.0,186.0,163.0,146.0
2019/06/13,152.0,148.0,73.0,51.0,51.0,68.0,34.0,10.0,50.0,18.0,30.0,35.0,16.0,25.0,20.0,39.0,33.0,30.0,40.0,48.0,92.0,154.0,106.0,182.0,324.0,411.0,494.0,713.0,948.0,1089.0,1387.0,1493.0,1415.0,1331.0,1314.0,1322.0,1214.0,1105.0,1057.0,1098.0,975.0,1051.0,1039.0,1076.0,1184.0,1129.0,1035.0,1143.0,1176.0,1081.0,1034.0,1095.0,1152.0,1140.0,1005.0,1048.0,965.0,851.0,981.0,1107.0,1143.0,1113.0,995.0,1091.0,1251.0,1261.0,1279.0,1196.0,1391.0,1378.0,1226.0,1354.0,1219.0,1232.0,1319.0,1303.0,1328.0,1045.0,1188.0,1033.0,946.0,929.0,889.0,705.0,574.0,435.0,382.0,336.0,300.0,282.0,236.0,277.0,263.0,267.0,179.0,164.0
2019/06/14,272.0,174.0,135.0,115.0,84.0,76.0,88.0,96.0,55.0,49.0,37.0,56.0,53.0,13.0,39.0,27.0,32.0,56.0,56.0,60.0,96.0,129.0,122.0,172.0,239.0,338.0,516.0,735.0,1002.0,1063.0,1383.0,1462.0,1564.0,1389.0,1209.0,1224.0,1184.0,1130.0,1087.0,1047.0,1084.0,1030.0,1000.0,1006.0,1071.0,995.0,1095.0,1214.0,1105.0,1066.0,1123.0,1108.0,1338.0,1341.0,1584.0,1306.0,1485.0,1475.0,1046.0,1101.0,1397.0,1152.0,1350.0,1376.0,1288.0,1175.0,1402.0,1263.0,1310.0,1365.0,1220.0,1096.0,1107.0,999.0,1096.0,1029.0,1234.0,1042.0,893.0,1011.0,1084.0,989.0,941.0,973.0,786.0,639.0,486.0,414.0,335.0,320.0,224.0,306.0,303.0,263.0,252.0,267.0
2019/06/15,249.0,216.0,195.0,201.0,168.0,156.0,119.0,135.0,119.0,122.0,103.0,79.0,118.0,101.0,48.0,55.0,62.0,52.0,85.0,83.0,107.0,113.0,98.0,124.0,85.0,101.0,152.0,165.0,183.0,259.0,288.0,301.0,333.0,353.0,440.0,488.0,586.0,549.0,648.0,665.0,758.0,693.0,828.0,871.0,856.0,916.0,910.0,887.0,766.0,805.0,938.0,945.0,955.0,942.0,794.0,756.0,677.0,547.0,431.0,398.0,397.0,430.0,417.0,495.0,406.0,497.0,517.0,509.0,660.0,617.0,664.0,666.0,729.0,643.0,698.0,725.0,790.0,838.0,812.0,779.0,716.0,827.0,814.0,938.0,741.0,546.0,495.0,416.0,288.0,307.0,267.0,220.0,260.0,274.0,254.0,249.0
2019/06/16,202.0,246.0,207.0,174.0,166.0,186.0,121.0,166.0,131.0,139.0,102.0,114.0,76.0,96.0,103.0,80.0,78.0,75.0,63.0,66.0,93.0,99.0,93.0,70.0,137.0,98.0,126.0,129.0,133.0,113.0,108.0,100.0,100.0,110.0,172.0,235.0,305.0,269.0,325.0,423.0,574.0,649.0,689.0,614.0,806.0,746.0,882.0,729.0,865.0,875.0,793.0,844.0,878.0,855.0,893.0,612.0,543.0,509.0,380.0,379.0,389.0,264.0,349.0,422.0,460.0,446.0,539.0,592.0,620.0,609.0,763.0,592.0,757.0,650.0,699.0,805.0,784.0,862.0,774.0,617.0,662.0,770.0,760.0,498.0,555.0,423.0,329.0,352.0,229.0,258.0,235.0,186.0,117.0,151.0,132.0,97.0
2019/06/17,103.0,68.0,26.0,23.0,26.0,34.0,50.0,50.0,12.0,22.0,16.0,27.0,18.0,29.0,24.0,30.0,23.0,66.0,33.0,30.0,57.0,142.0,134.0,152.0,217.0,286.0,502.0,692.0,924.0,1180.0,1193.0,1457.0,1531.0,1225.0,1217.0,1276.0,1240.0,1108.0,1069.0,1163.0,1025.0,1051.0,1065.0,1194.0,1125.0,1074.0,962.0,1025.0,1117.0,1089.0,1009.0,1081.0,1074.0,1051.0,1136.0,958.0,941.0,796.0,998.0,1222.0,1240.0,1142.0,1189.0,1032.0,1110.0,1017.0,1165.0,1238.0,1291.0,1328.0,1467.0,1348.0,1373.0,1384.0,1286.0,1296.0,1240.0,1061.0,1019.0,940.0,853.0,767.0,745.0,613.0,512.0,440.0,399.0,269.0,268.0,263.0,178.0,168.0,161.0,141.0,98.0,85.0
2019/06/18,70.0,45.0,43.0,41.0,32.0,35.0,37.0,40.0,22.0,26.0,25.0,28.0,16.0,23.0,19.0,63.0,7.0,69.0,49.0,58.0,45.0,100.0,122.0,117.0,298.0,411.0,427.0,755.0,983.0,1106.0,1279.0,1388.0,1432.0,1182.0,1498.0,1478.0,1333.0,1165.0,1086.0,1129.0,1174.0,1092.0,1064.0,1103.0,1080.0,1274.0,1187.0,1165.0,1047.0,1059.0,939.0,1004.0,1066.0,1124.0,1082.0,1043.0,1192.0,866.0,969.0,1155.0,1071.0,1040.0,1084.0,1152.0,1227.0,1242.0,1139.0,1113.0,1394.0,1291.0,1229.0,1357.0,1473.0,1264.0,1433.0,1306.0,1296.0,1107.0,1062.0,844.0,1040.0,878.0,802.0,661.0,576.0,436.0,317.0,304.0,282.0,257.0,200.0,186.0,204.0,158.0,187.0,101.0
2019/06/19,107.0,66.0,48.0,49.0,38.0,26.0,58.0,49.0,21.0,17.0,29.0,10.0,12.0,14.0,18.0,39.0,41.0,37.0,47.0,43.0,72.0,94.0,133.0,167.0,258.0,406.0,486.0,810.0,901.0,1145.0,1285.0,1393.0,1429.0,1413.0,1371.0,1236.0,1062.0,1168.0,1182.0,1184.0,1170.0,1120.0,1180.0,1180.0,1177.0,1159.0,1131.0,1200.0,1083.0,1106.0,1111.0,1106.0,1190.0,1175.0,1182.0,954.0,846.0,1035.0,1078.0,1348.0,1376.0,1053.0,1083.0,857.0,1123.0,1186.0,1234.0,1270.0,1399.0,1390.0,1436.0,1426.0,1416.0,1319.0,1265.0,1295.0,1263.0,1122.0,966.0,1024.0,976.0,933.0,915.0,742.0,671.0,500.0,388.0,267.0,224.0,399.0,287.0,234.0,219.0,227.0,191.0,149.0
2019/06/20,133.0,115.0,91.0,67.0,69.0,75.0,34.0,57.0,46.0,35.0,17.0,15.0,12.0,27.0,20.0,48.0,29.0,43.0,42.0,60.0,52.0,88.0,100.0,170.0,280.0,342.0,450.0,796.0,995.0,1083.0,1251.0,1371.0,1476.0,1441.0,1484.0,1397.0,1185.0,1334.0,1128.0,1218.0,1176.0,1141.0,1237.0,1132.0,1167.0,1135.0,1050.0,1053.0,1139.0,1126.0,1102.0,1086.0,1139.0,1191.0,1022.0,1081.0,1033.0,909.0,872.0,948.0,1042.0,981.0,922.0,953.0,1384.0,1283.0,1213.0,1216.0,1523.0,1366.0,1348.0,1473.0,1388.0,1208.0,1333.0,1373.0,1146.0,1140.0,1173.0,1108.0,1102.0,979.0,881.0,818.0,626.0,565.0,396.0,313.0,377.0,316.0,210.0,217.0,219.0,209.0,180.0,169.0
2019/06/21,162.0,127.0,116.0,127.0,68.0,92.0,93.0,80.0,72.0,53.0,56.0,69.0,37.0,25.0,24.0,30.0,25.0,44.0,47.0,69.0,76.0,103.0,142.0,178.0,248.0,402.0,511.0,732.0,948.0,1151.0,1241.0,1413.0,1289.0,1440.0,1186.0,1179.0,1214.0,1166.0,1048.0,1030.0,1100.0,987.0,959.0,1086.0,1195.0,1044.0,1057.0,1012.0,1087.0,1068.0,1084.0,1096.0,1197.0,1338.0,1649.0,1451.0,1020.0,883.0,801.0,1211.0,1233.0,1426.0,1419.0,1222.0,1172.0,1100.0,928.0,1072.0,989.0,929.0,996.0,924.0,1039.0,895.0,835.0,861.0,866.0,891.0,1038.0,1048.0,850.0,924.0,834.0,817.0,731.0,606.0,446.0,350.0,328.0,255.0,211.0,277.0,205.0,197.0,240.0,243.0
2019/06/22,216.0,181.0,173.0,194.0,190.0,167.0,166.0,101.0,97.0,97.0,114.0,114.0,58.0,47.0,64.0,101.0,70.0,52.0,73.0,84.0,64.0,114.0,122.0,129.0,131.0,109.0,132.0,159.0,125.0,192.0,193.0,238.0,302.0,348.0,331.0,425.0,497.0,542.0,559.0,658.0,643.0,751.0,747.0,860.0,883.0,935.0,919.0,954.0,854.0,917.0,798.0,909.0,953.0,844.0,933.0,732.0,546.0,569.0,485.0,434.0,422.0,451.0,483.0,484.0,472.0,411.0,513.0,529.0,555.0,577.0,668.0,611.0,766.0,630.0,741.0,799.0,713.0,724.0,785.0,810.0,912.0,937.0,878.0,737.0,646.0,562.0,566.0,369.0,262.0,251.0,210.0,268.0,225.0,193.0,287.0,237.0
2019/06/23,197.0,175.0,194.0,191.0,203.0,156.0,124.0,115.0,133.0,160.0,109.0,115.0,101.0,75.0,76.0,106.0,85.0,74.0,69.0,103.0,70.0,118.0,113.0,130.0,94.0,114.0,124.0,104.0,135.0,112.0,145.0,162.0,173.0,146.0,186.0,285.0,313.0,318.0,401.0,502.0,528.0,554.0,610.0,678.0,661.0,706.0,712.0,854.0,898.0,855.0,685.0,822.0,935.0,850.0,848.0,680.0,536.0,436.0,409.0,331.0,453.0,391.0,344.0,475.0,462.0,526.0,551.0,586.0,771.0,636.0,714.0,680.0,676.0,737.0,608.0,743.0,917.0,739.0,862.0,863.0,854.0,776.0,815.0,517.0,633.0,509.0,358.0,339.0,185.0,259.0,239.0,178.0,179.0,212.0,190.0,89.0
2019/06/24,76.0,89.0,85.0,55.0,43.0,54.0,48.0,32.0,29.0,29.0,17.0,43.0,13.0,15.0,19.0,28.0,36.0,47.0,61.0,37.0,46.0,160.0,155.0,186.0,317.0,389.0,496.0,675.0,963.0,1099.0,1058.0,1153.0,1417.0,1207.0,1325.0,1183.0,1142.0,1171.0,1030.0,1104.0,1087.0,893.0,894.0,1103.0,1089.0,977.0,963.0,1087.0,1165.0,1039.0,931.0,1062.0,1088.0,1086.0,1071.0,1103.0,1060.0,867.0,989.0,1071.0,1203.0,992.0,1025.0,923.0,1099.0,972.0,1098.0,1077.0,1184.0,1385.0,1256.0,1372.0,1394.0,1250.0,1177.0,1065.0,1095.0,1064.0,897.0,868.0,789.0,770.0,805.0,617.0,479.0,473.0,393.0,334.0,318.0,270.0,232.0,151.0,181.0,183.0,118.0,155.0
2019/06/25,66.0,86.0,39.0,54.0,23.0,38.0,40.0,42.0,27.0,26.0,29.0,9.0,5.0,26.0,17.0,25.0,48.0,31.0,62.0,61.0,96.0,121.0,119.0,185.0,298.0,405.0,445.0,645.0,887.0,938.0,1149.0,1210.0,1338.0,1377.0,1295.0,1208.0,1265.0,1162.0,1157.0,1207.0,999.0,1165.0,1060.0,1161.0,1183.0,1090.0,951.0,1147.0,1137.0,963.0,973.0,1052.0,1058.0,1030.0,992.0,981.0,977.0,935.0,1047.0,1203.0,1227.0,923.0,1009.0,1115.0,1110.0,1094.0,1214.0,1204.0,1170.0,1293.0,1222.0,1449.0,1379.0,1328.0,1375.0,1224.0,1175.0,1041.0,1026.0,962.0,995.0,880.0,799.0,711.0,573.0,520.0,386.0,389.0,210.0,257.0,164.0,159.0,183.0,190.0,207.0,170.0
2019/06/26,122.0,123.0,74.0,65.0,77.0,55.0,34.0,42.0,29.0,61.0,33.0,16.0,39.0,26.0,24.0,21.0,41.0,33.0,64.0,56.0,60.0,144.0,94.0,173.0,233.0,385.0,465.0,731.0,873.0,1019.0,1158.0,1244.0,1328.0,1277.0,1355.0,1359.0,1287.0,1062.0,1043.0,997.0,1268.0,1099.0,1061.0,1093.0,1032.0,1175.0,1061.0,1116.0,1153.0,1022.0,1226.0,1084.0,1153.0,1163.0,1144.0,996.0,1158.0,1031.0,1122.0,1183.0,1271.0,1046.0,1050.0,1024.0,1073.0,1079.0,979.0,1160.0,1311.0,1338.0,1261.0,1477.0,1340.0,1263.0,1423.0,1335.0,1370.0,1212.0,1055.0,907.0,1036.0,945.0,944.0,845.0,729.0,599.0,416.0,357.0,348.0,342.0,269.0,294.0,215.0,212.0,258.0,195.0
2019/06/27,112.0,138.0,89.0,72.0,63.0,82.0,41.0,49.0,80.0,35.0,27.0,39.0,35.0,42.0,34.0,43.0,39.0,45.0,65.0,44.0,73.0,116.0,150.0,159.0,268.0,391.0,461.0,741.0,928.0,1019.0,1128.0,1264.0,1328.0,1329.0,1302.0,1403.0,1373.0,1229.0,992.0,1163.0,1098.0,993.0,1120.0,1115.0,1161.0,1093.0,1140.0,958.0,1128.0,1078.0,1064.0,1048.0,1069.0,1123.0,1079.0,1007.0,1040.0,907.0,1191.0,1253.0,1415.0,1027.0,962.0,985.0,1121.0,1013.0,1040.0,1293.0,1226.0,1319.0,1241.0,1523.0,1589.0,1587.0,1501.0,1231.0,1335.0,1171.0,1199.0,1236.0,1164.0,1138.0,912.0,862.0,688.0,630.0,502.0,349.0,263.0,311.0,346.0,270.0,242.0,281.0,280.0,225.0
2019/06/28,210.0,171.0,120.0,181.0,143.0,118.0,88.0,55.0,73.0,62.0,35.0,65.0,42.0,24.0,63.0,46.0,37.0,72.0,37.0,64.0,69.0,108.0,149.0,173.0,261.0,330.0,479.0,687.0,971.0,1061.0,1021.0,1239.0,1210.0,1241.0,1291.0,1141.0,1232.0,1027.0,1028.0,977.0,1106.0,1103.0,1086.0,1095.0,1080.0,1144.0,1062.0,1143.0,1101.0,1108.0,1204.0,1198.0,1131.0,1197.0,1497.0,1440.0,1282.0,1386.0,1453.0,1519.0,1338.0,1258.0,1333.0,1307.0,1141.0,885.0,827.0,810.0,906.0,859.0,912.0,895.0,874.0,924.0,901.0,873.0,969.0,755.0,988.0,942.0,1079.0,1105.0,1008.0,882.0,875.0,667.0,373.0,387.0,341.0,328.0,281.0,293.0,309.0,208.0,214.0,251.0
2019/06/29,252.0,129.0,228.0,209.0,267.0,135.0,95.0,165.0,151.0,114.0,105.0,120.0,103.0,65.0,74.0,109.0,87.0,74.0,65.0,103.0,117.0,151.0,107.0,113.0,114.0,148.0,140.0,144.0,136.0,162.0,194.0,181.0,262.0,349.0,369.0,456.0,494.0,522.0,641.0,615.0,730.0,756.0,712.0,770.0,834.0,835.0,988.0,836.0,814.0,860.0,854.0,847.0,955.0,732.0,761.0,599.0,538.0,557.0,367.0,356.0,337.0,301.0,359.0,390.0,462.0,401.0,432.0,449.0,501.0,511.0,549.0,541.0,651.0,695.0,649.0,648.0,658.0,637.0,784.0,687.0,774.0,955.0,911.0,849.0,762.0,620.0,469.0,313.0,339.0,313.0,280.0,206.0,242.0,263.0,305.0,204.0
2019/06/30,274.0,208.0,165.0,223.0,162.0,192.0,152.0,145.0,123.0,104.0,168.0,95.0,100.0,80.0,88.0,79.0,81.0,96.0,62.0,85.0,52.0,80.0,104.0,107.0,104.0,105.0,111.0,116.0,141.0,122.0,124.0,204.0,159.0,182.0,255.0,341.0,371.0,349.0,432.0,446.0,500.0,585.0,647.0,639.0,655.0,762.0,845.0,786.0,844.0,789.0,787.0,737.0,891.0,629.0,735.0,648.0,505.0,434.0,460.0,399.0,362.0,318.0,275.0,375.0,476.0,419.0,525.0,428.0,451.0,509.0,660.0,704.0,634.0,740.0,814.0,817.0,626.0,866.0,895.0,867.0,862.0,727.0,796.0,590.0,638.0,527.0,418.0,347.0,287.0,381.0,286.0,215.0,194.0,179.0,117.0,113.0
2019/07/01,97.0,107.0,45.0,41.0,40.0,30.0,27.0,46.0,29.0,33.0,30.0,12.0,15.0,22.0,11.0,9.0,28.0,24.0,51.0,51.0,51.0,124.0,145.0,172.0,294.0,355.0,472.0,664.0,901.0,961.0,1008.0,1203.0,1245.0,1302.0,1281.0,1271.0,1170.0,1202.0,1113.0,995.0,992.0,1045.0,923.0,1101.0,957.0,1064.0,1099.0,1075.0,1102.0,833.0,993.0,1003.0,1014.0,1009.0,1101.0,1051.0,934.0,1047.0,1284.0,1440.0,1534.0,1426.0,1244.0,1224.0,1051.0,906.0,971.0,1142.0,1165.0,1051.0,1008.0,1201.0,1320.0,953.0,1118.0,955.0,1025.0,1031.0,1092.0,984.0,891.0,784.0,814.0,685.0,563.0,517.0,357.0,305.0,199.0,321.0,203.0,186.0,171.0,135.0,150.0,111.0
2019/07/02,74.0,90.0,31.0,55.0,37.0,61.0,53.0,17.0,32.0,24.0,23.0,7.0,18.0,8.0,29.0,22.0,33.0,24.0,41.0,45.0,57.0,85.0,119.0,201.0,279.0,378.0,466.0,724.0,961.0,979.0,1108.0,1116.0,1424.0,1307.0,1286.0,1440.0,1213.0,1193.0,1128.0,1028.0,1179.0,1166.0,1033.0,1148.0,1018.0,1116.0,979.0,1100.0,1121.0,1090.0,917.0,1031.0,1075.0,1004.0,977.0,937.0,1112.0,1191.0,1333.0,1471.0,1454.0,1417.0,1146.0,1189.0,1064.0,893.0,951.0,1311.0,1132.0,1000.0,1071.0,1204.0,1306.0,1141.0,1044.0,1084.0,1004.0,997.0,1003.0,958.0,987.0,832.0,794.0,720.0,651.0,553.0,478.0,308.0,331.0,292.0,246.0,229.0,301.0,239.0,231.0,146.0
2019/07/03,119.0,103.0,61.0,84.0,59.0,53.0,50.0,37.0,43.0,27.0,38.0,16.0,7.0,24.0,17.0,37.0,14.0,14.0,34.0,24.0,57.0,92.0,120.0,216.0,217.0,337.0,481.0,707.0,939.0,988.0,1127.0,1222.0,1357.0,1392.0,1473.0,1294.0,1096.0,1164.0,1029.0,1009.0,1060.0,984.0,1014.0,1155.0,1213.0,1094.0,1113.0,1031.0,1125.0,913.0,958.0,1075.0,1140.0,1063.0,978.0,1104.0,1065.0,1256.0,1328.0,1285.0,1415.0,1314.0,951.0,971.0,914.0,950.0,914.0,1205.0,1127.0,1117.0,1081.0,1270.0,1088.0,1144.0,1059.0,1068.0,992.0,1070.0,1080.0,1090.0,909.0,891.0,867.0,666.0,614.0,537.0,358.0,219.0,327.0,339.0,220.0,217.0,220.0,217.0,163.0,168.0
2019/07/04,185.0,199.0,122.0,82.0,39.0,61.0,34.0,43.0,37.0,23.0,45.0,34.0,12.0,30.0,21.0,62.0,20.0,24.0,77.0,58.0,34.0,100.0,185.0,163.0,255.0,339.0,472.0,641.0,906.0,965.0,1118.0,1042.0,1280.0,1372.0,1418.0,1399.0,1383.0,1142.0,1183.0,1049.0,1125.0,1068.0,1139.0,1083.0,1131.0,1067.0,998.0,1020.0,993.0,1007.0,902.0,1005.0,1123.0,1092.0,1075.0,951.0,935.0,1004.0,1319.0,1268.0,1539.0,1327.0,983.0,1046.0,1066.0,931.0,1098.0,1259.0,1066.0,1143.0,1171.0,1203.0,1197.0,1086.0,1155.0,1352.0,1068.0,1005.0,995.0,1010.0,1129.0,1000.0,980.0,841.0,640.0,640.0,521.0,308.0,341.0,367.0,259.0,282.0,260.0,161.0,236.0,236.0
2019/07/05,169.0,159.0,117.0,93.0,62.0,100.0,120.0,76.0,139.0,109.0,73.0,47.0,37.0,43.0,55.0,54.0,59.0,73.0,64.0,33.0,60.0,116.0,143.0,186.0,289.0,320.0,534.0,731.0,946.0,1037.0,1142.0,1090.0,1285.0,1321.0,1206.0,1098.0,1205.0,993.0,962.0,877.0,935.0,882.0,1037.0,1144.0,1054.0,1020.0,1091.0,1100.0,970.0,992.0,990.0,929.0,1164.0,1285.0,1432.0,1353.0,1303.0,1366.0,1548.0,1569.0,1664.0,1356.0,1009.0,953.0,829.0,844.0,754.0,811.0,837.0,823.0,785.0,847.0,734.0,757.0,748.0,774.0,730.0,774.0,877.0,906.0,758.0,882.0,787.0,713.0,663.0,470.0,429.0,382.0,264.0,231.0,271.0,247.0,218.0,233.0,284.0,224.0
2019/07/06,191.0,146.0,193.0,156.0,145.0,138.0,114.0,110.0,149.0,111.0,102.0,140.0,85.0,83.0,63.0,105.0,49.0,36.0,65.0,77.0,91.0,124.0,85.0,122.0,106.0,116.0,146.0,140.0,159.0,191.0,189.0,181.0,249.0,277.0,329.0,344.0,551.0,510.0,523.0,566.0,662.0,612.0,653.0,652.0,700.0,733.0,792.0,733.0,753.0,709.0,707.0,780.0,831.0,669.0,694.0,621.0,497.0,519.0,434.0,364.0,321.0,332.0,369.0,378.0,295.0,371.0,398.0,419.0,452.0,422.0,549.0,582.0,541.0,539.0,691.0,549.0,673.0,737.0,702.0,737.0,795.0,752.0,831.0,559.0,728.0,483.0,426.0,350.0,347.0,272.0,221.0,161.0,228.0,231.0,213.0,256.0
2019/07/07,223.0,220.0,185.0,131.0,187.0,137.0,248.0,181.0,192.0,130.0,69.0,105.0,144.0,154.0,91.0,152.0,113.0,83.0,94.0,93.0,72.0,137.0,128.0,144.0,73.0,127.0,84.0,129.0,110.0,130.0,114.0,122.0,181.0,149.0,180.0,233.0,296.0,341.0,313.0,402.0,443.0,599.0,537.0,622.0,611.0,607.0,669.0,597.0,647.0,694.0,652.0,722.0,773.0,770.0,577.0,606.0,529.0,465.0,371.0,326.0,339.0,308.0,351.0,325.0,405.0,342.0,424.0,427.0,490.0,459.0,646.0,580.0,521.0,630.0,643.0,735.0,672.0,758.0,594.0,675.0,734.0,623.0,675.0,513.0,545.0,521.0,412.0,369.0,324.0,281.0,247.0,189.0,193.0,146.0,169.0,73.0
2019/07/08,65.0,119.0,86.0,65.0,46.0,35.0,42.0,28.0,61.0,15.0,33.0,34.0,22.0,17.0,28.0,33.0,6.0,24.0,57.0,30.0,62.0,112.0,154.0,163.0,263.0,346.0,463.0,654.0,897.0,1037.0,977.0,1156.0,1339.0,1270.0,1301.0,1371.0,1057.0,1107.0,871.0,1004.0,1033.0,1031.0,983.0,981.0,1155.0,1050.0,1071.0,849.0,928.0,909.0,887.0,821.0,851.0,862.0,940.0,820.0,905.0,877.0,1046.0,1239.0,1420.0,1098.0,973.0,972.0,990.0,854.0,948.0,935.0,1062.0,1009.0,1101.0,1209.0,1175.0,1044.0,1017.0,958.0,930.0,944.0,897.0,869.0,850.0,723.0,684.0,672.0,478.0,487.0,404.0,302.0,274.0,260.0,196.0,156.0,198.0,158.0,129.0,117.0
2019/07/09,116.0,66.0,65.0,116.0,65.0,65.0,33.0,53.0,26.0,15.0,43.0,6.0,29.0,0.0,31.0,13.0,18.0,21.0,60.0,50.0,50.0,99.0,103.0,125.0,238.0,331.0,404.0,676.0,988.0,1042.0,1037.0,1193.0,1241.0,1403.0,1345.0,1183.0,1147.0,939.0,935.0,993.0,1093.0,1078.0,988.0,1116.0,1071.0,1028.0,1014.0,1083.0,869.0,807.0,911.0,977.0,1008.0,919.0,1007.0,1009.0,1060.0,1132.0,1295.0,1451.0,1573.0,1395.0,1283.0,1100.0,1042.0,968.0,1045.0,978.0,1234.0,1283.0,1415.0,1298.0,1206.0,1063.0,1082.0,937.0,1119.0,964.0,1035.0,885.0,1004.0,959.0,764.0,742.0,568.0,481.0,335.0,273.0,244.0,247.0,216.0,149.0,204.0,211.0,188.0,166.0
2019/07/10,116.0,125.0,62.0,71.0,41.0,46.0,26.0,52.0,35.0,16.0,39.0,23.0,25.0,15.0,24.0,41.0,16.0,10.0,38.0,37.0,38.0,112.0,109.0,165.0,228.0,322.0,466.0,623.0,947.0,1002.0,1084.0,1176.0,1361.0,1378.0,1329.0,1170.0,1109.0,981.0,955.0,876.0,1023.0,925.0,981.0,978.0,915.0,994.0,970.0,1083.0,1065.0,931.0,1057.0,982.0,1040.0,1106.0,1195.0,1150.0,1142.0,1096.0,1190.0,1340.0,1365.0,1027.0,967.0,1078.0,1115.0,899.0,1001.0,1000.0,1071.0,1244.0,1253.0,1118.0,1205.0,1052.0,1109.0,1008.0,968.0,1071.0,1019.0,921.0,929.0,960.0,833.0,739.0,685.0,451.0,398.0,316.0,322.0,276.0,206.0,191.0,188.0,201.0,189.0,201.0
2019/07/11,196.0,148.0,74.0,111.0,71.0,75.0,49.0,83.0,47.0,44.0,35.0,43.0,25.0,14.0,28.0,45.0,30.0,40.0,40.0,33.0,95.0,152.0,124.0,203.0,255.0,323.0,452.0,654.0,1023.0,998.0,1053.0,1259.0,1224.0,1350.0,1328.0,1401.0,1338.0,1172.0,1115.0,1170.0,1066.0,1057.0,989.0,1062.0,1096.0,1013.0,1118.0,1059.0,995.0,921.0,930.0,920.0,959.0,1026.0,1115.0,1026.0,1089.0,1201.0,1219.0,1331.0,1527.0,1015.0,1033.0,923.0,808.0,956.0,990.0,1113.0,1153.0,1128.0,1161.0,1168.0,1136.0,1007.0,1081.0,1070.0,1012.0,1070.0,1155.0,1093.0,1064.0,1050.0,912.0,771.0,684.0,504.0,499.0,341.0,290.0,284.0,313.0,245.0,180.0,210.0,225.0,188.0
2019/07/12,152.0,155.0,133.0,141.0,89.0,110.0,90.0,61.0,54.0,48.0,70.0,28.0,56.0,26.0,41.0,41.0,38.0,50.0,55.0,55.0,84.0,121.0,149.0,185.0,294.0,355.0,442.0,620.0,887.0,957.0,1039.0,1114.0,1275.0,1308.0,1256.0,1136.0,936.0,1041.0,1034.0,985.0,1003.0,989.0,1085.0,955.0,973.0,854.0,1011.0,1094.0,935.0,988.0,887.0,1196.0,1025.0,1335.0,1406.0,1505.0,1476.0,1326.0,1357.0,1301.0,1439.0,1237.0,1248.0,1180.0,1028.0,790.0,803.0,896.0,767.0,638.0,763.0,726.0,834.0,744.0,696.0,664.0,656.0,663.0,716.0,791.0,800.0,816.0,889.0,778.0,696.0,571.0,427.0,268.0,231.0,279.0,245.0,258.0,176.0,164.0,175.0,239.0
2019/07/13,218.0,149.0,168.0,146.0,88.0,158.0,92.0,123.0,122.0,104.0,96.0,105.0,111.0,88.0,76.0,42.0,31.0,66.0,55.0,88.0,84.0,107.0,114.0,141.0,104.0,85.0,116.0,145.0,139.0,144.0,134.0,235.0,275.0,245.0,316.0,409.0,491.0,495.0,548.0,553.0,602.0,620.0,733.0,790.0,724.0,794.0,894.0,740.0,711.0,818.0,646.0,752.0,750.0,759.0,729.0,493.0,503.0,420.0,413.0,378.0,343.0,286.0,301.0,252.0,316.0,318.0,346.0,408.0,439.0,462.0,577.0,445.0,510.0,542.0,638.0,616.0,748.0,680.0,703.0,667.0,774.0,762.0,765.0,642.0,623.0,429.0,416.0,239.0,277.0,276.0,191.0,190.0,229.0,206.0,191.0,223.0
2019/07/14,177.0,153.0,186.0,149.0,124.0,174.0,160.0,122.0,100.0,91.0,98.0,96.0,96.0,79.0,45.0,68.0,58.0,72.0,37.0,57.0,81.0,72.0,85.0,73.0,103.0,98.0,85.0,158.0,88.0,133.0,104.0,126.0,233.0,120.0,182.0,245.0,267.0,296.0,334.0,416.0,457.0,513.0,457.0,612.0,667.0,616.0,618.0,534.0,575.0,705.0,643.0,703.0,833.0,716.0,595.0,680.0,548.0,424.0,279.0,314.0,339.0,314.0,253.0,322.0,354.0,393.0,376.0,435.0,478.0,441.0,460.0,559.0,549.0,613.0,551.0,611.0,588.0,712.0,723.0,607.0,834.0,670.0,615.0,545.0,569.0,500.0,377.0,349.0,322.0,289.0,266.0,196.0,180.0,142.0,188.0,153.0
2019/07/15,79.0,68.0,42.0,38.0,38.0,45.0,48.0,25.0,12.0,7.0,41.0,25.0,0.0,13.0,11.0,17.0,19.0,32.0,21.0,50.0,63.0,114.0,119.0,199.0,275.0,332.0,364.0,617.0,896.0,1041.0,967.0,1100.0,1189.0,1297.0,1169.0,1159.0,1214.0,1168.0,1043.0,1054.0,1023.0,966.0,939.0,983.0,1082.0,1031.0,939.0,1023.0,911.0,854.0,944.0,846.0,1049.0,923.0,963.0,982.0,1014.0,988.0,1232.0,1403.0,1422.0,1192.0,994.0,956.0,915.0,890.0,973.0,1033.0,1153.0,1000.0,1039.0,1279.0,1228.0,999.0,1065.0,925.0,931.0,1094.0,937.0,938.0,745.0,783.0,690.0,693.0,511.0,456.0,341.0,303.0,274.0,206.0,153.0,172.0,165.0,157.0,138.0,128.0
2019/07/16,114.0,84.0,34.0,44.0,52.0,28.0,25.0,30.0,13.0,31.0,25.0,12.0,13.0,12.0,13.0,36.0,28.0,24.0,53.0,50.0,53.0,129.0,89.0,192.0,260.0,326.0,475.0,590.0,900.0,1050.0,1061.0,1277.0,1208.0,1367.0,1333.0,1262.0,1156.0,1013.0,1034.0,1012.0,1094.0,904.0,877.0,1015.0,1069.0,1033.0,1000.0,890.0,1049.0,955.0,847.0,821.0,1018.0,960.0,996.0,893.0,933.0,1008.0,1167.0,1334.0,1341.0,1107.0,833.0,853.0,936.0,833.0,919.0,1044.0,1013.0,904.0,1088.0,1051.0,1251.0,1102.0,1007.0,994.0,963.0,1013.0,940.0,974.0,955.0,857.0,673.0,655.0,535.0,481.0,377.0,303.0,269.0,231.0,228.0,199.0,189.0,218.0,173.0,181.0
2019/07/17,168.0,161.0,82.0,92.0,25.0,85.0,56.0,45.0,41.0,26.0,31.0,25.0,26.0,20.0,17.0,33.0,14.0,43.0,44.0,29.0,72.0,143.0,137.0,182.0,244.0,295.0,431.0,693.0,878.0,1004.0,1046.0,1131.0,1373.0,1394.0,1220.0,1113.0,1133.0,990.0,989.0,957.0,903.0,850.0,1020.0,1082.0,1038.0,994.0,972.0,961.0,948.0,907.0,885.0,935.0,965.0,880.0,922.0,1049.0,868.0,1009.0,1161.0,1352.0,1449.0,1212.0,1051.0,1120.0,994.0,988.0,903.0,1026.0,1012.0,1094.0,1085.0,1075.0,1015.0,1020.0,935.0,1149.0,1012.0,937.0,972.0,930.0,961.0,922.0,871.0,672.0,558.0,544.0,445.0,263.0,309.0,213.0,204.0,176.0,237.0,186.0,165.0,189.0
2019/07/18,193.0,110.0,71.0,75.0,102.0,102.0,37.0,23.0,40.0,47.0,39.0,37.0,23.0,29.0,22.0,19.0,21.0,36.0,38.0,41.0,59.0,102.0,138.0,171.0,254.0,292.0,400.0,627.0,941.0,1006.0,973.0,1160.0,1373.0,1411.0,1234.0,1029.0,1097.0,995.0,971.0,1057.0,955.0,884.0,925.0,1024.0,917.0,1026.0,862.0,894.0,893.0,941.0,982.0,976.0,1033.0,1047.0,1002.0,899.0,981.0,1042.0,1137.0,1432.0,1397.0,898.0,899.0,916.0,903.0,833.0,859.0,911.0,1025.0,1039.0,1124.0,1114.0,1132.0,1069.0,980.0,1062.0,990.0,902.0,991.0,940.0,1085.0,876.0,825.0,770.0,701.0,573.0,384.0,313.0,225.0,270.0,272.0,243.0,265.0,212.0,193.0,194.0
2019/07/19,202.0,132.0,123.0,111.0,92.0,102.0,101.0,79.0,58.0,61.0,41.0,41.0,57.0,78.0,39.0,52.0,35.0,60.0,48.0,55.0,69.0,114.0,137.0,174.0,277.0,308.0,447.0,643.0,935.0,947.0,1025.0,1092.0,1147.0,1109.0,1072.0,1024.0,1090.0,932.0,990.0,891.0,843.0,837.0,975.0,979.0,941.0,907.0,972.0,994.0,969.0,1006.0,804.0,944.0,852.0,1222.0,1266.0,1413.0,1431.0,1053.0,1314.0,1235.0,1421.0,890.0,799.0,793.0,726.0,656.0,648.0,767.0,697.0,651.0,663.0,688.0,764.0,652.0,739.0,712.0,743.0,617.0,694.0,744.0,790.0,710.0,718.0,729.0,589.0,498.0,351.0,306.0,272.0,321.0,245.0,187.0,219.0,220.0,226.0,160.0
2019/07/20,143.0,149.0,130.0,133.0,96.0,112.0,121.0,118.0,110.0,119.0,81.0,62.0,76.0,99.0,57.0,85.0,69.0,48.0,56.0,88.0,66.0,99.0,93.0,122.0,114.0,90.0,132.0,115.0,100.0,157.0,157.0,176.0,302.0,292.0,274.0,346.0,373.0,361.0,473.0,503.0,596.0,618.0,713.0,662.0,623.0,548.0,820.0,656.0,658.0,644.0,640.0,658.0,688.0,622.0,619.0,519.0,463.0,342.0,329.0,328.0,234.0,285.0,312.0,241.0,310.0,312.0,299.0,320.0,373.0,421.0,395.0,521.0,506.0,527.0,509.0,446.0,476.0,585.0,618.0,590.0,752.0,639.0,630.0,637.0,560.0,447.0,324.0,281.0,234.0,212.0,249.0,160.0,209.0,187.0,177.0,235.0
2019/07/21,111.0,176.0,146.0,88.0,83.0,105.0,98.0,114.0,71.0,87.0,60.0,58.0,47.0,72.0,106.0,52.0,81.0,43.0,45.0,101.0,45.0,64.0,76.0,77.0,104.0,118.0,100.0,117.0,101.0,124.0,113.0,107.0,135.0,148.0,133.0,220.0,276.0,323.0,307.0,341.0,467.0,443.0,505.0,482.0,581.0,527.0,565.0,617.0,647.0,581.0,609.0,667.0,730.0,654.0,652.0,439.0,381.0,449.0,285.0,290.0,226.0,258.0,310.0,279.0,339.0,322.0,410.0,353.0,421.0,422.0,394.0,518.0,554.0,532.0,669.0,542.0,696.0,622.0,581.0,678.0,749.0,594.0,711.0,594.0,668.0,604.0,430.0,301.0,277.0,302.0,310.0,204.0,211.0,254.0,140.0,125.0
2019/07/22,123.0,65.0,61.0,53.0,16.0,38.0,22.0,34.0,33.0,40.0,33.0,6.0,7.0,35.0,9.0,34.0,12.0,22.0,31.0,34.0,64.0,127.0,170.0,160.0,279.0,347.0,464.0,513.0,815.0,882.0,1025.0,1041.0,1267.0,1204.0,1391.0,980.0,972.0,915.0,874.0,865.0,1047.0,921.0,925.0,936.0,1030.0,930.0,938.0,901.0,910.0,1036.0,785.0,774.0,979.0,916.0,927.0,902.0,867.0,919.0,1093.0,1099.0,1143.0,907.0,856.0,806.0,885.0,788.0,938.0,909.0,1024.0,898.0,905.0,1033.0,1015.0,928.0,948.0,889.0,1057.0,1065.0,888.0,938.0,946.0,924.0,734.0,697.0,470.0,440.0,316.0,271.0,211.0,217.0,176.0,206.0,128.0,141.0,113.0,139.0
2019/07/23,80.0,69.0,58.0,59.0,28.0,43.0,39.0,26.0,32.0,10.0,17.0,9.0,25.0,14.0,12.0,31.0,12.0,49.0,36.0,28.0,36.0,136.0,138.0,171.0,267.0,321.0,407.0,620.0,844.0,948.0,1089.0,1089.0,1244.0,1252.0,1229.0,1221.0,1164.0,1076.0,875.0,908.0,927.0,956.0,1020.0,1027.0,956.0,984.0,1017.0,1028.0,993.0,877.0,886.0,859.0,980.0,945.0,959.0,810.0,863.0,925.0,948.0,1278.0,1197.0,936.0,933.0,927.0,969.0,791.0,908.0,871.0,954.0,880.0,1015.0,1125.0,1163.0,972.0,975.0,957.0,1004.0,878.0,905.0,937.0,1018.0,954.0,742.0,698.0,506.0,346.0,364.0,297.0,240.0,309.0,211.0,196.0,161.0,153.0,207.0,129.0
2019/07/24,131.0,125.0,102.0,77.0,77.0,48.0,71.0,64.0,27.0,16.0,32.0,35.0,47.0,14.0,29.0,24.0,2.0,26.0,45.0,46.0,36.0,122.0,141.0,167.0,251.0,298.0,403.0,511.0,911.0,865.0,1078.0,1153.0,1186.0,1409.0,1245.0,1059.0,979.0,925.0,851.0,807.0,907.0,937.0,886.0,975.0,1012.0,942.0,983.0,923.0,927.0,861.0,800.0,820.0,1055.0,984.0,907.0,917.0,1020.0,980.0,1068.0,1254.0,1247.0,868.0,915.0,978.0,763.0,827.0,887.0,1018.0,871.0,1047.0,972.0,1057.0,1000.0,967.0,916.0,967.0,931.0,898.0,935.0,792.0,895.0,806.0,929.0,697.0,623.0,500.0,390.0,331.0,278.0,268.0,225.0,162.0,163.0,202.0,170.0,208.0
2019/07/25,152.0,134.0,111.0,75.0,58.0,55.0,29.0,53.0,41.0,29.0,23.0,19.0,30.0,16.0,7.0,21.0,20.0,39.0,53.0,30.0,39.0,125.0,100.0,183.0,250.0,326.0,438.0,662.0,956.0,993.0,1119.0,1171.0,1262.0,1263.0,1251.0,1129.0,1060.0,1048.0,885.0,948.0,955.0,865.0,1007.0,1075.0,1060.0,847.0,904.0,952.0,1001.0,828.0,858.0,880.0,896.0,854.0,1051.0,951.0,877.0,953.0,1139.0,1223.0,1284.0,953.0,834.0,879.0,764.0,745.0,777.0,990.0,896.0,978.0,1039.0,1049.0,1126.0,1030.0,904.0,935.0,955.0,1044.0,860.0,918.0,967.0,950.0,862.0,682.0,741.0,459.0,379.0,284.0,274.0,228.0,304.0,244.0,198.0,208.0,157.0,246.0
2019/07/26,217.0,134.0,154.0,130.0,92.0,124.0,92.0,83.0,45.0,57.0,50.0,39.0,24.0,31.0,39.0,55.0,55.0,50.0,56.0,71.0,79.0,95.0,140.0,138.0,247.0,308.0,405.0,560.0,863.0,899.0,1035.0,1192.0,1168.0,1250.0,1046.0,984.0,948.0,976.0,842.0,770.0,958.0,884.0,995.0,868.0,854.0,844.0,817.0,963.0,877.0,971.0,936.0,955.0,921.0,1124.0,1104.0,1414.0,1448.0,1480.0,1272.0,1422.0,1280.0,754.0,807.0,710.0,781.0,543.0,656.0,645.0,707.0,807.0,761.0,777.0,647.0,609.0,670.0,759.0,730.0,688.0,718.0,650.0,786.0,786.0,720.0,636.0,589.0,485.0,376.0,233.0,274.0,275.0,250.0,201.0,177.0,164.0,134.0,121.0
2019/07/27,149.0,140.0,149.0,75.0,114.0,116.0,79.0,134.0,122.0,101.0,68.0,40.0,75.0,48.0,56.0,61.0,58.0,43.0,58.0,76.0,63.0,104.0,115.0,126.0,116.0,116.0,94.0,131.0,115.0,130.0,129.0,173.0,190.0,234.0,257.0,321.0,406.0,408.0,416.0,475.0,450.0,538.0,602.0,696.0,735.0,690.0,718.0,709.0,613.0,682.0,837.0,692.0,674.0,605.0,577.0,554.0,465.0,425.0,328.0,282.0,334.0,265.0,245.0,292.0,301.0,337.0,385.0,463.0,442.0,377.0,405.0,460.0,526.0,444.0,497.0,569.0,511.0,605.0,577.0,523.0,628.0,615.0,606.0,545.0,553.0,398.0,361.0,291.0,215.0,216.0,176.0,142.0,228.0,154.0,173.0,141.0
2019/07/28,134.0,102.0,108.0,126.0,118.0,125.0,155.0,113.0,40.0,104.0,110.0,80.0,96.0,53.0,86.0,58.0,52.0,42.0,64.0,45.0,80.0,75.0,120.0,65.0,81.0,86.0,91.0,85.0,69.0,96.0,106.0,95.0,121.0,108.0,210.0,205.0,169.0,239.0,259.0,276.0,342.0,379.0,467.0,395.0,531.0,538.0,509.0,440.0,605.0,581.0,565.0,665.0,777.0,638.0,543.0,481.0,543.0,386.0,276.0,326.0,313.0,249.0,270.0,265.0,250.0,306.0,440.0,391.0,442.0,466.0,567.0,478.0,502.0,460.0,487.0,590.0,584.0,586.0,670.0,572.0,562.0,678.0,510.0,478.0,512.0,478.0,399.0,304.0,226.0,260.0,228.0,189.0,169.0,163.0,147.0,131.0
2019/07/29,80.0,82.0,68.0,89.0,36.0,29.0,31.0,43.0,53.0,7.0,26.0,19.0,33.0,42.0,26.0,27.0,15.0,1.0,31.0,38.0,71.0,99.0,107.0,170.0,296.0,355.0,369.0,541.0,753.0,763.0,907.0,857.0,1197.0,1042.0,1168.0,1023.0,968.0,828.0,858.0,865.0,962.0,729.0,966.0,950.0,961.0,861.0,806.0,1050.0,911.0,741.0,929.0,849.0,905.0,915.0,924.0,834.0,976.0,777.0,1104.0,1107.0,1277.0,887.0,802.0,687.0,746.0,788.0,844.0,851.0,921.0,996.0,893.0,1099.0,1008.0,929.0,936.0,850.0,827.0,914.0,894.0,918.0,776.0,711.0,659.0,548.0,429.0,470.0,357.0,211.0,251.0,254.0,221.0,157.0,135.0,153.0,119.0,149.0
2019/07/30,108.0,101.0,64.0,35.0,51.0,41.0,43.0,33.0,38.0,33.0,28.0,30.0,21.0,38.0,26.0,39.0,37.0,25.0,22.0,58.0,26.0,97.0,115.0,199.0,260.0,308.0,464.0,684.0,773.0,908.0,859.0,1127.0,1205.0,1174.0,1018.0,939.0,971.0,844.0,864.0,873.0,859.0,909.0,899.0,927.0,974.0,814.0,931.0,847.0,887.0,835.0,783.0,827.0,857.0,912.0,959.0,871.0,893.0,734.0,1106.0,1144.0,1154.0,957.0,824.0,759.0,864.0,813.0,946.0,799.0,844.0,1041.0,877.0,926.0,1021.0,945.0,888.0,972.0,825.0,874.0,885.0,848.0,831.0,831.0,648.0,618.0,559.0,421.0,276.0,277.0,243.0,263.0,171.0,206.0,213.0,179.0,149.0,195.0
2019/07/31,126.0,109.0,65.0,38.0,41.0,47.0,28.0,63.0,34.0,63.0,26.0,19.0,29.0,30.0,25.0,28.0,24.0,36.0,38.0,43.0,49.0,122.0,118.0,149.0,222.0,296.0,501.0,583.0,817.0,847.0,904.0,934.0,1266.0,980.0,1174.0,793.0,920.0,899.0,868.0,827.0,907.0,782.0,696.0,776.0,914.0,865.0,824.0,939.0,846.0,906.0,881.0,939.0,869.0,872.0,784.0,735.0,864.0,889.0,1202.0,1132.0,1146.0,967.0,719.0,734.0,796.0,677.0,877.0,856.0,856.0,856.0,925.0,1071.0,844.0,818.0,936.0,910.0,997.0,882.0,782.0,765.0,832.0,775.0,818.0,632.0,566.0,374.0,329.0,291.0,222.0,206.0,158.0,187.0,165.0,169.0,122.0,143.0
2019/08/01,158.0,87.0,50.0,58.0,85.0,14.0,49.0,71.0,34.0,20.0,23.0,38.0,35.0,26.0,11.0,37.0,7.0,29.0,15.0,36.0,51.0,95.0,142.0,133.0,205.0,277.0,361.0,530.0,749.0,752.0,778.0,791.0,956.0,910.0,907.0,907.0,706.0,823.0,808.0,775.0,821.0,830.0,749.0,799.0,776.0,782.0,851.0,793.0,866.0,760.0,734.0,826.0,707.0,840.0,795.0,790.0,821.0,831.0,951.0,1137.0,1029.0,684.0,577.0,609.0,680.0,571.0,717.0,653.0,751.0,821.0,876.0,787.0,769.0,780.0,694.0,685.0,764.0,683.0,710.0,761.0,789.0,748.0,737.0,562.0,452.0,431.0,334.0,192.0,193.0,163.0,177.0,174.0,150.0,118.0,108.0,118.0
2019/08/02,102.0,116.0,70.0,59.0,67.0,37.0,68.0,44.0,34.0,2.0,53.0,44.0,27.0,29.0,17.0,37.0,14.0,27.0,29.0,50.0,69.0,80.0,141.0,185.0,190.0,246.0,395.0,537.0,750.0,653.0,705.0,725.0,891.0,810.0,723.0,730.0,729.0,643.0,676.0,698.0,762.0,724.0,603.0,781.0,731.0,727.0,647.0,650.0,613.0,651.0,732.0,660.0,826.0,877.0,1000.0,1102.0,1184.0,1063.0,1138.0,1223.0,743.0,595.0,478.0,562.0,504.0,392.0,522.0,529.0,497.0,547.0,582.0,534.0,471.0,541.0,544.0,551.0,571.0,597.0,538.0,537.0,612.0,592.0,592.0,438.0,397.0,361.0,286.0,198.0,143.0,186.0,140.0,140.0,142.0,113.0,120.0,115.0
2019/08/03,136.0,130.0,83.0,68.0,61.0,58.0,46.0,40.0,80.0,33.0,61.0,30.0,43.0,26.0,48.0,48.0,18.0,27.0,37.0,51.0,32.0,95.0,60.0,90.0,105.0,82.0,111.0,129.0,138.0,139.0,142.0,200.0,160.0,199.0,256.0,262.0,297.0,393.0,391.0,337.0,333.0,428.0,403.0,416.0,514.0,456.0,463.0,581.0,556.0,542.0,518.0,507.0,551.0,560.0,599.0,434.0,310.0,369.0,229.0,289.0,238.0,213.0,226.0,245.0,270.0,208.0,307.0,286.0,347.0,337.0,341.0,346.0,326.0,311.0,467.0,436.0,499.0,410.0,389.0,439.0,564.0,481.0,472.0,460.0,420.0,388.0,300.0,238.0,202.0,184.0,139.0,119.0,142.0,136.0,119.0,119.0
2019/08/04,140.0,72.0,68.0,92.0,35.0,71.0,60.0,55.0,28.0,44.0,42.0,50.0,48.0,43.0,23.0,60.0,50.0,45.0,41.0,44.0,53.0,55.0,49.0,80.0,63.0,69.0,114.0,75.0,70.0,75.0,95.0,104.0,128.0,121.0,119.0,197.0,211.0,173.0,314.0,283.0,337.0,289.0,408.0,394.0,453.0,460.0,417.0,420.0,581.0,491.0,561.0,516.0,520.0,461.0,382.0,397.0,377.0,318.0,349.0,193.0,227.0,205.0,288.0,216.0,254.0,234.0,273.0,255.0,348.0,277.0,269.0,302.0,335.0,368.0,388.0,431.0,430.0,385.0,507.0,486.0,596.0,460.0,476.0,399.0,489.0,276.0,269.0,235.0,153.0,170.0,140.0,171.0,173.0,148.0,103.0,125.0
2019/08/05,73.0,70.0,59.0,39.0,30.0,28.0,37.0,31.0,37.0,19.0,20.0,27.0,27.0,18.0,17.0,25.0,21.0,21.0,14.0,40.0,33.0,108.0,117.0,103.0,187.0,218.0,291.0,455.0,539.0,554.0,495.0,575.0,560.0,652.0,733.0,617.0,611.0,533.0,533.0,568.0,591.0,613.0,525.0,533.0,620.0,559.0,594.0,665.0,734.0,564.0,564.0,576.0,617.0,612.0,532.0,489.0,644.0,746.0,730.0,745.0,814.0,421.0,500.0,536.0,478.0,539.0,438.0,517.0,554.0,579.0,643.0,658.0,554.0,523.0,540.0,492.0,652.0,558.0,496.0,583.0,584.0,464.0,553.0,384.0,307.0,295.0,253.0,190.0,197.0,192.0,142.0,145.0,110.0,61.0,105.0,82.0
2019/08/06,61.0,20.0,58.0,41.0,20.0,35.0,30.0,13.0,7.0,17.0,29.0,13.0,7.0,11.0,3.0,34.0,11.0,30.0,6.0,36.0,31.0,86.0,107.0,96.0,197.0,275.0,288.0,427.0,573.0,475.0,457.0,589.0,683.0,658.0,670.0,623.0,607.0,582.0,528.0,595.0,679.0,670.0,524.0,624.0,698.0,605.0,708.0,615.0,712.0,650.0,679.0,501.0,597.0,586.0,577.0,553.0,606.0,630.0,771.0,830.0,674.0,447.0,499.0,503.0,485.0,527.0,565.0,542.0,573.0,478.0,665.0,589.0,558.0,478.0,508.0,550.0,670.0,467.0,568.0,559.0,524.0,517.0,474.0,317.0,349.0,305.0,231.0,242.0,159.0,176.0,139.0,131.0,121.0,115.0,113.0,79.0
2019/08/07,97.0,44.0,57.0,55.0,58.0,48.0,17.0,48.0,33.0,11.0,45.0,22.0,24.0,14.0,12.0,24.0,38.0,19.0,14.0,13.0,55.0,109.0,119.0,118.0,180.0,224.0,276.0,463.0,549.0,443.0,521.0,584.0,639.0,504.0,577.0,676.0,654.0,477.0,598.0,670.0,638.0,525.0,650.0,623.0,617.0,648.0,637.0,552.0,572.0,679.0,547.0,654.0,581.0,597.0,623.0,559.0,594.0,666.0,765.0,822.0,735.0,503.0,483.0,496.0,442.0,601.0,545.0,500.0,516.0,622.0,681.0,610.0,619.0,576.0,460.0,556.0,512.0,533.0,465.0,378.0,452.0,498.0,350.0,413.0,283.0,251.0,247.0,180.0,206.0,180.0,136.0,134.0,124.0,135.0,84.0,142.0
2019/08/08,99.0,78.0,76.0,51.0,23.0,40.0,26.0,37.0,35.0,13.0,20.0,33.0,18.0,13.0,17.0,35.0,31.0,21.0,35.0,46.0,47.0,118.0,79.0,105.0,151.0,216.0,288.0,397.0,461.0,574.0,526.0,600.0,674.0,626.0,540.0,570.0,640.0,538.0,632.0,502.0,593.0,641.0,584.0,536.0,534.0,505.0,599.0,516.0,574.0,632.0,517.0,540.0,601.0,573.0,562.0,589.0,549.0,601.0,692.0,677.0,606.0,491.0,464.0,433.0,448.0,442.0,487.0,542.0,561.0,522.0,646.0,643.0,572.0,359.0,519.0,460.0,573.0,476.0,462.0,464.0,495.0,415.0,485.0,410.0,310.0,317.0,390.0,254.0,276.0,163.0,115.0,157.0,105.0,126.0,95.0,100.0
2019/08/09,65.0,22.0,54.0,30.0,35.0,47.0,35.0,32.0,25.0,18.0,45.0,17.0,13.0,28.0,8.0,17.0,29.0,8.0,2.0,18.0,41.0,104.0,80.0,125.0,147.0,168.0,294.0,413.0,476.0,522.0,480.0,582.0,647.0,543.0,509.0,529.0,575.0,539.0,529.0,463.0,592.0,541.0,467.0,566.0,510.0,538.0,546.0,534.0,492.0,557.0,522.0,563.0,559.0,617.0,658.0,760.0,624.0,665.0,710.0,674.0,463.0,485.0,481.0,521.0,513.0,402.0,417.0,345.0,428.0,383.0,463.0,474.0,522.0,428.0,494.0,447.0,542.0,415.0,470.0,407.0,456.0,475.0,420.0,356.0,288.0,301.0,265.0,216.0,179.0,149.0,123.0,124.0,82.0,116.0,93.0,72.0
2019/08/10,89.0,81.0,42.0,99.0,59.0,44.0,30.0,61.0,37.0,38.0,16.0,17.0,43.0,15.0,12.0,31.0,29.0,56.0,18.0,34.0,33.0,97.0,50.0,71.0,78.0,80.0,123.0,144.0,117.0,116.0,117.0,122.0,161.0,177.0,157.0,251.0,237.0,275.0,243.0,293.0,306.0,407.0,335.0,345.0,440.0,427.0,429.0,425.0,377.0,413.0,426.0,363.0,464.0,386.0,307.0,371.0,295.0,240.0,217.0,206.0,194.0,210.0,208.0,254.0,192.0,192.0,230.0,219.0,265.0,217.0,278.0,362.0,288.0,323.0,308.0,355.0,389.0,365.0,347.0,329.0,420.0,428.0,380.0,433.0,340.0,245.0,227.0,198.0,146.0,133.0,136.0,119.0,141.0,95.0,133.0,77.0
2019/08/11,65.0,85.0,50.0,82.0,41.0,43.0,38.0,64.0,37.0,51.0,23.0,27.0,41.0,14.0,30.0,37.0,21.0,40.0,31.0,87.0,47.0,44.0,60.0,94.0,48.0,79.0,57.0,81.0,79.0,77.0,101.0,64.0,111.0,131.0,164.0,162.0,203.0,196.0,231.0,211.0,183.0,288.0,388.0,362.0,447.0,420.0,377.0,401.0,488.0,351.0,461.0,464.0,490.0,418.0,440.0,295.0,341.0,231.0,176.0,199.0,128.0,231.0,298.0,193.0,173.0,190.0,209.0,253.0,230.0,192.0,331.0,265.0,366.0,335.0,447.0,440.0,426.0,338.0,370.0,451.0,481.0,484.0,405.0,420.0,335.0,270.0,267.0,217.0,163.0,175.0,144.0,122.0,143.0,100.0,103.0,48.0
2019/08/12,59.0,52.0,16.0,43.0,21.0,20.0,27.0,20.0,10.0,22.0,33.0,24.0,19.0,13.0,11.0,16.0,15.0,29.0,42.0,22.0,54.0,73.0,120.0,125.0,146.0,203.0,251.0,333.0,461.0,491.0,440.0,496.0,495.0,492.0,509.0,472.0,423.0,518.0,589.0,459.0,611.0,599.0,648.0,510.0,566.0,590.0,524.0,560.0,516.0,479.0,489.0,617.0,565.0,460.0,547.0,508.0,485.0,525.0,654.0,593.0,435.0,447.0,371.0,400.0,357.0,366.0,420.0,444.0,426.0,529.0,553.0,605.0,485.0,431.0,516.0,569.0,538.0,401.0,506.0,466.0,435.0,441.0,376.0,359.0,281.0,272.0,254.0,194.0,134.0,127.0,111.0,93.0,107.0,73.0,61.0,50.0
2019/08/13,55.0,48.0,41.0,54.0,27.0,33.0,21.0,16.0,9.0,7.0,14.0,17.0,13.0,19.0,8.0,15.0,36.0,16.0,11.0,13.0,35.0,98.0,98.0,143.0,127.0,194.0,233.0,374.0,444.0,460.0,392.0,493.0,477.0,527.0,470.0,525.0,515.0,566.0,421.0,554.0,621.0,667.0,582.0,548.0,546.0,515.0,619.0,605.0,553.0,612.0,556.0,601.0,574.0,473.0,562.0,512.0,532.0,490.0,794.0,599.0,478.0,375.0,340.0,427.0,455.0,374.0,434.0,483.0,413.0,514.0,469.0,445.0,542.0,523.0,491.0,468.0,468.0,536.0,509.0,398.0,406.0,452.0,389.0,348.0,337.0,226.0,221.0,194.0,114.0,173.0,145.0,139.0,117.0,86.0,66.0,62.0
2019/08/14,26.0,58.0,46.0,48.0,13.0,34.0,18.0,10.0,28.0,14.0,14.0,23.0,13.0,8.0,12.0,33.0,27.0,32.0,12.0,20.0,14.0,100.0,99.0,131.0,156.0,178.0,222.0,310.0,457.0,455.0,471.0,454.0,530.0,531.0,430.0,502.0,630.0,490.0,498.0,517.0,491.0,417.0,566.0,496.0,527.0,593.0,590.0,543.0,503.0,513.0,564.0,562.0,573.0,553.0,430.0,534.0,465.0,556.0,652.0,586.0,488.0,345.0,404.0,494.0,457.0,409.0,437.0,379.0,435.0,476.0,475.0,553.0,475.0,511.0,470.0,491.0,436.0,428.0,445.0,457.0,437.0,467.0,398.0,389.0,367.0,260.0,243.0,172.0,138.0,172.0,121.0,74.0,96.0,108.0,81.0,73.0
2019/08/15,90.0,52.0,40.0,36.0,33.0,49.0,22.0,44.0,35.0,53.0,32.0,22.0,31.0,32.0,12.0,26.0,51.0,35.0,18.0,12.0,44.0,68.0,74.0,58.0,72.0,76.0,84.0,107.0,97.0,105.0,107.0,136.0,130.0,181.0,190.0,202.0,204.0,161.0,266.0,254.0,256.0,293.0,297.0,399.0,348.0,363.0,395.0,441.0,454.0,395.0,420.0,464.0,405.0,363.0,354.0,291.0,283.0,172.0,231.0,191.0,205.0,166.0,226.0,213.0,201.0,213.0,223.0,182.0,209.0,246.0,230.0,272.0,271.0,270.0,369.0,323.0,358.0,338.0,387.0,363.0,373.0,383.0,356.0,256.0,334.0,193.0,241.0,145.0,115.0,181.0,108.0,96.0,109.0,90.0,86.0,38.0
2019/08/16,67.0,61.0,46.0,36.0,33.0,17.0,34.0,20.0,32.0,36.0,9.0,39.0,18.0,1.0,31.0,16.0,16.0,20.0,24.0,13.0,47.0,64.0,75.0,100.0,102.0,146.0,182.0,290.0,318.0,275.0,240.0,391.0,301.0,309.0,360.0,304.0,336.0,461.0,524.0,438.0,500.0,465.0,500.0,505.0,471.0,490.0,494.0,537.0,539.0,424.0,485.0,478.0,467.0,467.0,443.0,374.0,440.0,367.0,477.0,359.0,277.0,293.0,341.0,296.0,275.0,269.0,323.0,318.0,327.0,375.0,429.0,389.0,366.0,337.0,427.0,376.0,425.0,394.0,409.0,312.0,418.0,379.0,348.0,305.0,285.0,235.0,201.0,190.0,128.0,138.0,133.0,95.0,84.0,74.0,111.0,89.0
2019/08/17,73.0,83.0,40.0,44.0,48.0,14.0,11.0,34.0,27.0,23.0,41.0,11.0,16.0,7.0,14.0,26.0,19.0,30.0,21.0,39.0,31.0,91.0,72.0,81.0,73.0,54.0,106.0,66.0,80.0,121.0,105.0,132.0,131.0,134.0,162.0,174.0,232.0,240.0,257.0,286.0,331.0,310.0,381.0,329.0,413.0,463.0,441.0,355.0,442.0,411.0,424.0,365.0,346.0,391.0,277.0,338.0,291.0,301.0,196.0,223.0,177.0,200.0,245.0,166.0,203.0,220.0,222.0,201.0,297.0,276.0,249.0,255.0,273.0,273.0,255.0,319.0,304.0,379.0,373.0,399.0,518.0,351.0,418.0,279.0,251.0,321.0,185.0,127.0,143.0,127.0,142.0,137.0,73.0,90.0,112.0,68.0
2019/08/18,77.0,83.0,65.0,49.0,39.0,42.0,43.0,34.0,24.0,42.0,29.0,55.0,18.0,35.0,21.0,35.0,7.0,41.0,24.0,28.0,24.0,63.0,40.0,70.0,67.0,80.0,87.0,89.0,78.0,75.0,79.0,93.0,113.0,64.0,98.0,193.0,221.0,171.0,234.0,283.0,320.0,266.0,330.0,415.0,414.0,405.0,326.0,422.0,380.0,381.0,415.0,443.0,476.0,348.0,427.0,390.0,308.0,237.0,236.0,234.0,188.0,171.0,236.0,244.0,278.0,252.0,255.0,241.0,301.0,309.0,319.0,345.0,352.0,392.0,404.0,405.0,409.0,339.0,405.0,402.0,457.0,389.0,409.0,389.0,261.0,275.0,214.0,191.0,170.0,150.0,146.0,104.0,110.0,108.0,76.0,67.0
2019/08/19,69.0,66.0,19.0,52.0,36.0,23.0,16.0,21.0,28.0,26.0,23.0,12.0,14.0,7.0,21.0,8.0,16.0,17.0,13.0,25.0,50.0,105.0,107.0,133.0,162.0,186.0,242.0,363.0,438.0,329.0,428.0,453.0,564.0,528.0,452.0,503.0,519.0,471.0,505.0,614.0,559.0,598.0,441.0,622.0,484.0,612.0,470.0,593.0,586.0,598.0,536.0,511.0,627.0,515.0,455.0,457.0,563.0,588.0,641.0,694.0,540.0,359.0,398.0,516.0,408.0,388.0,465.0,555.0,431.0,546.0,706.0,724.0,652.0,598.0,518.0,612.0,526.0,493.0,516.0,465.0,443.0,389.0,419.0,383.0,281.0,227.0,183.0,232.0,132.0,123.0,113.0,86.0,94.0,68.0,70.0,75.0
2019/08/20,69.0,50.0,21.0,54.0,14.0,9.0,14.0,24.0,7.0,7.0,19.0,11.0,21.0,28.0,24.0,29.0,7.0,15.0,18.0,16.0,30.0,120.0,98.0,89.0,182.0,181.0,229.0,314.0,441.0,418.0,472.0,534.0,527.0,548.0,536.0,564.0,531.0,505.0,571.0,551.0,585.0,526.0,468.0,576.0,637.0,593.0,539.0,503.0,571.0,597.0,543.0,522.0,543.0,512.0,567.0,501.0,521.0,472.0,649.0,661.0,508.0,391.0,391.0,480.0,417.0,412.0,496.0,605.0,489.0,562.0,596.0,601.0,531.0,549.0,489.0,552.0,684.0,456.0,392.0,540.0,569.0,495.0,362.0,409.0,358.0,243.0,225.0,184.0,146.0,149.0,102.0,85.0,90.0,66.0,76.0,54.0
2019/08/21,57.0,46.0,44.0,36.0,30.0,15.0,24.0,26.0,20.0,15.0,19.0,21.0,27.0,7.0,27.0,23.0,11.0,36.0,24.0,43.0,19.0,118.0,95.0,118.0,150.0,178.0,203.0,353.0,476.0,402.0,425.0,499.0,473.0,524.0,478.0,481.0,511.0,462.0,531.0,519.0,496.0,458.0,601.0,549.0,562.0,654.0,546.0,595.0,552.0,514.0,506.0,512.0,561.0,501.0,538.0,570.0,520.0,578.0,717.0,853.0,423.0,372.0,355.0,496.0,503.0,453.0,463.0,437.0,455.0,576.0,500.0,625.0,533.0,535.0,481.0,476.0,488.0,432.0,417.0,447.0,537.0,462.0,420.0,351.0,273.0,275.0,218.0,184.0,130.0,167.0,141.0,96.0,109.0,115.0,132.0,99.0
2019/08/22,32.0,51.0,57.0,55.0,23.0,23.0,21.0,13.0,19.0,5.0,17.0,7.0,23.0,14.0,7.0,44.0,9.0,29.0,4.0,20.0,45.0,105.0,102.0,107.0,128.0,179.0,212.0,333.0,428.0,440.0,510.0,420.0,469.0,557.0,444.0,467.0,557.0,510.0,457.0,563.0,526.0,522.0,448.0,520.0,540.0,553.0,545.0,507.0,496.0,597.0,480.0,521.0,613.0,491.0,535.0,412.0,560.0,529.0,609.0,707.0,482.0,367.0,365.0,467.0,416.0,391.0,410.0,420.0,456.0,499.0,529.0,574.0,487.0,493.0,527.0,586.0,556.0,493.0,507.0,525.0,508.0,478.0,546.0,470.0,249.0,268.0,269.0,155.0,149.0,173.0,144.0,112.0,162.0,109.0,90.0,66.0
2019/08/23,45.0,30.0,47.0,41.0,38.0,49.0,34.0,47.0,21.0,36.0,21.0,27.0,21.0,30.0,27.0,29.0,27.0,25.0,19.0,27.0,37.0,80.0,104.0,162.0,113.0,177.0,198.0,268.0,437.0,497.0,425.0,483.0,528.0,464.0,535.0,396.0,455.0,464.0,469.0,515.0,503.0,569.0,519.0,589.0,548.0,535.0,474.0,578.0,736.0,555.0,534.0,606.0,521.0,572.0,678.0,688.0,835.0,971.0,957.0,841.0,509.0,418.0,377.0,338.0,351.0,375.0,361.0,424.0,330.0,405.0,395.0,445.0,418.0,365.0,473.0,486.0,389.0,417.0,442.0,439.0,495.0,427.0,422.0,358.0,355.0,277.0,253.0,172.0,142.0,138.0,128.0,122.0,85.0,125.0,120.0,114.0
2019/08/24,83.0,40.0,62.0,48.0,40.0,62.0,46.0,54.0,30.0,59.0,39.0,27.0,40.0,39.0,17.0,42.0,39.0,53.0,21.0,37.0,17.0,100.0,87.0,93.0,90.0,72.0,84.0,96.0,93.0,82.0,95.0,136.0,160.0,182.0,203.0,274.0,202.0,289.0,344.0,343.0,304.0,437.0,443.0,409.0,481.0,440.0,481.0,471.0,430.0,551.0,466.0,408.0,459.0,401.0,415.0,372.0,381.0,281.0,301.0,202.0,223.0,274.0,235.0,294.0,257.0,229.0,438.0,342.0,476.0,567.0,654.0,445.0,394.0,394.0,379.0,410.0,359.0,335.0,326.0,382.0,461.0,459.0,430.0,377.0,315.0,308.0,219.0,150.0,164.0,171.0,111.0,121.0,129.0,112.0,76.0,96.0
2019/08/25,84.0,62.0,78.0,110.0,33.0,70.0,50.0,58.0,74.0,34.0,32.0,20.0,16.0,32.0,8.0,26.0,32.0,43.0,4.0,49.0,18.0,72.0,40.0,68.0,60.0,70.0,68.0,103.0,102.0,72.0,56.0,89.0,95.0,105.0,173.0,133.0,180.0,203.0,198.0,253.0,359.0,336.0,331.0,380.0,374.0,408.0,496.0,485.0,530.0,458.0,454.0,502.0,569.0,393.0,543.0,391.0,325.0,283.0,233.0,236.0,262.0,229.0,291.0,265.0,261.0,219.0,280.0,317.0,329.0,371.0,430.0,544.0,426.0,409.0,419.0,438.0,499.0,563.0,543.0,496.0,544.0,432.0,444.0,443.0,420.0,270.0,201.0,218.0,160.0,186.0,142.0,123.0,99.0,110.0,86.0,86.0
2019/08/26,48.0,44.0,27.0,27.0,16.0,32.0,40.0,22.0,24.0,7.0,14.0,21.0,16.0,5.0,20.0,31.0,13.0,20.0,21.0,52.0,36.0,101.0,87.0,147.0,157.0,241.0,279.0,379.0,605.0,573.0,668.0,664.0,742.0,626.0,662.0,599.0,663.0,568.0,609.0,528.0,546.0,484.0,643.0,565.0,699.0,576.0,585.0,515.0,647.0,647.0,631.0,618.0,561.0,583.0,589.0,572.0,638.0,645.0,827.0,858.0,823.0,648.0,621.0,585.0,643.0,542.0,611.0,577.0,642.0,643.0,825.0,805.0,804.0,822.0,720.0,614.0,756.0,641.0,449.0,673.0,501.0,459.0,405.0,357.0,311.0,292.0,195.0,221.0,199.0,176.0,174.0,97.0,80.0,86.0,100.0,77.0
2019/08/27,39.0,49.0,42.0,30.0,25.0,40.0,25.0,44.0,20.0,8.0,28.0,20.0,7.0,9.0,16.0,28.0,28.0,31.0,33.0,20.0,23.0,62.0,93.0,121.0,140.0,205.0,273.0,412.0,628.0,625.0,570.0,725.0,824.0,729.0,661.0,673.0,661.0,730.0,575.0,660.0,611.0,593.0,595.0,708.0,720.0,634.0,647.0,685.0,712.0,582.0,762.0,701.0,651.0,729.0,634.0,673.0,583.0,730.0,858.0,966.0,968.0,480.0,616.0,633.0,541.0,542.0,570.0,666.0,693.0,649.0,746.0,756.0,871.0,606.0,654.0,742.0,631.0,563.0,614.0,572.0,538.0,648.0,506.0,539.0,334.0,286.0,243.0,154.0,186.0,206.0,176.0,119.0,102.0,76.0,80.0,130.0
2019/08/28,58.0,40.0,64.0,51.0,21.0,31.0,61.0,23.0,41.0,12.0,46.0,16.0,11.0,13.0,20.0,34.0,14.0,37.0,26.0,13.0,45.0,102.0,117.0,117.0,153.0,245.0,312.0,421.0,549.0,605.0,654.0,763.0,828.0,757.0,779.0,634.0,700.0,578.0,640.0,603.0,670.0,562.0,677.0,616.0,647.0,645.0,628.0,771.0,697.0,655.0,690.0,694.0,607.0,625.0,553.0,697.0,665.0,608.0,865.0,1113.0,955.0,679.0,625.0,659.0,629.0,748.0,595.0,532.0,595.0,717.0,829.0,843.0,837.0,705.0,581.0,706.0,707.0,675.0,598.0,699.0,742.0,625.0,500.0,559.0,347.0,368.0,249.0,236.0,178.0,142.0,193.0,147.0,148.0,106.0,148.0,118.0
2019/08/29,107.0,123.0,61.0,65.0,36.0,17.0,26.0,50.0,66.0,24.0,22.0,19.0,22.0,22.0,6.0,39.0,30.0,15.0,33.0,33.0,39.0,102.0,90.0,127.0,131.0,231.0,288.0,493.0,596.0,740.0,635.0,689.0,845.0,806.0,749.0,597.0,713.0,651.0,654.0,631.0,674.0,612.0,651.0,691.0,732.0,599.0,600.0,751.0,804.0,787.0,635.0,664.0,734.0,656.0,794.0,707.0,746.0,761.0,1105.0,1119.0,905.0,658.0,573.0,574.0,552.0,562.0,623.0,651.0,698.0,681.0,705.0,713.0,717.0,790.0,733.0,820.0,787.0,774.0,662.0,620.0,629.0,623.0,599.0,518.0,396.0,383.0,267.0,258.0,199.0,234.0,166.0,155.0,133.0,140.0,82.0,112.0
2019/08/30,130.0,90.0,61.0,65.0,31.0,41.0,37.0,33.0,47.0,29.0,19.0,16.0,13.0,26.0,20.0,73.0,11.0,18.0,22.0,41.0,46.0,102.0,118.0,101.0,179.0,186.0,330.0,445.0,679.0,712.0,640.0,780.0,817.0,727.0,690.0,604.0,588.0,639.0,630.0,614.0,637.0,590.0,704.0,658.0,623.0,751.0,737.0,726.0,808.0,715.0,716.0,772.0,835.0,774.0,911.0,934.0,1162.0,1202.0,1114.0,1185.0,834.0,659.0,548.0,648.0,590.0,526.0,496.0,544.0,556.0,670.0,645.0,614.0,641.0,648.0,755.0,727.0,763.0,667.0,706.0,603.0,639.0,672.0,595.0,533.0,481.0,392.0,335.0,245.0,211.0,207.0,148.0,173.0,178.0,123.0,152.0,170.0
2019/08/31,139.0,101.0,102.0,133.0,64.0,79.0,51.0,88.0,76.0,64.0,54.0,39.0,60.0,29.0,67.0,61.0,60.0,50.0,47.0,50.0,75.0,109.0,80.0,146.0,104.0,153.0,117.0,118.0,127.0,122.0,115.0,192.0,185.0,179.0,227.0,322.0,289.0,361.0,419.0,463.0,486.0,566.0,560.0,618.0,508.0,696.0,684.0,637.0,773.0,689.0,647.0,678.0,739.0,638.0,729.0,577.0,437.0,365.0,338.0,256.0,280.0,266.0,384.0,285.0,306.0,430.0,473.0,406.0,451.0,416.0,533.0,572.0,558.0,579.0,591.0,718.0,628.0,630.0,625.0,697.0,740.0,741.0,696.0,590.0,569.0,436.0,353.0,301.0,189.0,197.0,183.0,191.0,191.0,211.0,179.0,136.0
2019/09/01,131.0,103.0,89.0,80.0,115.0,95.0,59.0,86.0,76.0,74.0,101.0,57.0,60.0,26.0,63.0,55.0,30.0,32.0,60.0,58.0,59.0,71.0,76.0,77.0,111.0,69.0,92.0,128.0,95.0,74.0,107.0,89.0,131.0,179.0,207.0,195.0,279.0,329.0,396.0,382.0,401.0,408.0,651.0,548.0,748.0,633.0,650.0,707.0,832.0,679.0,831.0,646.0,870.0,854.0,855.0,643.0,583.0,466.0,385.0,359.0,330.0,421.0,314.0,487.0,424.0,436.0,570.0,573.0,547.0,554.0,601.0,539.0,665.0,664.0,642.0,703.0,702.0,781.0,676.0,636.0,619.0,521.0,472.0,495.0,384.0,362.0,335.0,305.0,168.0,238.0,219.0,149.0,197.0,134.0,121.0,99.0
2019/09/02,56.0,68.0,65.0,47.0,48.0,55.0,37.0,33.0,26.0,49.0,43.0,5.0,7.0,12.0,7.0,31.0,31.0,18.0,49.0,36.0,57.0,122.0,155.0,154.0,211.0,351.0,403.0,609.0,802.0,858.0,842.0,1160.0,1280.0,1153.0,1140.0,1100.0,846.0,995.0,793.0,853.0,794.0,765.0,701.0,852.0,930.0,936.0,866.0,985.0,873.0,830.0,784.0,807.0,952.0,876.0,864.0,840.0,886.0,780.0,1031.0,1108.0,1150.0,744.0,784.0,817.0,1042.0,873.0,933.0,1090.0,1189.0,1150.0,1280.0,1281.0,1152.0,1075.0,1152.0,1193.0,1076.0,977.0,1063.0,908.0,890.0,685.0,663.0,553.0,447.0,360.0,356.0,250.0,242.0,222.0,157.0,160.0,184.0,174.0,124.0,124.0
2019/09/03,99.0,73.0,42.0,43.0,41.0,53.0,41.0,40.0,35.0,25.0,39.0,27.0,18.0,14.0,27.0,19.0,35.0,48.0,36.0,37.0,64.0,116.0,112.0,122.0,225.0,347.0,461.0,611.0,947.0,877.0,1083.0,1201.0,1389.0,1225.0,1125.0,1074.0,1019.0,1029.0,921.0,936.0,1064.0,826.0,928.0,985.0,1047.0,1110.0,931.0,972.0,910.0,964.0,957.0,924.0,960.0,975.0,881.0,893.0,896.0,867.0,826.0,944.0,947.0,888.0,836.0,900.0,937.0,816.0,813.0,849.0,957.0,991.0,1164.0,1033.0,973.0,1098.0,1032.0,1016.0,1050.0,927.0,988.0,905.0,936.0,803.0,689.0,700.0,461.0,425.0,303.0,313.0,221.0,253.0,231.0,171.0,177.0,165.0,115.0,100.0
2019/09/04,109.0,44.0,19.0,46.0,39.0,47.0,38.0,63.0,32.0,32.0,54.0,29.0,9.0,9.0,29.0,26.0,21.0,18.0,49.0,55.0,42.0,120.0,113.0,156.0,230.0,270.0,479.0,602.0,898.0,853.0,984.0,941.0,1203.0,1210.0,1207.0,1100.0,994.0,1014.0,983.0,970.0,983.0,924.0,863.0,951.0,977.0,998.0,961.0,959.0,972.0,839.0,976.0,962.0,1128.0,927.0,1029.0,810.0,907.0,800.0,906.0,1195.0,997.0,892.0,932.0,889.0,871.0,890.0,877.0,1015.0,1122.0,1088.0,1191.0,1321.0,1372.0,1142.0,1257.0,1133.0,1344.0,1147.0,1007.0,1124.0,919.0,975.0,755.0,654.0,401.0,375.0,445.0,339.0,253.0,255.0,220.0,167.0,140.0,182.0,166.0,154.0
2019/09/05,140.0,77.0,67.0,57.0,90.0,35.0,45.0,27.0,32.0,21.0,39.0,9.0,13.0,20.0,20.0,38.0,52.0,26.0,40.0,21.0,59.0,112.0,126.0,192.0,274.0,283.0,435.0,668.0,864.0,928.0,1089.0,1265.0,1424.0,1305.0,1257.0,1220.0,1038.0,974.0,875.0,747.0,959.0,1023.0,993.0,964.0,1053.0,1031.0,1126.0,993.0,960.0,842.0,901.0,870.0,935.0,880.0,821.0,875.0,879.0,830.0,1020.0,1296.0,1299.0,921.0,1026.0,975.0,1008.0,1040.0,1028.0,1043.0,1193.0,1112.0,1161.0,1362.0,1236.0,1254.0,1288.0,1222.0,1160.0,988.0,992.0,1006.0,940.0,917.0,842.0,575.0,552.0,411.0,349.0,312.0,260.0,289.0,263.0,190.0,262.0,186.0,200.0,183.0
2019/09/06,145.0,97.0,73.0,61.0,59.0,53.0,34.0,45.0,27.0,48.0,32.0,34.0,11.0,39.0,40.0,65.0,47.0,42.0,32.0,73.0,87.0,117.0,95.0,156.0,270.0,343.0,433.0,567.0,867.0,1046.0,1135.0,1268.0,1322.0,1238.0,1191.0,1000.0,998.0,972.0,816.0,828.0,998.0,936.0,828.0,992.0,1077.0,969.0,907.0,1010.0,1005.0,987.0,931.0,1032.0,1095.0,1161.0,1237.0,1429.0,1222.0,1279.0,1231.0,1261.0,1367.0,1195.0,1012.0,1062.0,1034.0,1017.0,943.0,931.0,1103.0,957.0,1087.0,854.0,930.0,861.0,904.0,968.0,922.0,843.0,851.0,873.0,831.0,894.0,824.0,928.0,745.0,531.0,375.0,311.0,290.0,246.0,248.0,287.0,211.0,153.0,252.0,243.0
2019/09/07,164.0,182.0,161.0,178.0,188.0,210.0,152.0,170.0,138.0,128.0,60.0,85.0,79.0,79.0,65.0,87.0,62.0,88.0,104.0,123.0,84.0,112.0,127.0,99.0,122.0,122.0,102.0,106.0,142.0,150.0,190.0,188.0,227.0,235.0,290.0,372.0,505.0,422.0,518.0,469.0,531.0,644.0,700.0,753.0,763.0,835.0,952.0,837.0,977.0,915.0,1024.0,820.0,755.0,875.0,938.0,712.0,526.0,497.0,386.0,395.0,390.0,307.0,320.0,430.0,386.0,471.0,515.0,484.0,615.0,564.0,611.0,611.0,623.0,711.0,664.0,727.0,718.0,791.0,769.0,785.0,861.0,782.0,762.0,702.0,635.0,530.0,403.0,362.0,237.0,198.0,236.0,251.0,194.0,199.0,203.0,169.0
2019/09/08,127.0,208.0,134.0,179.0,167.0,107.0,128.0,99.0,125.0,128.0,68.0,98.0,135.0,108.0,62.0,61.0,86.0,84.0,43.0,84.0,41.0,77.0,104.0,90.0,80.0,78.0,65.0,110.0,103.0,137.0,136.0,102.0,161.0,116.0,185.0,281.0,274.0,299.0,295.0,354.0,437.0,526.0,459.0,608.0,669.0,643.0,649.0,717.0,762.0,761.0,782.0,753.0,951.0,907.0,810.0,635.0,532.0,475.0,410.0,430.0,331.0,339.0,381.0,419.0,495.0,476.0,510.0,561.0,626.0,674.0,614.0,767.0,704.0,804.0,777.0,734.0,815.0,768.0,912.0,762.0,699.0,743.0,624.0,630.0,430.0,497.0,336.0,226.0,247.0,166.0,188.0,104.0,125.0,114.0,100.0,123.0
2019/09/09,42.0,67.0,33.0,35.0,51.0,28.0,31.0,18.0,34.0,24.0,23.0,24.0,3.0,7.0,12.0,22.0,21.0,32.0,29.0,46.0,43.0,106.0,121.0,171.0,242.0,371.0,423.0,687.0,943.0,1169.0,1105.0,1347.0,1282.0,1397.0,1423.0,1296.0,1198.0,980.0,1046.0,1151.0,1020.0,1012.0,940.0,965.0,976.0,1105.0,1104.0,1080.0,1150.0,939.0,1047.0,928.0,981.0,1053.0,1161.0,1044.0,891.0,779.0,747.0,1052.0,1201.0,968.0,1013.0,1018.0,1113.0,1198.0,1064.0,959.0,1237.0,1172.0,1264.0,1301.0,1280.0,1158.0,1398.0,1411.0,1412.0,1245.0,973.0,871.0,809.0,828.0,645.0,617.0,443.0,373.0,330.0,242.0,189.0,206.0,158.0,114.0,148.0,128.0,106.0,92.0
2019/09/10,53.0,93.0,28.0,31.0,40.0,19.0,30.0,32.0,14.0,4.0,19.0,28.0,33.0,5.0,19.0,19.0,22.0,47.0,49.0,32.0,64.0,99.0,137.0,173.0,328.0,366.0,478.0,638.0,1009.0,1002.0,1168.0,1318.0,1509.0,1225.0,1231.0,1342.0,1237.0,1319.0,1079.0,1116.0,1126.0,1069.0,1183.0,1181.0,1060.0,1107.0,1074.0,1119.0,1198.0,1129.0,928.0,1200.0,1242.0,1075.0,922.0,974.0,959.0,832.0,914.0,1364.0,1350.0,943.0,1192.0,1293.0,1056.0,1147.0,1217.0,1142.0,1150.0,1102.0,1317.0,1353.0,1424.0,1428.0,1437.0,1324.0,1253.0,965.0,1044.0,882.0,977.0,782.0,724.0,591.0,492.0,429.0,236.0,240.0,225.0,243.0,161.0,152.0,137.0,85.0,115.0,104.0
2019/09/11,62.0,60.0,42.0,49.0,56.0,24.0,30.0,28.0,16.0,32.0,27.0,17.0,17.0,19.0,13.0,31.0,31.0,30.0,21.0,52.0,62.0,105.0,115.0,130.0,233.0,363.0,448.0,714.0,960.0,1165.0,1259.0,1374.0,1372.0,1183.0,1296.0,1211.0,1106.0,1126.0,1127.0,1040.0,1091.0,921.0,975.0,990.0,1004.0,1018.0,1015.0,1043.0,1034.0,1030.0,1048.0,1023.0,1193.0,1035.0,1097.0,1022.0,924.0,892.0,992.0,1159.0,1213.0,941.0,1099.0,1114.0,1011.0,1227.0,1127.0,1133.0,1157.0,1325.0,1265.0,1356.0,1494.0,1346.0,1386.0,1349.0,1319.0,1138.0,1039.0,949.0,869.0,903.0,802.0,642.0,445.0,412.0,249.0,267.0,212.0,293.0,186.0,185.0,130.0,133.0,138.0,136.0
2019/09/12,125.0,123.0,70.0,52.0,36.0,41.0,22.0,40.0,45.0,14.0,19.0,36.0,25.0,8.0,18.0,31.0,33.0,10.0,48.0,77.0,50.0,91.0,118.0,172.0,247.0,365.0,464.0,699.0,1041.0,1214.0,1227.0,1350.0,1466.0,1345.0,1350.0,1169.0,1355.0,1156.0,1008.0,1054.0,1091.0,1094.0,1148.0,1116.0,1061.0,936.0,1046.0,1056.0,967.0,941.0,1016.0,1047.0,1199.0,1083.0,1050.0,1307.0,1456.0,1278.0,1372.0,1319.0,1348.0,1189.0,1155.0,1123.0,1090.0,1257.0,1266.0,1321.0,1405.0,1462.0,1398.0,1351.0,1523.0,1361.0,1433.0,1263.0,1420.0,1345.0,1288.0,1130.0,1038.0,920.0,895.0,784.0,584.0,446.0,445.0,378.0,296.0,301.0,236.0,337.0,263.0,211.0,218.0,209.0
2019/09/13,167.0,125.0,78.0,84.0,61.0,104.0,51.0,101.0,63.0,53.0,39.0,52.0,27.0,35.0,43.0,50.0,30.0,11.0,64.0,61.0,60.0,99.0,119.0,137.0,289.0,346.0,426.0,665.0,969.0,1182.0,1379.0,1390.0,1231.0,1368.0,1299.0,1182.0,1053.0,947.0,1066.0,955.0,1003.0,977.0,983.0,1152.0,1054.0,1001.0,980.0,1001.0,1097.0,940.0,1028.0,1005.0,1169.0,1163.0,1420.0,1277.0,1307.0,1304.0,1202.0,1314.0,1267.0,1377.0,1547.0,1485.0,1455.0,1346.0,1385.0,1087.0,1113.0,990.0,1000.0,1101.0,1120.0,953.0,1047.0,1027.0,934.0,1002.0,940.0,894.0,943.0,997.0,1015.0,921.0,744.0,494.0,440.0,362.0,286.0,235.0,235.0,238.0,167.0,211.0,244.0,186.0
2019/09/14,192.0,178.0,135.0,140.0,214.0,134.0,120.0,113.0,122.0,148.0,90.0,102.0,109.0,67.0,63.0,98.0,83.0,64.0,75.0,63.0,77.0,127.0,125.0,145.0,100.0,70.0,107.0,163.0,135.0,174.0,168.0,256.0,365.0,300.0,314.0,400.0,557.0,515.0,591.0,593.0,742.0,783.0,843.0,933.0,978.0,1090.0,1282.0,1241.0,1010.0,852.0,995.0,857.0,978.0,942.0,848.0,705.0,638.0,686.0,393.0,458.0,349.0,329.0,390.0,393.0,434.0,519.0,543.0,625.0,628.0,738.0,796.0,670.0,613.0,690.0,778.0,712.0,710.0,778.0,800.0,837.0,894.0,852.0,731.0,679.0,603.0,496.0,376.0,314.0,243.0,267.0,147.0,160.0,192.0,200.0,242.0,204.0
2019/09/15,197.0,199.0,148.0,141.0,187.0,163.0,98.0,131.0,90.0,79.0,113.0,96.0,68.0,57.0,107.0,64.0,76.0,83.0,76.0,83.0,87.0,84.0,176.0,110.0,92.0,106.0,95.0,138.0,87.0,107.0,102.0,107.0,199.0,159.0,241.0,250.0,309.0,342.0,428.0,445.0,691.0,578.0,663.0,678.0,673.0,769.0,790.0,892.0,1069.0,952.0,966.0,792.0,1138.0,888.0,826.0,619.0,626.0,371.0,355.0,319.0,305.0,301.0,405.0,390.0,466.0,529.0,552.0,533.0,630.0,688.0,592.0,678.0,698.0,680.0,724.0,775.0,727.0,723.0,729.0,816.0,755.0,634.0,624.0,537.0,458.0,351.0,315.0,229.0,160.0,163.0,164.0,141.0,112.0,152.0,111.0,79.0
2019/09/16,59.0,41.0,27.0,64.0,9.0,17.0,31.0,17.0,20.0,25.0,18.0,35.0,0.0,13.0,29.0,43.0,16.0,27.0,24.0,62.0,52.0,124.0,139.0,177.0,263.0,331.0,462.0,652.0,919.0,1241.0,1278.0,1458.0,1298.0,1316.0,1310.0,1301.0,1166.0,1085.0,1098.0,1045.0,965.0,992.0,965.0,916.0,964.0,995.0,961.0,1089.0,1055.0,945.0,985.0,967.0,1047.0,1115.0,1107.0,1046.0,939.0,852.0,911.0,967.0,1058.0,1070.0,958.0,1089.0,1102.0,1302.0,1191.0,1258.0,1260.0,1403.0,1104.0,1460.0,1357.0,1514.0,1374.0,1198.0,1250.0,1062.0,899.0,862.0,698.0,762.0,628.0,543.0,388.0,434.0,312.0,259.0,170.0,191.0,167.0,125.0,90.0,132.0,94.0,93.0
2019/09/17,79.0,69.0,18.0,47.0,34.0,24.0,22.0,19.0,17.0,13.0,11.0,25.0,13.0,7.0,10.0,43.0,37.0,39.0,34.0,36.0,43.0,105.0,102.0,155.0,246.0,384.0,507.0,615.0,913.0,1157.0,1419.0,1269.0,1069.0,1063.0,1311.0,1205.0,1303.0,1252.0,1110.0,1087.0,1103.0,1022.0,1045.0,966.0,1184.0,1109.0,1105.0,1035.0,1129.0,1143.0,1042.0,1077.0,1028.0,1136.0,996.0,1020.0,982.0,872.0,874.0,934.0,973.0,1033.0,1126.0,1110.0,1173.0,1223.0,1189.0,1224.0,1257.0,1244.0,1439.0,1437.0,1309.0,1480.0,1443.0,1305.0,1347.0,1350.0,1123.0,1115.0,1016.0,736.0,645.0,533.0,500.0,427.0,326.0,233.0,240.0,281.0,183.0,181.0,172.0,152.0,107.0,91.0
2019/09/18,100.0,53.0,67.0,29.0,39.0,51.0,25.0,47.0,27.0,42.0,7.0,33.0,6.0,13.0,7.0,45.0,31.0,35.0,50.0,26.0,49.0,86.0,119.0,182.0,282.0,288.0,463.0,667.0,905.0,1281.0,1328.0,1391.0,1310.0,1207.0,1272.0,1226.0,1203.0,1069.0,1030.0,1080.0,965.0,1126.0,1145.0,1118.0,1104.0,1108.0,1103.0,967.0,969.0,939.0,1013.0,1070.0,1169.0,1208.0,1151.0,1010.0,893.0,965.0,913.0,946.0,1062.0,951.0,1096.0,1086.0,1083.0,1245.0,1190.0,1186.0,1301.0,1341.0,1381.0,1460.0,1308.0,1592.0,1419.0,1249.0,1252.0,1136.0,1012.0,1010.0,935.0,764.0,727.0,505.0,501.0,326.0,235.0,282.0,290.0,346.0,264.0,168.0,206.0,165.0,126.0,121.0
2019/09/19,131.0,120.0,58.0,74.0,44.0,35.0,45.0,38.0,48.0,23.0,13.0,22.0,21.0,7.0,17.0,39.0,39.0,53.0,31.0,55.0,25.0,127.0,120.0,186.0,232.0,403.0,512.0,712.0,943.0,1199.0,1360.0,1274.0,1045.0,1293.0,1372.0,1313.0,1213.0,1164.0,1085.0,992.0,1197.0,996.0,1007.0,912.0,1034.0,1093.0,989.0,998.0,1096.0,968.0,1084.0,975.0,985.0,1091.0,1024.0,1058.0,1034.0,935.0,899.0,1157.0,1131.0,1259.0,1177.0,1036.0,1148.0,1125.0,1040.0,1199.0,1111.0,1379.0,1352.0,1320.0,1371.0,1440.0,1364.0,1338.0,1280.0,1251.0,1195.0,1065.0,1151.0,991.0,793.0,732.0,563.0,413.0,358.0,284.0,300.0,296.0,250.0,228.0,191.0,160.0,184.0,147.0
2019/09/20,128.0,113.0,89.0,93.0,55.0,83.0,52.0,60.0,64.0,43.0,31.0,37.0,39.0,39.0,35.0,11.0,60.0,35.0,59.0,51.0,30.0,137.0,116.0,130.0,231.0,360.0,466.0,688.0,933.0,1190.0,1449.0,1352.0,1280.0,1230.0,1091.0,1239.0,1282.0,1016.0,1105.0,924.0,986.0,953.0,1076.0,973.0,1137.0,1002.0,1053.0,999.0,1107.0,989.0,997.0,1160.0,1175.0,1292.0,1296.0,1395.0,1449.0,1258.0,1552.0,1423.0,1435.0,1349.0,1433.0,1466.0,1239.0,1211.0,1190.0,987.0,1048.0,1090.0,930.0,939.0,989.0,880.0,985.0,904.0,988.0,915.0,1000.0,970.0,955.0,895.0,841.0,1040.0,942.0,605.0,474.0,352.0,349.0,332.0,242.0,225.0,235.0,211.0,165.0,256.0
2019/09/21,227.0,213.0,179.0,137.0,198.0,206.0,137.0,125.0,87.0,114.0,90.0,119.0,108.0,94.0,69.0,114.0,83.0,64.0,83.0,84.0,127.0,115.0,107.0,112.0,118.0,138.0,154.0,153.0,149.0,194.0,196.0,240.0,241.0,341.0,488.0,474.0,465.0,534.0,514.0,643.0,750.0,807.0,903.0,844.0,923.0,971.0,888.0,980.0,926.0,943.0,956.0,947.0,990.0,989.0,1021.0,799.0,704.0,553.0,521.0,427.0,511.0,455.0,475.0,436.0,546.0,494.0,617.0,618.0,627.0,649.0,793.0,746.0,628.0,747.0,719.0,691.0,799.0,788.0,811.0,784.0,746.0,848.0,804.0,738.0,680.0,508.0,307.0,257.0,248.0,208.0,236.0,275.0,259.0,241.0,200.0,217.0
2019/09/22,213.0,216.0,214.0,141.0,159.0,135.0,123.0,100.0,155.0,124.0,110.0,91.0,116.0,107.0,77.0,94.0,56.0,77.0,132.0,123.0,100.0,116.0,106.0,102.0,108.0,77.0,92.0,103.0,149.0,160.0,157.0,149.0,178.0,165.0,192.0,280.0,299.0,364.0,385.0,496.0,621.0,495.0,563.0,706.0,712.0,873.0,814.0,835.0,868.0,888.0,803.0,850.0,1024.0,948.0,873.0,873.0,549.0,590.0,420.0,450.0,376.0,400.0,390.0,464.0,496.0,490.0,515.0,632.0,652.0,660.0,726.0,681.0,802.0,814.0,720.0,837.0,751.0,763.0,850.0,683.0,732.0,668.0,675.0,511.0,405.0,368.0,274.0,227.0,211.0,230.0,189.0,113.0,123.0,135.0,93.0,80.0
2019/09/23,92.0,43.0,39.0,39.0,61.0,41.0,7.0,26.0,25.0,39.0,29.0,12.0,20.0,10.0,22.0,44.0,20.0,35.0,37.0,17.0,33.0,166.0,104.0,193.0,276.0,369.0,517.0,634.0,970.0,1125.0,1236.0,1316.0,1406.0,1292.0,1247.0,1250.0,1211.0,1123.0,1061.0,1036.0,1111.0,912.0,902.0,966.0,1038.0,1103.0,1081.0,1017.0,1097.0,866.0,1066.0,1018.0,1040.0,996.0,1155.0,832.0,1052.0,797.0,952.0,1011.0,1092.0,993.0,1066.0,1163.0,1173.0,1330.0,1266.0,1234.0,1119.0,1121.0,1286.0,1285.0,1413.0,1306.0,1430.0,1193.0,1378.0,1129.0,937.0,882.0,867.0,661.0,610.0,533.0,464.0,449.0,363.0,249.0,198.0,200.0,183.0,115.0,126.0,82.0,112.0,93.0
2019/09/24,65.0,83.0,30.0,39.0,13.0,32.0,26.0,21.0,55.0,14.0,26.0,25.0,24.0,24.0,29.0,37.0,29.0,48.0,35.0,57.0,78.0,109.0,127.0,179.0,381.0,621.0,666.0,727.0,972.0,1394.0,1325.0,1416.0,1107.0,1309.0,1187.0,1241.0,1451.0,1204.0,1063.0,955.0,1090.0,1090.0,1125.0,1114.0,1036.0,1046.0,1165.0,1225.0,1122.0,1058.0,915.0,1107.0,1120.0,1191.0,991.0,1121.0,857.0,749.0,868.0,918.0,981.0,1091.0,1135.0,1108.0,1160.0,1153.0,1176.0,1285.0,1245.0,1384.0,1373.0,1480.0,1357.0,1396.0,1336.0,1348.0,1350.0,1270.0,1086.0,983.0,905.0,733.0,812.0,650.0,597.0,429.0,320.0,257.0,245.0,269.0,172.0,145.0,159.0,123.0,110.0,128.0
2019/09/25,102.0,71.0,50.0,33.0,39.0,42.0,24.0,40.0,41.0,14.0,24.0,19.0,21.0,7.0,30.0,19.0,24.0,56.0,59.0,31.0,69.0,115.0,105.0,186.0,300.0,371.0,526.0,743.0,911.0,1090.0,1345.0,1236.0,987.0,1136.0,1286.0,1229.0,1246.0,1168.0,1083.0,921.0,1030.0,966.0,989.0,1098.0,1106.0,840.0,1052.0,1097.0,1094.0,1055.0,1034.0,1043.0,1165.0,1168.0,1173.0,996.0,967.0,849.0,895.0,1087.0,986.0,979.0,1154.0,1162.0,1089.0,1167.0,1129.0,1269.0,1174.0,1349.0,1384.0,1094.0,1022.0,1158.0,1233.0,1306.0,1395.0,1389.0,1333.0,1314.0,1050.0,902.0,759.0,486.0,472.0,364.0,293.0,283.0,301.0,350.0,327.0,223.0,172.0,158.0,133.0,165.0
2019/09/26,86.0,67.0,58.0,35.0,45.0,43.0,60.0,34.0,14.0,14.0,18.0,20.0,15.0,12.0,26.0,15.0,14.0,16.0,45.0,52.0,58.0,127.0,113.0,172.0,238.0,381.0,469.0,694.0,971.0,1328.0,1252.0,1270.0,1313.0,949.0,1364.0,1064.0,1353.0,1292.0,1255.0,1230.0,1058.0,1168.0,1033.0,1082.0,1048.0,1094.0,1119.0,1170.0,1189.0,1111.0,1030.0,975.0,1143.0,1136.0,1164.0,973.0,1079.0,950.0,813.0,1000.0,961.0,1018.0,1122.0,1236.0,1221.0,1117.0,1217.0,1158.0,1182.0,1366.0,1528.0,1379.0,1189.0,1312.0,1160.0,1291.0,1152.0,1345.0,1153.0,1159.0,1163.0,1130.0,863.0,803.0,559.0,479.0,398.0,341.0,222.0,223.0,311.0,150.0,223.0,164.0,213.0,210.0
2019/09/27,198.0,109.0,106.0,111.0,69.0,113.0,54.0,30.0,66.0,42.0,24.0,18.0,36.0,33.0,44.0,39.0,43.0,44.0,61.0,49.0,67.0,111.0,130.0,165.0,216.0,397.0,450.0,663.0,986.0,1188.0,1284.0,1322.0,1151.0,1219.0,1108.0,1133.0,1149.0,983.0,920.0,1087.0,960.0,1028.0,1053.0,1148.0,1075.0,1017.0,1134.0,1095.0,1202.0,1001.0,1077.0,1029.0,1295.0,1342.0,1412.0,1364.0,1422.0,1315.0,1355.0,1552.0,1334.0,1363.0,1293.0,1241.0,1202.0,1301.0,1165.0,1075.0,973.0,976.0,1102.0,1108.0,1120.0,914.0,959.0,1025.0,1092.0,1111.0,1011.0,999.0,1126.0,1251.0,1187.0,880.0,796.0,572.0,507.0,360.0,314.0,305.0,247.0,238.0,233.0,269.0,204.0,216.0
2019/09/28,247.0,199.0,233.0,236.0,121.0,135.0,132.0,115.0,171.0,148.0,121.0,90.0,86.0,60.0,120.0,72.0,73.0,76.0,87.0,95.0,89.0,117.0,98.0,107.0,131.0,115.0,133.0,167.0,141.0,203.0,234.0,281.0,385.0,322.0,387.0,444.0,483.0,554.0,592.0,686.0,718.0,676.0,852.0,851.0,882.0,1029.0,1097.0,1011.0,919.0,946.0,1052.0,1102.0,1008.0,959.0,929.0,774.0,744.0,510.0,491.0,435.0,390.0,435.0,405.0,460.0,564.0,588.0,698.0,751.0,755.0,715.0,757.0,784.0,814.0,730.0,659.0,882.0,872.0,842.0,766.0,940.0,1069.0,975.0,697.0,706.0,524.0,473.0,378.0,331.0,355.0,416.0,314.0,292.0,321.0,382.0,262.0,283.0
2019/09/29,286.0,251.0,223.0,178.0,206.0,158.0,145.0,196.0,239.0,200.0,193.0,168.0,110.0,108.0,126.0,101.0,58.0,90.0,107.0,107.0,76.0,125.0,109.0,106.0,90.0,119.0,94.0,122.0,103.0,174.0,129.0,125.0,199.0,137.0,183.0,261.0,290.0,348.0,347.0,428.0,482.0,591.0,600.0,743.0,821.0,763.0,886.0,912.0,875.0,908.0,862.0,821.0,1065.0,1044.0,951.0,762.0,562.0,470.0,436.0,454.0,383.0,450.0,405.0,464.0,504.0,519.0,597.0,595.0,677.0,763.0,733.0,768.0,851.0,835.0,870.0,742.0,815.0,889.0,920.0,765.0,880.0,703.0,566.0,527.0,490.0,455.0,364.0,273.0,215.0,223.0,147.0,151.0,112.0,143.0,109.0,56.0
2019/09/30,54.0,61.0,58.0,57.0,48.0,42.0,26.0,27.0,17.0,12.0,20.0,14.0,23.0,12.0,15.0,42.0,19.0,44.0,42.0,27.0,47.0,120.0,142.0,185.0,244.0,349.0,531.0,636.0,1025.0,1199.0,1379.0,1322.0,1300.0,1187.0,1259.0,1156.0,1127.0,985.0,1076.0,955.0,976.0,999.0,965.0,915.0,1090.0,992.0,1066.0,946.0,1030.0,1015.0,1087.0,1071.0,1155.0,1080.0,1135.0,1069.0,1003.0,825.0,913.0,1064.0,993.0,1019.0,1028.0,970.0,1081.0,1174.0,1027.0,1166.0,1259.0,1210.0,1436.0,1449.0,1384.0,1594.0,1530.0,1284.0,1189.0,1153.0,991.0,889.0,894.0,801.0,760.0,567.0,528.0,372.0,278.0,256.0,228.0,225.0,157.0,191.0,152.0,104.0,136.0,91.0
2019/10/01,85.0,78.0,47.0,55.0,40.0,43.0,42.0,31.0,21.0,32.0,12.0,36.0,16.0,28.0,13.0,24.0,16.0,51.0,43.0,21.0,62.0,98.0,153.0,174.0,259.0,371.0,490.0,770.0,918.0,1251.0,1330.0,1376.0,1284.0,1295.0,1096.0,1271.0,1309.0,1263.0,1090.0,1005.0,1144.0,1004.0,1081.0,1130.0,1128.0,979.0,1038.0,1049.0,1076.0,943.0,1141.0,1061.0,1012.0,1069.0,1043.0,1009.0,891.0,751.0,813.0,1061.0,1033.0,994.0,1142.0,1102.0,1227.0,1184.0,1187.0,1158.0,1125.0,1266.0,931.0,930.0,941.0,1145.0,1280.0,1223.0,1047.0,1084.0,1167.0,1066.0,830.0,877.0,651.0,645.0,504.0,452.0,363.0,263.0,226.0,225.0,147.0,181.0,183.0,130.0,101.0,97.0
2019/10/02,99.0,63.0,67.0,38.0,50.0,30.0,27.0,41.0,19.0,13.0,32.0,20.0,18.0,17.0,10.0,31.0,56.0,42.0,57.0,37.0,48.0,119.0,111.0,159.0,283.0,306.0,522.0,627.0,974.0,1259.0,1392.0,1399.0,1131.0,1442.0,1235.0,1197.0,1103.0,1104.0,1002.0,991.0,1114.0,1052.0,1067.0,1085.0,1114.0,1108.0,1050.0,1126.0,987.0,888.0,997.0,1117.0,1064.0,1043.0,1086.0,958.0,918.0,990.0,906.0,1088.0,980.0,1050.0,1052.0,1282.0,1239.0,1191.0,1099.0,1356.0,1357.0,1322.0,1329.0,1128.0,1314.0,1434.0,1537.0,1419.0,1411.0,1318.0,1191.0,1012.0,1109.0,925.0,759.0,599.0,523.0,414.0,315.0,270.0,279.0,235.0,173.0,215.0,125.0,124.0,113.0,204.0
2019/10/03,130.0,87.0,69.0,56.0,45.0,47.0,34.0,39.0,30.0,26.0,27.0,11.0,22.0,15.0,23.0,36.0,33.0,39.0,56.0,39.0,36.0,130.0,105.0,194.0,306.0,386.0,461.0,718.0,1024.0,1104.0,1395.0,1296.0,1423.0,1346.0,1181.0,1167.0,1345.0,1251.0,1130.0,1110.0,1059.0,1116.0,1105.0,1215.0,1132.0,1031.0,1021.0,1042.0,1058.0,913.0,998.0,991.0,1128.0,1165.0,1116.0,964.0,941.0,848.0,1041.0,937.0,981.0,1048.0,1117.0,1056.0,1259.0,1169.0,1214.0,1165.0,1364.0,1436.0,1415.0,1372.0,1332.0,1396.0,1317.0,1384.0,1150.0,1191.0,1026.0,1167.0,985.0,1005.0,829.0,612.0,601.0,488.0,366.0,342.0,235.0,326.0,248.0,189.0,237.0,188.0,127.0,184.0
2019/10/04,215.0,158.0,59.0,61.0,97.0,68.0,60.0,67.0,33.0,39.0,42.0,51.0,36.0,28.0,21.0,58.0,28.0,40.0,52.0,41.0,66.0,131.0,112.0,168.0,265.0,364.0,475.0,680.0,1012.0,1305.0,1416.0,1362.0,1400.0,1314.0,1206.0,1254.0,1270.0,1034.0,1077.0,1047.0,1097.0,959.0,1004.0,1134.0,1085.0,1180.0,1029.0,896.0,1004.0,1099.0,911.0,1119.0,1147.0,1349.0,1481.0,1359.0,1353.0,1249.0,1346.0,1421.0,1338.0,1297.0,1247.0,1201.0,1458.0,1289.0,1257.0,1203.0,1098.0,1126.0,1113.0,1185.0,1160.0,1017.0,955.0,945.0,913.0,952.0,982.0,1110.0,1143.0,1019.0,1112.0,923.0,746.0,639.0,415.0,253.0,326.0,333.0,274.0,187.0,226.0,208.0,242.0,176.0
2019/10/05,238.0,165.0,149.0,154.0,210.0,102.0,112.0,99.0,144.0,117.0,152.0,116.0,104.0,88.0,94.0,105.0,62.0,64.0,75.0,87.0,83.0,117.0,120.0,105.0,119.0,138.0,129.0,105.0,110.0,140.0,175.0,244.0,353.0,366.0,460.0,422.0,519.0,638.0,574.0,700.0,702.0,803.0,850.0,906.0,1051.0,973.0,961.0,1027.0,917.0,1030.0,911.0,1091.0,1036.0,1194.0,920.0,881.0,736.0,615.0,840.0,516.0,490.0,466.0,429.0,435.0,483.0,610.0,505.0,635.0,629.0,772.0,913.0,914.0,836.0,787.0,786.0,735.0,874.0,903.0,935.0,753.0,908.0,840.0,885.0,735.0,623.0,456.0,295.0,341.0,324.0,268.0,276.0,165.0,241.0,187.0,194.0,239.0
2019/10/06,196.0,156.0,184.0,177.0,171.0,141.0,111.0,154.0,118.0,113.0,139.0,83.0,76.0,77.0,81.0,88.0,84.0,92.0,67.0,89.0,61.0,95.0,69.0,86.0,76.0,114.0,97.0,128.0,100.0,110.0,135.0,132.0,190.0,140.0,284.0,374.0,395.0,353.0,377.0,539.0,813.0,622.0,679.0,815.0,702.0,889.0,871.0,826.0,947.0,1000.0,1075.0,1067.0,1107.0,1024.0,921.0,823.0,614.0,595.0,503.0,345.0,352.0,373.0,395.0,402.0,558.0,513.0,681.0,711.0,630.0,715.0,685.0,739.0,708.0,837.0,781.0,748.0,809.0,881.0,855.0,779.0,837.0,730.0,558.0,457.0,462.0,374.0,242.0,303.0,226.0,244.0,140.0,148.0,144.0,118.0,132.0,100.0
2019/10/07,51.0,93.0,43.0,41.0,25.0,35.0,21.0,34.0,19.0,25.0,31.0,25.0,39.0,19.0,27.0,33.0,35.0,49.0,43.0,42.0,46.0,120.0,119.0,153.0,283.0,392.0,481.0,673.0,995.0,1326.0,1417.0,1300.0,981.0,1052.0,1224.0,1220.0,1285.0,1153.0,1185.0,1191.0,1329.0,1144.0,1161.0,907.0,1023.0,1012.0,1102.0,1050.0,1038.0,914.0,1090.0,966.0,1110.0,924.0,1046.0,938.0,931.0,895.0,928.0,795.0,1030.0,1014.0,1077.0,1015.0,1237.0,1205.0,1249.0,1255.0,1217.0,1250.0,1287.0,1250.0,1502.0,1396.0,1324.0,1031.0,1219.0,1143.0,1086.0,910.0,818.0,801.0,682.0,594.0,483.0,360.0,321.0,212.0,188.0,176.0,229.0,215.0,110.0,136.0,98.0,64.0
2019/10/08,51.0,61.0,48.0,34.0,51.0,28.0,28.0,25.0,29.0,7.0,31.0,19.0,20.0,6.0,32.0,39.0,38.0,28.0,47.0,34.0,38.0,140.0,87.0,161.0,264.0,366.0,532.0,691.0,969.0,1186.0,1335.0,1340.0,944.0,1308.0,1284.0,1163.0,1305.0,1285.0,1193.0,1144.0,1065.0,1106.0,1002.0,1118.0,1164.0,892.0,1136.0,1040.0,1177.0,945.0,956.0,1098.0,1041.0,1099.0,1059.0,870.0,898.0,841.0,863.0,996.0,1033.0,1026.0,1049.0,993.0,986.0,1126.0,1299.0,1091.0,1244.0,1265.0,1245.0,1109.0,1002.0,1147.0,1402.0,1166.0,1271.0,1141.0,1024.0,907.0,1025.0,766.0,701.0,573.0,393.0,415.0,369.0,269.0,297.0,232.0,219.0,163.0,164.0,167.0,134.0,119.0
2019/10/09,70.0,52.0,36.0,24.0,30.0,19.0,33.0,38.0,30.0,35.0,20.0,9.0,13.0,11.0,9.0,31.0,16.0,36.0,23.0,20.0,46.0,114.0,145.0,133.0,253.0,348.0,470.0,698.0,862.0,1202.0,1336.0,1292.0,1370.0,1218.0,1241.0,1289.0,1221.0,1077.0,1089.0,1029.0,1211.0,1191.0,1163.0,1107.0,1182.0,1037.0,1127.0,993.0,1168.0,1010.0,957.0,1096.0,1143.0,1127.0,1140.0,946.0,956.0,899.0,905.0,923.0,1044.0,1131.0,1083.0,1075.0,1267.0,1261.0,1265.0,1359.0,1306.0,1469.0,1457.0,1504.0,1381.0,1283.0,1316.0,1300.0,1212.0,1210.0,942.0,908.0,909.0,856.0,737.0,600.0,521.0,404.0,367.0,264.0,253.0,251.0,233.0,194.0,189.0,161.0,148.0,152.0
2019/10/10,124.0,113.0,72.0,61.0,21.0,23.0,34.0,50.0,44.0,27.0,12.0,26.0,13.0,9.0,23.0,19.0,29.0,34.0,37.0,35.0,57.0,97.0,133.0,194.0,269.0,399.0,530.0,748.0,1030.0,1182.0,1287.0,1171.0,1098.0,1348.0,1380.0,1206.0,1257.0,1357.0,1013.0,1224.0,1110.0,988.0,1017.0,1084.0,1146.0,1145.0,1035.0,1029.0,1033.0,1031.0,1074.0,1146.0,1036.0,1036.0,1109.0,949.0,829.0,907.0,839.0,991.0,1055.0,927.0,986.0,1057.0,1269.0,1301.0,1119.0,1213.0,1323.0,1425.0,1480.0,1472.0,1241.0,1178.0,1356.0,1266.0,1423.0,1368.0,1014.0,1124.0,1108.0,829.0,891.0,671.0,591.0,442.0,313.0,339.0,273.0,306.0,287.0,243.0,227.0,286.0,185.0,160.0
2019/10/11,117.0,143.0,88.0,130.0,51.0,37.0,59.0,56.0,51.0,39.0,56.0,37.0,49.0,20.0,36.0,36.0,35.0,46.0,35.0,70.0,62.0,101.0,122.0,183.0,274.0,319.0,468.0,715.0,948.0,1270.0,1423.0,1441.0,1032.0,1256.0,1363.0,1032.0,1154.0,1050.0,1071.0,1001.0,1048.0,1041.0,1090.0,1141.0,1131.0,1067.0,1104.0,1089.0,960.0,994.0,1065.0,1162.0,1455.0,1556.0,1413.0,1421.0,1393.0,1391.0,1406.0,1383.0,1582.0,1432.0,1183.0,1449.0,1308.0,1286.0,1075.0,1020.0,1127.0,1086.0,968.0,1051.0,1052.0,1024.0,1038.0,923.0,1008.0,1045.0,989.0,1105.0,1114.0,981.0,967.0,904.0,760.0,562.0,383.0,340.0,306.0,340.0,287.0,242.0,249.0,233.0,260.0,316.0
2019/10/12,268.0,252.0,269.0,208.0,146.0,201.0,163.0,159.0,125.0,139.0,146.0,99.0,80.0,50.0,93.0,91.0,75.0,97.0,69.0,113.0,77.0,77.0,78.0,105.0,109.0,152.0,127.0,159.0,203.0,188.0,133.0,199.0,373.0,289.0,388.0,458.0,547.0,674.0,814.0,886.0,1005.0,1019.0,911.0,828.0,768.0,870.0,842.0,978.0,899.0,926.0,972.0,1051.0,1136.0,1013.0,909.0,819.0,539.0,455.0,429.0,319.0,346.0,368.0,403.0,423.0,459.0,460.0,537.0,665.0,667.0,592.0,642.0,721.0,774.0,647.0,630.0,778.0,809.0,824.0,944.0,844.0,890.0,929.0,741.0,691.0,553.0,522.0,392.0,250.0,286.0,255.0,276.0,213.0,235.0,220.0,192.0,195.0
2019/10/13,166.0,203.0,175.0,201.0,134.0,194.0,98.0,124.0,183.0,95.0,97.0,63.0,85.0,33.0,61.0,60.0,57.0,76.0,78.0,102.0,59.0,80.0,87.0,84.0,78.0,102.0,67.0,125.0,130.0,115.0,110.0,102.0,176.0,143.0,299.0,297.0,293.0,306.0,389.0,462.0,617.0,479.0,740.0,813.0,751.0,878.0,944.0,895.0,856.0,993.0,975.0,918.0,1060.0,943.0,883.0,740.0,599.0,583.0,455.0,403.0,450.0,362.0,396.0,404.0,613.0,521.0,643.0,658.0,666.0,721.0,765.0,691.0,732.0,824.0,793.0,807.0,849.0,838.0,802.0,833.0,703.0,703.0,605.0,419.0,489.0,361.0,262.0,253.0,170.0,219.0,165.0,135.0,145.0,147.0,84.0,99.0
2019/10/14,55.0,34.0,25.0,38.0,33.0,27.0,28.0,16.0,27.0,32.0,25.0,16.0,7.0,8.0,16.0,15.0,44.0,31.0,11.0,45.0,67.0,105.0,115.0,177.0,244.0,362.0,525.0,745.0,903.0,1126.0,1324.0,1451.0,941.0,1200.0,1177.0,1042.0,1262.0,1151.0,1022.0,1033.0,1090.0,971.0,975.0,1002.0,1180.0,1195.0,1060.0,1166.0,1039.0,919.0,1111.0,970.0,911.0,1038.0,1099.0,982.0,850.0,789.0,955.0,1002.0,1040.0,1053.0,1069.0,1080.0,1220.0,1210.0,1278.0,1165.0,1261.0,1362.0,1378.0,1354.0,1353.0,1370.0,1468.0,1452.0,1462.0,1352.0,1231.0,998.0,811.0,705.0,624.0,467.0,367.0,369.0,285.0,239.0,182.0,204.0,100.0,121.0,71.0,106.0,113.0,87.0
2019/10/15,42.0,41.0,19.0,20.0,14.0,25.0,21.0,16.0,27.0,27.0,43.0,33.0,3.0,24.0,25.0,22.0,18.0,52.0,36.0,53.0,34.0,127.0,116.0,160.0,291.0,366.0,448.0,644.0,882.0,1248.0,1358.0,1345.0,1344.0,1380.0,1230.0,1418.0,1271.0,1468.0,1193.0,1097.0,1066.0,1185.0,1042.0,938.0,1133.0,1000.0,924.0,981.0,975.0,1132.0,1143.0,962.0,1024.0,995.0,1019.0,994.0,820.0,865.0,903.0,851.0,996.0,1040.0,1167.0,1083.0,1215.0,1171.0,1305.0,1128.0,1139.0,1299.0,1413.0,1457.0,1316.0,1426.0,1353.0,1347.0,1310.0,1148.0,999.0,983.0,855.0,732.0,615.0,539.0,416.0,456.0,332.0,286.0,257.0,270.0,184.0,171.0,157.0,121.0,143.0,103.0
2019/10/16,59.0,63.0,63.0,32.0,33.0,41.0,15.0,19.0,18.0,19.0,27.0,20.0,29.0,4.0,6.0,27.0,43.0,24.0,23.0,33.0,50.0,104.0,99.0,202.0,222.0,398.0,492.0,623.0,977.0,1167.0,1332.0,1546.0,1447.0,1316.0,1197.0,1106.0,1388.0,1209.0,1087.0,1085.0,1065.0,1127.0,1034.0,1121.0,1093.0,1132.0,1083.0,1039.0,1103.0,1048.0,988.0,1051.0,1215.0,1104.0,1144.0,914.0,928.0,947.0,953.0,974.0,1052.0,1020.0,1049.0,1141.0,1150.0,1291.0,1274.0,1113.0,1330.0,1394.0,1475.0,1595.0,1439.0,1320.0,1244.0,1138.0,1290.0,1234.0,1140.0,936.0,1000.0,799.0,672.0,517.0,485.0,393.0,329.0,267.0,303.0,210.0,221.0,203.0,214.0,159.0,91.0,123.0
2019/10/17,99.0,62.0,41.0,66.0,23.0,25.0,12.0,23.0,29.0,15.0,25.0,24.0,7.0,8.0,19.0,33.0,41.0,25.0,26.0,58.0,74.0,110.0,126.0,182.0,255.0,405.0,438.0,618.0,1008.0,992.0,1052.0,1150.0,1130.0,1056.0,1135.0,1197.0,1187.0,1227.0,660.0,1274.0,1545.0,1428.0,1528.0,1177.0,1158.0,1103.0,1166.0,1048.0,1013.0,1080.0,1156.0,1087.0,1046.0,1119.0,1093.0,1006.0,1076.0,839.0,1007.0,1015.0,1051.0,1036.0,1112.0,1146.0,1159.0,1272.0,1321.0,1216.0,1563.0,1210.0,1239.0,1339.0,1540.0,1441.0,1424.0,1376.0,1405.0,1257.0,1175.0,1148.0,906.0,924.0,831.0,653.0,501.0,394.0,376.0,265.0,253.0,326.0,290.0,242.0,228.0,174.0,173.0,147.0
2019/10/18,184.0,83.0,71.0,96.0,37.0,40.0,51.0,78.0,67.0,15.0,27.0,41.0,42.0,37.0,56.0,57.0,36.0,20.0,57.0,36.0,55.0,103.0,123.0,183.0,289.0,335.0,539.0,661.0,876.0,1229.0,1385.0,1382.0,1357.0,1200.0,1188.0,1316.0,1329.0,1324.0,1212.0,1054.0,1207.0,950.0,988.0,1136.0,1146.0,1105.0,1097.0,1171.0,1093.0,1001.0,1076.0,1113.0,1224.0,1408.0,1493.0,1342.0,1369.0,1559.0,1377.0,1319.0,1449.0,987.0,1137.0,1198.0,1277.0,1253.0,1102.0,1073.0,999.0,1069.0,1072.0,1059.0,1040.0,977.0,970.0,888.0,1060.0,905.0,831.0,966.0,1031.0,955.0,1060.0,1069.0,830.0,628.0,356.0,357.0,315.0,304.0,268.0,281.0,254.0,184.0,218.0,230.0
2019/10/19,237.0,229.0,179.0,174.0,151.0,153.0,139.0,108.0,124.0,131.0,91.0,104.0,65.0,88.0,64.0,64.0,84.0,75.0,51.0,58.0,105.0,107.0,105.0,123.0,100.0,113.0,112.0,163.0,174.0,168.0,224.0,242.0,345.0,323.0,332.0,370.0,528.0,558.0,606.0,632.0,688.0,805.0,826.0,921.0,1103.0,959.0,964.0,1046.0,849.0,902.0,1080.0,1072.0,1095.0,1100.0,914.0,909.0,781.0,519.0,573.0,525.0,431.0,472.0,417.0,463.0,507.0,546.0,673.0,658.0,650.0,748.0,821.0,836.0,855.0,886.0,751.0,935.0,819.0,862.0,945.0,929.0,931.0,952.0,946.0,686.0,659.0,604.0,326.0,420.0,243.0,315.0,329.0,274.0,269.0,286.0,246.0,188.0
2019/10/20,148.0,142.0,209.0,213.0,137.0,196.0,117.0,146.0,138.0,128.0,160.0,132.0,94.0,60.0,106.0,72.0,86.0,59.0,42.0,71.0,73.0,100.0,83.0,80.0,100.0,94.0,71.0,135.0,182.0,222.0,171.0,129.0,176.0,155.0,253.0,315.0,321.0,385.0,418.0,443.0,582.0,548.0,613.0,576.0,876.0,909.0,934.0,852.0,930.0,940.0,862.0,945.0,1074.0,1216.0,1172.0,936.0,599.0,576.0,396.0,419.0,325.0,421.0,542.0,499.0,516.0,544.0,640.0,623.0,730.0,719.0,694.0,603.0,745.0,789.0,832.0,820.0,792.0,690.0,794.0,794.0,737.0,506.0,504.0,474.0,395.0,300.0,290.0,205.0,173.0,198.0,150.0,131.0,138.0,109.0,132.0,69.0
2019/10/21,53.0,52.0,28.0,34.0,23.0,34.0,22.0,22.0,24.0,22.0,36.0,11.0,9.0,10.0,19.0,16.0,32.0,57.0,27.0,47.0,21.0,111.0,135.0,199.0,265.0,327.0,547.0,670.0,980.0,1135.0,1359.0,1399.0,1435.0,1260.0,1059.0,1021.0,1444.0,1125.0,915.0,1137.0,945.0,1014.0,998.0,1033.0,1022.0,1089.0,1040.0,1016.0,976.0,1103.0,955.0,936.0,971.0,1141.0,1035.0,836.0,882.0,849.0,943.0,960.0,1054.0,967.0,1131.0,1001.0,1271.0,1253.0,1207.0,1241.0,1267.0,1380.0,1435.0,1383.0,1613.0,1510.0,1422.0,1312.0,1345.0,1093.0,990.0,910.0,760.0,710.0,663.0,490.0,450.0,330.0,272.0,274.0,200.0,193.0,159.0,111.0,108.0,80.0,93.0,90.0
2019/10/22,47.0,59.0,42.0,36.0,44.0,22.0,33.0,47.0,23.0,13.0,18.0,23.0,24.0,12.0,21.0,39.0,27.0,44.0,17.0,45.0,40.0,123.0,110.0,187.0,274.0,357.0,568.0,642.0,997.0,1101.0,1183.0,1358.0,1361.0,1292.0,1349.0,1245.0,1276.0,1163.0,1188.0,1044.0,1062.0,1036.0,1028.0,1108.0,1121.0,919.0,968.0,1154.0,1090.0,982.0,931.0,1049.0,1114.0,1119.0,1014.0,969.0,846.0,858.0,858.0,1012.0,984.0,939.0,1045.0,1030.0,1389.0,1176.0,1166.0,1286.0,1219.0,1399.0,1333.0,1193.0,1379.0,1405.0,1390.0,1362.0,1380.0,1374.0,1275.0,995.0,859.0,613.0,645.0,615.0,450.0,369.0,351.0,211.0,163.0,224.0,206.0,105.0,194.0,82.0,99.0,127.0
2019/10/23,94.0,96.0,30.0,59.0,48.0,31.0,32.0,14.0,20.0,13.0,62.0,34.0,12.0,21.0,38.0,35.0,41.0,21.0,39.0,39.0,76.0,120.0,122.0,166.0,228.0,416.0,472.0,643.0,923.0,1130.0,1221.0,1366.0,1194.0,1254.0,1271.0,1192.0,1241.0,1256.0,1059.0,1079.0,1004.0,1030.0,1075.0,1114.0,1123.0,1117.0,1093.0,1113.0,1007.0,965.0,1056.0,985.0,1152.0,1066.0,1059.0,992.0,986.0,941.0,934.0,1047.0,1008.0,1074.0,1113.0,1298.0,1091.0,1096.0,1329.0,1187.0,1258.0,1373.0,1433.0,1468.0,1497.0,1584.0,1336.0,1462.0,1408.0,1062.0,1143.0,1047.0,949.0,760.0,778.0,640.0,564.0,372.0,289.0,275.0,259.0,269.0,177.0,130.0,163.0,130.0,125.0,121.0
2019/10/24,92.0,129.0,59.0,50.0,40.0,54.0,27.0,84.0,51.0,24.0,45.0,35.0,18.0,18.0,41.0,33.0,29.0,49.0,20.0,14.0,87.0,172.0,109.0,188.0,299.0,388.0,504.0,651.0,1004.0,1126.0,1163.0,1489.0,1358.0,1282.0,1270.0,1454.0,1315.0,1109.0,1139.0,996.0,1151.0,1015.0,1057.0,1116.0,1119.0,1011.0,1064.0,1075.0,994.0,1064.0,1171.0,1036.0,1105.0,1066.0,1087.0,983.0,901.0,895.0,910.0,1103.0,1064.0,1092.0,1197.0,1117.0,1235.0,1229.0,1319.0,1296.0,1451.0,1525.0,1494.0,1492.0,1275.0,1496.0,1401.0,1374.0,1423.0,1173.0,1167.0,1249.0,1058.0,903.0,855.0,622.0,473.0,413.0,424.0,300.0,267.0,224.0,243.0,257.0,169.0,184.0,203.0,146.0
2019/10/25,146.0,147.0,65.0,81.0,65.0,63.0,71.0,50.0,96.0,36.0,52.0,60.0,39.0,32.0,18.0,59.0,28.0,38.0,20.0,40.0,43.0,108.0,122.0,143.0,233.0,389.0,428.0,693.0,965.0,1187.0,1265.0,1399.0,1407.0,1139.0,1247.0,1182.0,970.0,1016.0,926.0,1049.0,989.0,1058.0,977.0,1075.0,1016.0,964.0,896.0,1061.0,1127.0,1018.0,1153.0,1171.0,1148.0,1454.0,1612.0,1598.0,1473.0,1410.0,1317.0,1286.0,1467.0,1469.0,1488.0,1423.0,1404.0,1293.0,1150.0,1067.0,1006.0,1057.0,1088.0,1075.0,1090.0,1061.0,1219.0,1035.0,1003.0,1011.0,903.0,1006.0,1057.0,1078.0,1105.0,1001.0,872.0,618.0,429.0,262.0,372.0,342.0,326.0,235.0,259.0,228.0,263.0,245.0
2019/10/26,273.0,181.0,183.0,196.0,171.0,198.0,177.0,123.0,167.0,114.0,175.0,102.0,89.0,94.0,68.0,104.0,67.0,63.0,98.0,89.0,103.0,129.0,105.0,96.0,131.0,125.0,122.0,147.0,115.0,158.0,211.0,288.0,362.0,288.0,416.0,460.0,596.0,589.0,656.0,585.0,799.0,869.0,881.0,1001.0,962.0,1064.0,1041.0,969.0,1031.0,1112.0,1087.0,1059.0,1128.0,991.0,1095.0,905.0,705.0,567.0,471.0,424.0,390.0,423.0,457.0,488.0,483.0,612.0,617.0,639.0,724.0,662.0,816.0,859.0,807.0,944.0,868.0,862.0,807.0,799.0,842.0,864.0,889.0,913.0,954.0,866.0,704.0,504.0,465.0,326.0,389.0,249.0,205.0,216.0,262.0,195.0,214.0,146.0
2019/10/27,205.0,245.0,183.0,181.0,231.0,143.0,145.0,143.0,142.0,141.0,141.0,140.0,139.0,68.0,119.0,65.0,51.0,71.0,87.0,81.0,55.0,59.0,65.0,133.0,62.0,83.0,65.0,64.0,70.0,62.0,91.0,117.0,129.0,152.0,152.0,131.0,272.0,257.0,262.0,363.0,484.0,395.0,508.0,701.0,737.0,633.0,816.0,797.0,1009.0,902.0,1008.0,842.0,1012.0,945.0,964.0,947.0,999.0,1049.0,868.0,757.0,615.0,524.0,363.0,398.0,388.0,373.0,498.0,483.0,594.0,672.0,618.0,702.0,843.0,731.0,807.0,747.0,766.0,700.0,776.0,826.0,714.0,722.0,666.0,612.0,520.0,488.0,446.0,382.0,441.0,335.0,285.0,206.0,211.0,145.0,156.0,129.0
2019/10/28,136.0,85.0,79.0,61.0,50.0,31.0,48.0,45.0,19.0,34.0,24.0,26.0,26.0,18.0,38.0,13.0,13.0,23.0,24.0,20.0,31.0,15.0,19.0,32.0,58.0,130.0,138.0,168.0,268.0,344.0,574.0,751.0,985.0,1225.0,1346.0,1530.0,1335.0,1207.0,1156.0,1285.0,1148.0,1089.0,1126.0,1112.0,959.0,1001.0,968.0,961.0,1079.0,1065.0,875.0,1150.0,1015.0,1021.0,971.0,1093.0,1065.0,1084.0,1055.0,897.0,881.0,839.0,844.0,877.0,848.0,986.0,942.0,1078.0,1183.0,995.0,1327.0,1220.0,1321.0,1333.0,1375.0,1432.0,1438.0,1432.0,1475.0,1412.0,1302.0,1255.0,959.0,818.0,890.0,585.0,600.0,598.0,416.0,365.0,315.0,214.0,259.0,197.0,156.0,105.0
2019/10/29,105.0,88.0,74.0,88.0,71.0,41.0,26.0,17.0,27.0,31.0,13.0,19.0,28.0,11.0,18.0,29.0,12.0,11.0,38.0,43.0,23.0,16.0,28.0,44.0,80.0,109.0,135.0,205.0,259.0,386.0,557.0,661.0,1120.0,1102.0,1350.0,1571.0,1397.0,1332.0,1204.0,1316.0,1310.0,1240.0,1153.0,1128.0,1107.0,1169.0,1049.0,1081.0,1014.0,1093.0,999.0,1010.0,973.0,1037.0,985.0,1041.0,1002.0,1135.0,1150.0,884.0,949.0,802.0,878.0,1026.0,1084.0,974.0,1035.0,1114.0,1251.0,1227.0,1327.0,1256.0,1444.0,1510.0,1357.0,1398.0,1488.0,1487.0,1554.0,1330.0,1473.0,1256.0,1072.0,943.0,833.0,737.0,642.0,557.0,426.0,384.0,341.0,223.0,195.0,243.0,176.0,135.0
2019/10/30,170.0,126.0,139.0,89.0,74.0,66.0,70.0,48.0,30.0,28.0,23.0,33.0,28.0,1.0,31.0,36.0,0.0,7.0,14.0,19.0,33.0,35.0,23.0,29.0,76.0,85.0,113.0,145.0,274.0,375.0,555.0,711.0,982.0,1312.0,1368.0,1446.0,1429.0,1007.0,971.0,1189.0,1070.0,1206.0,954.0,1096.0,1096.0,1019.0,1077.0,1049.0,1115.0,1001.0,1005.0,979.0,1063.0,1099.0,1060.0,1122.0,1213.0,1206.0,1205.0,934.0,1026.0,966.0,934.0,998.0,965.0,1080.0,1055.0,1235.0,1170.0,1359.0,1199.0,1140.0,1361.0,1388.0,1429.0,1404.0,1355.0,1346.0,1153.0,1259.0,998.0,1451.0,1162.0,1207.0,1196.0,1058.0,747.0,625.0,510.0,458.0,347.0,260.0,256.0,334.0,286.0,335.0
2019/10/31,304.0,248.0,129.0,129.0,141.0,158.0,82.0,135.0,54.0,74.0,26.0,61.0,55.0,13.0,49.0,14.0,34.0,42.0,25.0,42.0,12.0,41.0,41.0,28.0,49.0,103.0,176.0,155.0,252.0,365.0,554.0,607.0,951.0,965.0,1153.0,1060.0,1184.0,1213.0,1060.0,1072.0,1278.0,1070.0,1068.0,1115.0,1129.0,1159.0,1126.0,1248.0,1085.0,1137.0,1120.0,1109.0,1163.0,1196.0,1032.0,1138.0,1162.0,1162.0,1186.0,1133.0,1013.0,779.0,818.0,864.0,890.0,865.0,892.0,948.0,973.0,1084.0,1188.0,1068.0,1318.0,1418.0,1452.0,1402.0,1432.0,1290.0,1177.0,1405.0,1087.0,948.0,975.0,777.0,836.0,741.0,794.0,851.0,651.0,535.0,460.0,319.0,302.0,297.0,241.0,247.0
2019/11/01,193.0,259.0,205.0,184.0,147.0,207.0,158.0,129.0,111.0,143.0,125.0,130.0,70.0,95.0,120.0,99.0,114.0,154.0,70.0,97.0,71.0,50.0,55.0,63.0,68.0,99.0,92.0,92.0,90.0,128.0,128.0,139.0,149.0,125.0,167.0,200.0,186.0,191.0,270.0,324.0,383.0,354.0,371.0,408.0,462.0,592.0,704.0,624.0,737.0,802.0,709.0,739.0,760.0,650.0,710.0,675.0,874.0,835.0,671.0,641.0,491.0,430.0,371.0,354.0,316.0,310.0,302.0,317.0,464.0,355.0,492.0,419.0,510.0,441.0,584.0,667.0,670.0,636.0,551.0,655.0,601.0,617.0,578.0,579.0,541.0,628.0,599.0,475.0,459.0,336.0,227.0,204.0,197.0,159.0,189.0,156.0
2019/11/02,155.0,143.0,153.0,187.0,169.0,119.0,112.0,119.0,96.0,110.0,79.0,56.0,98.0,57.0,72.0,74.0,53.0,44.0,102.0,65.0,65.0,47.0,42.0,49.0,54.0,115.0,60.0,104.0,107.0,113.0,85.0,114.0,98.0,136.0,133.0,169.0,212.0,302.0,325.0,391.0,411.0,462.0,526.0,508.0,677.0,686.0,814.0,644.0,848.0,734.0,906.0,867.0,835.0,820.0,927.0,851.0,991.0,894.0,739.0,554.0,575.0,345.0,420.0,337.0,379.0,345.0,394.0,461.0,510.0,464.0,427.0,592.0,645.0,607.0,716.0,671.0,813.0,721.0,816.0,831.0,793.0,846.0,1038.0,952.0,747.0,646.0,700.0,518.0,480.0,435.0,277.0,235.0,208.0,328.0,316.0,257.0
2019/11/03,273.0,236.0,194.0,215.0,170.0,179.0,183.0,95.0,99.0,172.0,48.0,87.0,96.0,117.0,103.0,74.0,48.0,49.0,82.0,48.0,41.0,86.0,40.0,69.0,67.0,87.0,103.0,74.0,100.0,86.0,84.0,104.0,126.0,91.0,109.0,144.0,145.0,119.0,212.0,234.0,304.0,350.0,337.0,487.0,524.0,523.0,640.0,669.0,850.0,732.0,788.0,834.0,862.0,753.0,899.0,922.0,963.0,877.0,945.0,716.0,631.0,523.0,437.0,417.0,394.0,384.0,375.0,498.0,406.0,507.0,556.0,579.0,616.0,724.0,715.0,731.0,614.0,677.0,647.0,655.0,573.0,621.0,602.0,658.0,561.0,561.0,439.0,432.0,383.0,284.0,221.0,278.0,244.0,206.0,140.0,129.0
2019/11/04,93.0,117.0,100.0,68.0,49.0,65.0,60.0,55.0,37.0,18.0,8.0,20.0,14.0,5.0,30.0,19.0,33.0,11.0,7.0,31.0,14.0,46.0,42.0,34.0,46.0,128.0,142.0,194.0,300.0,327.0,463.0,691.0,886.0,1231.0,1292.0,1619.0,1300.0,1212.0,1416.0,1158.0,1183.0,1075.0,1130.0,1019.0,1028.0,957.0,900.0,944.0,1052.0,963.0,969.0,1029.0,1214.0,1025.0,953.0,997.0,1150.0,1001.0,1049.0,992.0,915.0,837.0,924.0,957.0,921.0,920.0,983.0,1106.0,1205.0,1185.0,1084.0,1217.0,1296.0,1347.0,1505.0,1385.0,1442.0,1432.0,1424.0,1343.0,1296.0,1310.0,1062.0,855.0,816.0,567.0,626.0,450.0,420.0,378.0,271.0,232.0,202.0,226.0,182.0,117.0
2019/11/05,105.0,77.0,37.0,81.0,72.0,60.0,79.0,62.0,19.0,37.0,19.0,21.0,24.0,20.0,23.0,6.0,4.0,14.0,19.0,25.0,26.0,43.0,27.0,36.0,36.0,120.0,132.0,220.0,324.0,328.0,590.0,626.0,1118.0,1249.0,1394.0,1213.0,1538.0,1327.0,1467.0,1276.0,1444.0,1106.0,1104.0,1105.0,1127.0,1038.0,1072.0,1138.0,1149.0,1122.0,1012.0,1163.0,1100.0,995.0,1092.0,1050.0,1073.0,1057.0,1025.0,862.0,1058.0,849.0,860.0,1017.0,1033.0,985.0,1051.0,1056.0,1255.0,1115.0,1210.0,1271.0,1253.0,1253.0,1215.0,1389.0,1500.0,1429.0,1382.0,1354.0,1437.0,1437.0,1056.0,1020.0,933.0,759.0,750.0,429.0,417.0,353.0,259.0,223.0,228.0,237.0,163.0,93.0
2019/11/06,150.0,137.0,78.0,99.0,54.0,55.0,31.0,46.0,46.0,27.0,39.0,40.0,22.0,33.0,24.0,7.0,27.0,15.0,15.0,26.0,26.0,41.0,27.0,20.0,39.0,116.0,167.0,197.0,281.0,417.0,617.0,686.0,982.0,1206.0,1213.0,1239.0,1437.0,1233.0,1379.0,1272.0,1199.0,1193.0,1121.0,1096.0,1161.0,1081.0,969.0,1157.0,1042.0,903.0,1168.0,1034.0,1068.0,980.0,964.0,1013.0,1178.0,1157.0,1233.0,1301.0,1163.0,1290.0,1168.0,1429.0,1314.0,1424.0,1273.0,1270.0,1118.0,1083.0,1158.0,1068.0,1313.0,1270.0,1395.0,1313.0,1409.0,1191.0,1399.0,995.0,1309.0,1264.0,1259.0,1117.0,1029.0,831.0,662.0,570.0,428.0,412.0,287.0,259.0,331.0,285.0,400.0,183.0
2019/11/07,146.0,134.0,161.0,139.0,74.0,61.0,77.0,54.0,26.0,47.0,32.0,19.0,20.0,25.0,38.0,20.0,12.0,17.0,24.0,32.0,22.0,34.0,34.0,24.0,52.0,96.0,147.0,239.0,319.0,387.0,428.0,606.0,1033.0,1088.0,1421.0,1398.0,1169.0,1444.0,1439.0,1359.0,1262.0,1120.0,1178.0,1139.0,918.0,1008.0,1049.0,1026.0,1139.0,1149.0,1088.0,1149.0,1016.0,1010.0,1037.0,1088.0,1044.0,1123.0,1211.0,875.0,789.0,957.0,886.0,966.0,1061.0,964.0,1100.0,1053.0,1245.0,1244.0,1285.0,1352.0,1424.0,1357.0,1441.0,1446.0,1588.0,1354.0,1348.0,1432.0,1281.0,1236.0,1139.0,1042.0,1019.0,959.0,861.0,804.0,519.0,484.0,361.0,325.0,297.0,224.0,203.0,179.0
2019/11/08,206.0,178.0,129.0,159.0,118.0,103.0,89.0,50.0,76.0,69.0,59.0,36.0,60.0,32.0,41.0,21.0,31.0,44.0,29.0,92.0,32.0,39.0,47.0,52.0,45.0,123.0,114.0,181.0,233.0,314.0,459.0,682.0,934.0,1146.0,1466.0,1466.0,1390.0,1338.0,1372.0,1342.0,1155.0,1050.0,944.0,995.0,1073.0,1017.0,1042.0,1175.0,1150.0,1044.0,1019.0,1056.0,1115.0,1076.0,1087.0,1184.0,1291.0,1336.0,1383.0,1507.0,1352.0,1484.0,1331.0,1590.0,1444.0,1265.0,1466.0,1411.0,1541.0,1360.0,1001.0,1261.0,1190.0,1115.0,1272.0,1166.0,1169.0,1215.0,1099.0,973.0,1123.0,1029.0,980.0,1063.0,1058.0,1127.0,1244.0,1095.0,852.0,659.0,460.0,286.0,326.0,292.0,261.0,244.0
2019/11/09,228.0,235.0,244.0,207.0,224.0,223.0,220.0,209.0,158.0,164.0,214.0,192.0,181.0,122.0,120.0,83.0,100.0,76.0,64.0,107.0,133.0,83.0,52.0,89.0,65.0,111.0,124.0,95.0,75.0,102.0,97.0,163.0,98.0,123.0,124.0,240.0,290.0,250.0,290.0,404.0,467.0,563.0,507.0,670.0,738.0,617.0,708.0,860.0,927.0,1004.0,1047.0,1079.0,974.0,1041.0,1022.0,1125.0,1229.0,1190.0,1083.0,895.0,890.0,672.0,483.0,372.0,402.0,388.0,512.0,466.0,539.0,549.0,635.0,790.0,771.0,766.0,812.0,917.0,884.0,840.0,728.0,832.0,882.0,794.0,875.0,957.0,882.0,877.0,949.0,743.0,710.0,527.0,400.0,310.0,274.0,273.0,305.0,195.0
2019/11/10,228.0,250.0,222.0,270.0,214.0,214.0,173.0,199.0,180.0,136.0,171.0,119.0,99.0,42.0,86.0,132.0,79.0,100.0,73.0,60.0,55.0,76.0,60.0,93.0,66.0,103.0,103.0,87.0,91.0,103.0,104.0,206.0,127.0,118.0,158.0,119.0,148.0,184.0,340.0,373.0,443.0,438.0,520.0,734.0,713.0,646.0,845.0,885.0,874.0,915.0,1014.0,1103.0,1062.0,985.0,1136.0,1123.0,1182.0,1080.0,1099.0,977.0,775.0,629.0,476.0,522.0,486.0,408.0,508.0,675.0,676.0,618.0,730.0,771.0,809.0,828.0,941.0,830.0,755.0,819.0,767.0,822.0,908.0,729.0,705.0,560.0,594.0,446.0,453.0,420.0,414.0,306.0,204.0,194.0,135.0,236.0,146.0,167.0
2019/11/11,138.0,150.0,111.0,126.0,63.0,44.0,40.0,43.0,41.0,21.0,14.0,34.0,33.0,28.0,32.0,36.0,7.0,32.0,17.0,24.0,19.0,29.0,35.0,48.0,49.0,96.0,131.0,244.0,297.0,334.0,521.0,664.0,940.0,1325.0,1315.0,1430.0,1363.0,1156.0,1151.0,1133.0,1153.0,1019.0,1034.0,1164.0,1029.0,841.0,1056.0,1042.0,988.0,950.0,1104.0,1110.0,980.0,1089.0,974.0,1020.0,975.0,953.0,1144.0,867.0,798.0,748.0,938.0,902.0,1048.0,1017.0,987.0,1022.0,1072.0,1244.0,1221.0,1292.0,1257.0,1275.0,1519.0,1455.0,1377.0,1546.0,1460.0,1281.0,1340.0,1090.0,935.0,777.0,737.0,666.0,675.0,476.0,291.0,363.0,305.0,216.0,203.0,279.0,163.0,133.0
2019/11/12,134.0,79.0,117.0,42.0,58.0,29.0,23.0,34.0,21.0,25.0,12.0,18.0,24.0,27.0,32.0,26.0,19.0,22.0,20.0,25.0,66.0,41.0,34.0,32.0,60.0,109.0,121.0,160.0,275.0,389.0,519.0,733.0,914.0,1355.0,1347.0,1414.0,1206.0,1395.0,1297.0,1420.0,1377.0,1074.0,954.0,1109.0,1096.0,1062.0,1098.0,1032.0,992.0,1039.0,1085.0,997.0,995.0,928.0,1084.0,977.0,1113.0,1022.0,1026.0,947.0,906.0,782.0,817.0,1020.0,1113.0,1036.0,1003.0,1078.0,1204.0,1118.0,1281.0,1227.0,1374.0,1432.0,1390.0,1307.0,1352.0,1294.0,1356.0,1436.0,1405.0,1232.0,966.0,946.0,814.0,733.0,594.0,573.0,412.0,327.0,347.0,269.0,257.0,185.0,125.0,185.0
2019/11/13,178.0,128.0,133.0,79.0,57.0,39.0,35.0,34.0,48.0,30.0,35.0,19.0,25.0,18.0,24.0,20.0,24.0,15.0,16.0,22.0,47.0,17.0,44.0,25.0,41.0,100.0,103.0,164.0,310.0,384.0,491.0,640.0,927.0,1227.0,1324.0,1555.0,1297.0,1349.0,1320.0,1161.0,1238.0,1237.0,1102.0,1055.0,1024.0,1053.0,1068.0,1203.0,1013.0,1111.0,977.0,1152.0,1055.0,941.0,973.0,1081.0,1143.0,1100.0,1202.0,1012.0,835.0,917.0,928.0,888.0,970.0,979.0,1144.0,1305.0,1240.0,1317.0,1230.0,1284.0,1349.0,1525.0,1459.0,1481.0,1375.0,1222.0,1318.0,1320.0,1332.0,1172.0,957.0,992.0,870.0,775.0,712.0,473.0,467.0,365.0,264.0,232.0,223.0,238.0,218.0,177.0
2019/11/14,172.0,173.0,138.0,113.0,98.0,106.0,91.0,64.0,41.0,32.0,30.0,33.0,33.0,24.0,31.0,29.0,19.0,11.0,7.0,34.0,32.0,28.0,47.0,17.0,51.0,111.0,110.0,195.0,279.0,334.0,535.0,639.0,1003.0,1215.0,1246.0,1485.0,1141.0,1331.0,1296.0,1421.0,1403.0,1248.0,1071.0,1177.0,1127.0,1057.0,1125.0,1217.0,1168.0,1077.0,1016.0,1052.0,1185.0,989.0,1055.0,1161.0,981.0,998.0,1093.0,887.0,963.0,805.0,989.0,1149.0,1085.0,1085.0,1151.0,1006.0,1122.0,1345.0,1227.0,1214.0,1205.0,1382.0,1288.0,1297.0,1113.0,1133.0,1444.0,1351.0,1251.0,1340.0,1149.0,1105.0,937.0,953.0,748.0,666.0,464.0,462.0,405.0,355.0,227.0,224.0,211.0,154.0
2019/11/15,202.0,196.0,149.0,104.0,140.0,127.0,93.0,100.0,54.0,63.0,44.0,26.0,60.0,31.0,41.0,47.0,10.0,27.0,41.0,31.0,32.0,79.0,54.0,49.0,49.0,106.0,138.0,213.0,234.0,302.0,432.0,681.0,976.0,1180.0,1364.0,1435.0,1436.0,1435.0,1373.0,1410.0,1308.0,1162.0,980.0,1030.0,984.0,1075.0,988.0,1156.0,1179.0,1029.0,1020.0,1093.0,1205.0,1123.0,1162.0,1153.0,1227.0,1271.0,1445.0,1481.0,1582.0,1449.0,1463.0,1708.0,1632.0,1297.0,1377.0,1225.0,1465.0,1411.0,1313.0,1300.0,1336.0,1161.0,1170.0,1175.0,1045.0,1237.0,1241.0,1005.0,982.0,933.0,956.0,960.0,993.0,1150.0,1058.0,845.0,808.0,601.0,385.0,366.0,321.0,306.0,200.0,209.0
2019/11/16,257.0,248.0,210.0,220.0,291.0,162.0,206.0,142.0,189.0,117.0,142.0,128.0,162.0,147.0,138.0,85.0,118.0,80.0,99.0,46.0,61.0,51.0,66.0,60.0,76.0,125.0,127.0,79.0,127.0,110.0,119.0,150.0,225.0,224.0,320.0,311.0,407.0,392.0,488.0,616.0,680.0,739.0,688.0,820.0,768.0,966.0,894.0,936.0,1099.0,1116.0,1049.0,1201.0,1134.0,1088.0,1240.0,1103.0,1126.0,1069.0,1074.0,943.0,660.0,687.0,537.0,483.0,440.0,392.0,402.0,509.0,587.0,507.0,613.0,705.0,773.0,760.0,815.0,763.0,860.0,878.0,734.0,831.0,861.0,924.0,833.0,936.0,909.0,995.0,790.0,743.0,585.0,525.0,323.0,290.0,266.0,307.0,223.0,222.0
2019/11/17,203.0,263.0,234.0,222.0,193.0,185.0,199.0,190.0,148.0,162.0,198.0,146.0,131.0,159.0,96.0,98.0,94.0,63.0,85.0,77.0,77.0,66.0,83.0,44.0,50.0,101.0,93.0,105.0,81.0,85.0,68.0,83.0,107.0,149.0,207.0,133.0,80.0,60.0,176.0,293.0,461.0,420.0,422.0,535.0,666.0,674.0,743.0,899.0,809.0,800.0,808.0,953.0,1029.0,928.0,1069.0,1126.0,1205.0,1109.0,1078.0,916.0,732.0,502.0,455.0,396.0,447.0,443.0,481.0,410.0,581.0,467.0,667.0,587.0,717.0,809.0,880.0,723.0,815.0,716.0,635.0,735.0,674.0,653.0,659.0,633.0,685.0,529.0,480.0,286.0,406.0,287.0,300.0,210.0,183.0,173.0,172.0,128.0
2019/11/18,147.0,67.0,74.0,101.0,56.0,30.0,24.0,32.0,9.0,27.0,12.0,26.0,28.0,6.0,23.0,14.0,14.0,6.0,29.0,38.0,6.0,38.0,40.0,40.0,31.0,107.0,151.0,194.0,253.0,337.0,455.0,715.0,979.0,1261.0,1282.0,1453.0,1156.0,1388.0,1117.0,1185.0,1299.0,1072.0,1079.0,1125.0,1106.0,1095.0,1038.0,991.0,1039.0,982.0,1189.0,1092.0,1038.0,1055.0,907.0,890.0,950.0,1015.0,1045.0,925.0,946.0,804.0,889.0,928.0,865.0,908.0,878.0,926.0,1331.0,1168.0,1139.0,1146.0,1349.0,1194.0,1295.0,1415.0,1377.0,1348.0,1456.0,1286.0,1042.0,906.0,907.0,831.0,794.0,666.0,611.0,454.0,381.0,287.0,243.0,249.0,284.0,195.0,175.0,114.0
2019/11/19,136.0,103.0,96.0,87.0,92.0,54.0,22.0,33.0,28.0,26.0,23.0,40.0,25.0,10.0,15.0,17.0,16.0,0.0,26.0,45.0,15.0,26.0,61.0,38.0,60.0,94.0,140.0,215.0,291.0,274.0,520.0,668.0,976.0,1188.0,1409.0,1121.0,1029.0,1158.0,1452.0,1385.0,1419.0,1217.0,885.0,1100.0,1120.0,1083.0,1061.0,1021.0,1241.0,1015.0,998.0,1068.0,1085.0,833.0,989.0,1160.0,1182.0,1123.0,1020.0,962.0,936.0,816.0,857.0,911.0,985.0,1029.0,1101.0,1105.0,1092.0,1140.0,1121.0,1340.0,1212.0,1307.0,1422.0,1528.0,1535.0,1451.0,1497.0,1422.0,1269.0,1184.0,890.0,822.0,766.0,714.0,664.0,498.0,395.0,445.0,265.0,230.0,245.0,251.0,205.0,119.0
2019/11/20,175.0,97.0,131.0,56.0,85.0,71.0,53.0,37.0,31.0,14.0,32.0,31.0,33.0,12.0,33.0,8.0,11.0,12.0,16.0,20.0,16.0,52.0,27.0,27.0,63.0,115.0,123.0,176.0,289.0,323.0,499.0,731.0,808.0,1309.0,1365.0,1397.0,1319.0,1210.0,1279.0,1193.0,1225.0,1191.0,1011.0,1003.0,1123.0,1139.0,1098.0,1054.0,1148.0,1055.0,1119.0,1094.0,965.0,1038.0,1061.0,1016.0,1051.0,1175.0,1126.0,1090.0,990.0,897.0,1016.0,1053.0,987.0,1158.0,1138.0,1289.0,1354.0,1125.0,1209.0,1045.0,1015.0,1059.0,904.0,1244.0,1360.0,1198.0,1453.0,1398.0,1256.0,1296.0,1231.0,1264.0,1093.0,858.0,731.0,588.0,397.0,428.0,278.0,242.0,247.0,231.0,185.0,168.0
2019/11/21,126.0,169.0,169.0,133.0,119.0,94.0,93.0,61.0,29.0,26.0,24.0,27.0,14.0,2.0,33.0,33.0,47.0,23.0,33.0,8.0,16.0,30.0,14.0,37.0,85.0,136.0,95.0,186.0,287.0,351.0,468.0,778.0,858.0,1193.0,1199.0,1069.0,1145.0,1203.0,1288.0,1202.0,1379.0,1368.0,1152.0,1223.0,1114.0,1164.0,1126.0,1078.0,1147.0,1016.0,1250.0,1023.0,1006.0,925.0,880.0,970.0,1019.0,1169.0,1090.0,1104.0,947.0,888.0,956.0,993.0,1017.0,997.0,1135.0,971.0,1289.0,1231.0,1285.0,1214.0,1237.0,1254.0,1299.0,1051.0,1223.0,1385.0,1339.0,1363.0,1324.0,1211.0,1114.0,1201.0,1121.0,1031.0,733.0,621.0,495.0,382.0,332.0,325.0,296.0,341.0,187.0,165.0
2019/11/22,200.0,178.0,213.0,181.0,122.0,116.0,60.0,79.0,78.0,61.0,65.0,47.0,50.0,30.0,34.0,68.0,18.0,27.0,51.0,44.0,43.0,70.0,58.0,39.0,65.0,121.0,152.0,195.0,316.0,293.0,418.0,749.0,842.0,1174.0,1194.0,1122.0,1180.0,927.0,1286.0,1310.0,1202.0,1115.0,1314.0,1279.0,1329.0,1049.0,1019.0,1205.0,1069.0,1096.0,1198.0,1097.0,1163.0,1177.0,912.0,1218.0,1372.0,1349.0,1565.0,1420.0,1335.0,1307.0,1367.0,1435.0,1584.0,1435.0,1475.0,1415.0,1414.0,1460.0,1335.0,1140.0,1166.0,1287.0,1078.0,1182.0,1147.0,1050.0,1016.0,1019.0,1060.0,967.0,1093.0,1014.0,1127.0,1064.0,1144.0,875.0,708.0,573.0,418.0,377.0,324.0,316.0,298.0,276.0
2019/11/23,203.0,222.0,250.0,235.0,243.0,200.0,207.0,178.0,158.0,147.0,166.0,149.0,105.0,100.0,116.0,158.0,111.0,76.0,120.0,82.0,113.0,69.0,55.0,88.0,128.0,138.0,164.0,111.0,109.0,133.0,125.0,124.0,208.0,179.0,257.0,312.0,357.0,340.0,445.0,596.0,667.0,649.0,689.0,730.0,839.0,1074.0,1029.0,924.0,987.0,1065.0,1084.0,1132.0,1041.0,1179.0,1216.0,1041.0,1210.0,1105.0,1188.0,858.0,807.0,645.0,620.0,445.0,475.0,569.0,485.0,565.0,680.0,653.0,727.0,691.0,767.0,864.0,970.0,981.0,1076.0,1027.0,985.0,1066.0,1074.0,1147.0,1318.0,1138.0,1184.0,967.0,831.0,745.0,591.0,568.0,466.0,366.0,333.0,358.0,409.0,279.0
2019/11/24,260.0,270.0,233.0,213.0,245.0,289.0,195.0,184.0,228.0,153.0,145.0,151.0,151.0,131.0,134.0,147.0,119.0,85.0,74.0,79.0,86.0,96.0,83.0,89.0,51.0,86.0,76.0,118.0,95.0,107.0,118.0,156.0,131.0,199.0,221.0,161.0,187.0,250.0,322.0,423.0,357.0,401.0,558.0,529.0,720.0,686.0,788.0,781.0,863.0,867.0,759.0,830.0,864.0,944.0,934.0,900.0,1184.0,1115.0,962.0,1025.0,681.0,622.0,565.0,422.0,369.0,413.0,417.0,519.0,546.0,561.0,665.0,685.0,749.0,748.0,827.0,803.0,805.0,912.0,821.0,753.0,815.0,601.0,677.0,537.0,642.0,476.0,469.0,383.0,448.0,330.0,251.0,223.0,147.0,209.0,173.0,174.0
2019/11/25,139.0,129.0,75.0,67.0,34.0,35.0,44.0,25.0,38.0,35.0,49.0,38.0,27.0,16.0,23.0,30.0,14.0,5.0,13.0,26.0,20.0,26.0,28.0,40.0,55.0,105.0,148.0,203.0,262.0,289.0,492.0,714.0,964.0,1089.0,1315.0,1551.0,1338.0,1373.0,1334.0,1332.0,1165.0,1173.0,1150.0,1054.0,941.0,989.0,959.0,982.0,934.0,1069.0,999.0,1029.0,1020.0,971.0,1096.0,997.0,1033.0,1077.0,1132.0,945.0,923.0,757.0,802.0,1041.0,963.0,1062.0,1062.0,1120.0,1139.0,1251.0,1270.0,1285.0,1399.0,1295.0,1380.0,1418.0,1352.0,1435.0,1357.0,1378.0,1227.0,983.0,922.0,773.0,724.0,720.0,576.0,661.0,366.0,387.0,284.0,229.0,162.0,226.0,151.0,171.0
2019/11/26,142.0,80.0,95.0,91.0,65.0,65.0,37.0,42.0,26.0,27.0,37.0,35.0,40.0,17.0,43.0,14.0,13.0,7.0,31.0,34.0,18.0,55.0,53.0,40.0,39.0,120.0,136.0,179.0,314.0,344.0,469.0,762.0,920.0,1199.0,1310.0,1396.0,1401.0,1309.0,1463.0,1254.0,1288.0,1087.0,1138.0,1147.0,1214.0,1064.0,1039.0,1188.0,1164.0,1087.0,1097.0,1160.0,1009.0,989.0,1052.0,1131.0,1219.0,1135.0,1149.0,1023.0,969.0,670.0,1014.0,907.0,1040.0,1129.0,1149.0,1027.0,1338.0,1068.0,1297.0,1185.0,1279.0,1255.0,1199.0,1135.0,1197.0,1320.0,1004.0,1029.0,1393.0,1044.0,1169.0,1198.0,995.0,768.0,705.0,483.0,445.0,280.0,335.0,263.0,272.0,342.0,370.0,231.0
2019/11/27,192.0,173.0,125.0,105.0,83.0,80.0,54.0,44.0,53.0,35.0,27.0,31.0,47.0,16.0,44.0,37.0,31.0,22.0,10.0,29.0,17.0,35.0,50.0,21.0,39.0,98.0,75.0,183.0,292.0,377.0,523.0,658.0,905.0,1224.0,1424.0,1333.0,1310.0,1280.0,1383.0,1332.0,1287.0,1349.0,1172.0,1333.0,901.0,1066.0,1001.0,1087.0,1130.0,1024.0,1057.0,1059.0,1028.0,1034.0,1174.0,1027.0,1074.0,1240.0,1037.0,1040.0,981.0,917.0,817.0,994.0,1061.0,1127.0,1171.0,1135.0,1276.0,1313.0,1049.0,1428.0,1273.0,1307.0,1364.0,1271.0,1399.0,1173.0,1285.0,1472.0,1265.0,1198.0,1282.0,1227.0,1117.0,837.0,749.0,507.0,482.0,376.0,361.0,217.0,229.0,292.0,196.0,150.0
2019/11/28,162.0,122.0,176.0,90.0,63.0,59.0,81.0,56.0,29.0,63.0,42.0,24.0,28.0,25.0,23.0,27.0,20.0,27.0,9.0,44.0,25.0,31.0,30.0,51.0,66.0,141.0,132.0,198.0,252.0,355.0,509.0,683.0,971.0,1279.0,1314.0,1410.0,1438.0,1303.0,1469.0,1257.0,1320.0,1233.0,1223.0,1141.0,1157.0,1287.0,1160.0,1133.0,1127.0,1002.0,1068.0,1063.0,1107.0,1007.0,1095.0,1058.0,1369.0,1273.0,1221.0,1004.0,1060.0,873.0,869.0,836.0,979.0,1160.0,1184.0,1237.0,1241.0,1228.0,1199.0,1267.0,1270.0,1404.0,1305.0,1423.0,1394.0,1354.0,1173.0,1383.0,1483.0,1339.0,1330.0,1407.0,1034.0,927.0,833.0,686.0,589.0,549.0,353.0,260.0,249.0,270.0,211.0,271.0
2019/11/29,292.0,249.0,215.0,137.0,116.0,141.0,128.0,99.0,57.0,54.0,57.0,76.0,70.0,54.0,74.0,57.0,36.0,12.0,36.0,69.0,33.0,50.0,32.0,29.0,76.0,90.0,128.0,180.0,261.0,316.0,557.0,649.0,1053.0,1297.0,1340.0,1504.0,1174.0,1230.0,1352.0,1315.0,1224.0,1136.0,1133.0,1152.0,1132.0,1085.0,1054.0,1088.0,1101.0,1275.0,1224.0,1193.0,1066.0,1039.0,1163.0,1195.0,1191.0,1293.0,1400.0,1454.0,1242.0,1265.0,1405.0,1376.0,1348.0,1449.0,1246.0,1405.0,1391.0,1218.0,1411.0,1122.0,1183.0,1183.0,1100.0,1066.0,1133.0,973.0,1123.0,889.0,923.0,1035.0,1037.0,1166.0,1227.0,1025.0,1074.0,971.0,864.0,643.0,497.0,316.0,276.0,267.0,224.0,198.0
2019/11/30,207.0,216.0,316.0,243.0,267.0,289.0,275.0,159.0,164.0,196.0,171.0,175.0,159.0,139.0,131.0,100.0,101.0,79.0,90.0,104.0,99.0,64.0,103.0,99.0,80.0,141.0,133.0,98.0,120.0,101.0,140.0,152.0,123.0,168.0,231.0,389.0,379.0,431.0,417.0,561.0,707.0,782.0,682.0,788.0,984.0,999.0,880.0,1099.0,1174.0,1179.0,1162.0,1109.0,1168.0,1133.0,1218.0,1205.0,1189.0,1245.0,1146.0,983.0,931.0,691.0,674.0,452.0,471.0,539.0,519.0,589.0,782.0,626.0,697.0,853.0,856.0,870.0,976.0,1126.0,1043.0,947.0,1032.0,973.0,997.0,1001.0,1013.0,1051.0,1065.0,1099.0,982.0,952.0,757.0,680.0,455.0,430.0,302.0,235.0,206.0,251.0
2019/12/01,248.0,223.0,312.0,259.0,269.0,208.0,243.0,219.0,215.0,184.0,183.0,154.0,127.0,192.0,143.0,159.0,166.0,114.0,87.0,82.0,105.0,46.0,52.0,95.0,91.0,111.0,109.0,89.0,92.0,93.0,138.0,121.0,153.0,140.0,151.0,153.0,199.0,209.0,313.0,375.0,349.0,394.0,513.0,556.0,729.0,680.0,863.0,1024.0,884.0,859.0,1068.0,941.0,1148.0,1032.0,1068.0,1039.0,1276.0,1217.0,1042.0,990.0,848.0,618.0,512.0,458.0,426.0,443.0,538.0,443.0,508.0,551.0,627.0,684.0,804.0,836.0,806.0,712.0,752.0,845.0,749.0,785.0,774.0,754.0,640.0,649.0,698.0,465.0,533.0,350.0,421.0,308.0,236.0,205.0,107.0,155.0,134.0,131.0
2019/12/02,120.0,77.0,59.0,72.0,63.0,55.0,38.0,24.0,45.0,45.0,33.0,17.0,19.0,19.0,23.0,6.0,7.0,5.0,8.0,40.0,5.0,46.0,56.0,47.0,59.0,142.0,127.0,173.0,275.0,347.0,512.0,665.0,975.0,1284.0,1380.0,1366.0,1186.0,1314.0,1284.0,1265.0,1246.0,987.0,1159.0,1007.0,1035.0,955.0,993.0,1038.0,986.0,1022.0,1117.0,1009.0,923.0,958.0,911.0,1072.0,965.0,1057.0,1146.0,1008.0,1004.0,815.0,982.0,883.0,981.0,1018.0,1143.0,975.0,1129.0,919.0,1300.0,1279.0,1315.0,1472.0,1405.0,1328.0,1239.0,1451.0,1345.0,1313.0,1354.0,1351.0,864.0,823.0,776.0,631.0,677.0,467.0,437.0,366.0,349.0,215.0,203.0,148.0,166.0,133.0
2019/12/03,113.0,105.0,67.0,86.0,93.0,94.0,38.0,41.0,33.0,20.0,25.0,23.0,12.0,23.0,25.0,16.0,35.0,14.0,4.0,36.0,40.0,26.0,45.0,36.0,64.0,77.0,83.0,216.0,300.0,381.0,535.0,754.0,836.0,1211.0,1427.0,1506.0,1389.0,1284.0,1240.0,1353.0,1461.0,1262.0,1114.0,1110.0,1187.0,1145.0,1232.0,1182.0,1167.0,1089.0,1205.0,1110.0,883.0,950.0,1021.0,1116.0,1148.0,1108.0,1071.0,1007.0,1109.0,815.0,883.0,992.0,1183.0,1122.0,1267.0,1174.0,1372.0,1292.0,1277.0,1395.0,1324.0,1442.0,1383.0,1413.0,1097.0,521.0,831.0,1191.0,1117.0,1217.0,1020.0,912.0,929.0,784.0,684.0,503.0,455.0,348.0,347.0,246.0,221.0,217.0,174.0,191.0
2019/12/04,160.0,198.0,106.0,98.0,82.0,91.0,82.0,39.0,14.0,33.0,12.0,22.0,13.0,11.0,13.0,47.0,35.0,24.0,15.0,42.0,39.0,56.0,20.0,39.0,45.0,122.0,107.0,226.0,269.0,371.0,542.0,617.0,925.0,1001.0,1347.0,1327.0,1215.0,878.0,1029.0,1397.0,1134.0,1320.0,1123.0,1227.0,1238.0,1195.0,1324.0,1261.0,1199.0,1105.0,1112.0,1157.0,1221.0,1095.0,1126.0,1208.0,1334.0,1207.0,1190.0,1090.0,1004.0,860.0,948.0,953.0,1002.0,1161.0,1207.0,1192.0,1261.0,1337.0,1235.0,1154.0,1529.0,1461.0,1391.0,1219.0,1331.0,1178.0,1359.0,1362.0,1395.0,1146.0,1128.0,1065.0,959.0,883.0,838.0,597.0,466.0,379.0,329.0,279.0,257.0,251.0,216.0,225.0
2019/12/05,171.0,135.0,151.0,200.0,86.0,104.0,78.0,60.0,51.0,58.0,57.0,33.0,46.0,31.0,17.0,21.0,11.0,23.0,21.0,44.0,20.0,33.0,25.0,21.0,56.0,129.0,140.0,215.0,287.0,386.0,526.0,788.0,922.0,1164.0,1377.0,1363.0,1435.0,902.0,1158.0,1339.0,1253.0,1087.0,1060.0,1145.0,1186.0,1215.0,1286.0,1146.0,1129.0,1214.0,1143.0,1287.0,1269.0,1112.0,1267.0,1296.0,1249.0,1220.0,1207.0,1144.0,1075.0,964.0,910.0,1079.0,997.0,1085.0,1125.0,1086.0,1296.0,1401.0,1336.0,1252.0,1341.0,1268.0,1405.0,1316.0,1256.0,1569.0,1369.0,1508.0,1462.0,1173.0,1051.0,1076.0,1081.0,945.0,837.0,836.0,660.0,475.0,532.0,402.0,277.0,340.0,270.0,197.0
2019/12/06,183.0,133.0,199.0,150.0,147.0,129.0,171.0,162.0,77.0,104.0,49.0,95.0,109.0,69.0,56.0,88.0,61.0,53.0,67.0,69.0,73.0,60.0,81.0,67.0,69.0,88.0,107.0,64.0,140.0,125.0,132.0,154.0,154.0,175.0,131.0,212.0,189.0,212.0,255.0,327.0,288.0,353.0,513.0,494.0,546.0,457.0,745.0,614.0,650.0,692.0,740.0,775.0,824.0,881.0,896.0,925.0,864.0,851.0,898.0,716.0,521.0,427.0,365.0,405.0,425.0,335.0,345.0,381.0,351.0,516.0,459.0,453.0,617.0,639.0,666.0,585.0,680.0,577.0,623.0,629.0,653.0,661.0,565.0,677.0,651.0,675.0,497.0,465.0,427.0,350.0,345.0,220.0,251.0,200.0,197.0,185.0
2019/12/07,211.0,214.0,167.0,125.0,136.0,133.0,148.0,81.0,95.0,105.0,100.0,56.0,55.0,61.0,43.0,91.0,50.0,47.0,31.0,62.0,57.0,44.0,21.0,44.0,54.0,67.0,75.0,123.0,74.0,104.0,112.0,114.0,119.0,170.0,125.0,177.0,186.0,290.0,286.0,434.0,422.0,451.0,503.0,588.0,557.0,621.0,794.0,707.0,1049.0,1115.0,998.0,1120.0,978.0,734.0,824.0,786.0,709.0,765.0,641.0,655.0,569.0,397.0,409.0,451.0,366.0,299.0,400.0,355.0,472.0,482.0,555.0,556.0,620.0,619.0,763.0,777.0,710.0,684.0,724.0,668.0,642.0,652.0,721.0,596.0,664.0,600.0,555.0,555.0,457.0,408.0,309.0,248.0,210.0,147.0,180.0,240.0
2019/12/08,201.0,193.0,220.0,185.0,184.0,126.0,138.0,116.0,70.0,133.0,84.0,121.0,81.0,63.0,92.0,69.0,55.0,41.0,62.0,57.0,83.0,44.0,48.0,65.0,42.0,113.0,63.0,73.0,89.0,96.0,100.0,84.0,110.0,93.0,108.0,140.0,151.0,138.0,195.0,252.0,294.0,247.0,289.0,405.0,371.0,464.0,552.0,597.0,660.0,589.0,657.0,753.0,745.0,824.0,793.0,849.0,879.0,975.0,757.0,685.0,532.0,431.0,336.0,318.0,342.0,361.0,381.0,358.0,446.0,447.0,651.0,488.0,547.0,575.0,638.0,691.0,696.0,669.0,623.0,642.0,642.0,585.0,604.0,570.0,694.0,524.0,565.0,441.0,441.0,339.0,254.0,150.0,224.0,178.0,197.0,162.0
2019/12/09,183.0,186.0,111.0,112.0,48.0,70.0,70.0,106.0,51.0,61.0,69.0,30.0,22.0,28.0,37.0,10.0,49.0,32.0,28.0,18.0,37.0,14.0,17.0,50.0,48.0,93.0,68.0,49.0,63.0,111.0,101.0,142.0,138.0,102.0,180.0,209.0,163.0,180.0,264.0,263.0,360.0,377.0,465.0,463.0,534.0,512.0,736.0,590.0,820.0,769.0,763.0,761.0,878.0,977.0,878.0,892.0,1031.0,845.0,813.0,774.0,666.0,492.0,509.0,504.0,461.0,538.0,453.0,587.0,467.0,533.0,610.0,728.0,752.0,730.0,795.0,798.0,847.0,832.0,788.0,665.0,684.0,707.0,691.0,598.0,549.0,564.0,447.0,375.0,288.0,277.0,242.0,189.0,166.0,171.0,120.0,104.0
2019/12/10,136.0,113.0,81.0,56.0,37.0,44.0,45.0,35.0,17.0,29.0,17.0,29.0,15.0,5.0,35.0,17.0,5.0,5.0,18.0,43.0,23.0,27.0,19.0,23.0,84.0,93.0,137.0,162.0,269.0,353.0,432.0,728.0,959.0,1225.0,1327.0,1349.0,1166.0,1223.0,1352.0,1312.0,1302.0,1206.0,1153.0,1295.0,1194.0,1107.0,1001.0,1121.0,1142.0,962.0,1155.0,1123.0,1141.0,1107.0,936.0,1103.0,1196.0,996.0,1170.0,952.0,958.0,962.0,884.0,995.0,1098.0,1066.0,1141.0,1087.0,1296.0,818.0,1135.0,1408.0,1162.0,1450.0,1209.0,1439.0,1367.0,1437.0,1266.0,1245.0,1471.0,1402.0,1416.0,1356.0,1467.0,914.0,761.0,606.0,472.0,396.0,303.0,247.0,301.0,240.0,206.0,218.0
2019/12/11,178.0,223.0,120.0,124.0,99.0,91.0,79.0,90.0,59.0,50.0,40.0,20.0,40.0,8.0,14.0,21.0,24.0,14.0,8.0,36.0,26.0,24.0,41.0,27.0,52.0,101.0,120.0,115.0,210.0,387.0,491.0,655.0,1056.0,1321.0,1331.0,1436.0,1394.0,1227.0,1291.0,1348.0,1395.0,1214.0,1114.0,1159.0,1133.0,1323.0,1165.0,1213.0,1310.0,1272.0,1146.0,1141.0,1137.0,1061.0,1119.0,1092.0,1208.0,1207.0,1246.0,1015.0,1022.0,908.0,923.0,1127.0,1080.0,1220.0,1340.0,1127.0,1307.0,1394.0,1205.0,1247.0,1479.0,1445.0,1405.0,1398.0,1441.0,1438.0,1254.0,1372.0,1465.0,1400.0,1435.0,1444.0,1190.0,960.0,767.0,685.0,511.0,385.0,312.0,270.0,295.0,262.0,189.0,179.0
2019/12/12,139.0,180.0,116.0,126.0,162.0,136.0,80.0,101.0,62.0,62.0,32.0,52.0,16.0,16.0,23.0,28.0,24.0,25.0,27.0,34.0,33.0,43.0,21.0,33.0,56.0,103.0,121.0,202.0,228.0,371.0,477.0,675.0,1031.0,1174.0,1415.0,1399.0,1327.0,1416.0,1434.0,1260.0,1345.0,1254.0,1183.0,1135.0,1352.0,1206.0,1239.0,1297.0,1317.0,1344.0,1184.0,1257.0,1271.0,1061.0,1255.0,1266.0,1239.0,1081.0,1325.0,1037.0,1199.0,1069.0,881.0,1179.0,900.0,1010.0,1198.0,987.0,1243.0,1366.0,1144.0,1275.0,1323.0,1446.0,1300.0,1198.0,1236.0,1179.0,1554.0,1380.0,1487.0,1512.0,1469.0,1455.0,1450.0,1378.0,1200.0,863.0,601.0,539.0,379.0,327.0,224.0,276.0,214.0,259.0
2019/12/13,185.0,165.0,269.0,229.0,162.0,178.0,155.0,118.0,108.0,99.0,129.0,106.0,80.0,78.0,81.0,107.0,118.0,81.0,71.0,62.0,44.0,81.0,50.0,70.0,92.0,76.0,138.0,159.0,277.0,344.0,478.0,807.0,957.0,1257.0,1454.0,1288.0,1258.0,1289.0,1420.0,1351.0,1239.0,1128.0,1063.0,1261.0,1277.0,1149.0,1270.0,1187.0,1326.0,1194.0,1287.0,1295.0,1191.0,1070.0,1234.0,1354.0,1232.0,1355.0,1533.0,1374.0,1243.0,1309.0,1327.0,1464.0,1541.0,1103.0,1116.0,1085.0,1298.0,1280.0,1304.0,996.0,1200.0,1146.0,1346.0,1082.0,1141.0,1167.0,1069.0,1263.0,1108.0,1170.0,1165.0,1288.0,1400.0,1303.0,1206.0,1389.0,976.0,815.0,549.0,344.0,296.0,328.0,328.0,307.0
2019/12/14,255.0,282.0,249.0,285.0,315.0,279.0,253.0,248.0,278.0,226.0,204.0,254.0,191.0,151.0,139.0,181.0,110.0,186.0,167.0,192.0,121.0,137.0,137.0,101.0,168.0,139.0,131.0,145.0,93.0,134.0,141.0,200.0,136.0,238.0,244.0,298.0,433.0,440.0,415.0,547.0,772.0,820.0,715.0,975.0,977.0,1022.0,961.0,1047.0,1159.0,1238.0,1196.0,1276.0,1336.0,1155.0,1259.0,1014.0,1302.0,1307.0,1132.0,1091.0,958.0,795.0,623.0,584.0,545.0,524.0,596.0,602.0,605.0,740.0,844.0,885.0,859.0,888.0,1012.0,1080.0,979.0,977.0,1002.0,938.0,837.0,914.0,961.0,989.0,1189.0,1233.0,1189.0,1047.0,899.0,636.0,483.0,398.0,358.0,338.0,284.0,307.0
2019/12/15,344.0,292.0,253.0,254.0,268.0,239.0,199.0,178.0,216.0,160.0,162.0,254.0,209.0,159.0,181.0,133.0,124.0,151.0,128.0,94.0,143.0,156.0,131.0,82.0,82.0,73.0,105.0,93.0,113.0,90.0,155.0,174.0,169.0,205.0,273.0,233.0,199.0,195.0,301.0,371.0,440.0,454.0,561.0,610.0,794.0,740.0,945.0,790.0,782.0,859.0,1028.0,1113.0,1070.0,1113.0,925.0,1028.0,1131.0,1144.0,1173.0,1093.0,762.0,642.0,568.0,440.0,391.0,523.0,530.0,547.0,611.0,717.0,705.0,821.0,947.0,940.0,942.0,933.0,985.0,910.0,852.0,768.0,871.0,777.0,641.0,627.0,718.0,583.0,594.0,349.0,398.0,361.0,275.0,231.0,237.0,224.0,166.0,152.0
2019/12/16,145.0,134.0,94.0,75.0,42.0,34.0,30.0,39.0,15.0,32.0,13.0,42.0,30.0,17.0,33.0,42.0,17.0,23.0,7.0,29.0,19.0,20.0,44.0,10.0,89.0,133.0,118.0,160.0,255.0,359.0,550.0,727.0,934.0,1205.0,1391.0,1294.0,1427.0,1423.0,1375.0,1539.0,1275.0,1115.0,1051.0,1143.0,1193.0,1151.0,1261.0,1150.0,1123.0,1230.0,1171.0,1069.0,1155.0,1165.0,1166.0,1099.0,1206.0,1205.0,1117.0,1178.0,1045.0,1055.0,902.0,1073.0,1140.0,1155.0,1193.0,1313.0,1188.0,1355.0,1265.0,1341.0,1257.0,1363.0,1152.0,1356.0,1214.0,1248.0,1293.0,1504.0,1236.0,1117.0,973.0,1019.0,916.0,722.0,738.0,599.0,515.0,462.0,330.0,281.0,279.0,172.0,253.0,141.0
2019/12/17,190.0,116.0,134.0,81.0,85.0,81.0,52.0,55.0,45.0,40.0,29.0,40.0,29.0,15.0,24.0,21.0,5.0,21.0,35.0,5.0,22.0,27.0,32.0,23.0,61.0,94.0,121.0,212.0,246.0,441.0,476.0,652.0,1020.0,1183.0,1383.0,1354.0,1586.0,1413.0,1417.0,1456.0,1500.0,1342.0,1166.0,1352.0,1187.0,1238.0,1249.0,1055.0,1312.0,1248.0,1097.0,1290.0,1250.0,1145.0,1179.0,1196.0,1296.0,1431.0,1246.0,1077.0,907.0,801.0,839.0,1058.0,1039.0,1140.0,1170.0,1274.0,849.0,1401.0,1373.0,1182.0,1242.0,1261.0,1429.0,1433.0,1131.0,1198.0,1357.0,1382.0,1297.0,1382.0,1455.0,1113.0,1267.0,1025.0,846.0,698.0,547.0,431.0,279.0,317.0,195.0,295.0,236.0,206.0
2019/12/18,217.0,164.0,124.0,129.0,149.0,111.0,98.0,87.0,21.0,62.0,54.0,51.0,30.0,23.0,44.0,37.0,18.0,23.0,16.0,33.0,27.0,12.0,28.0,34.0,37.0,136.0,114.0,127.0,311.0,316.0,483.0,737.0,900.0,1291.0,1332.0,1532.0,1216.0,1381.0,1377.0,1455.0,1365.0,1208.0,1258.0,1359.0,1313.0,1212.0,1234.0,1312.0,1171.0,1181.0,1171.0,1280.0,1233.0,1176.0,1229.0,1248.0,1204.0,1222.0,1281.0,1235.0,1025.0,1109.0,981.0,1047.0,1026.0,1068.0,1238.0,1261.0,1451.0,1192.0,1137.0,951.0,1294.0,1492.0,1401.0,1263.0,1495.0,1253.0,1374.0,1466.0,1570.0,1480.0,1188.0,791.0,850.0,682.0,725.0,494.0,437.0,597.0,387.0,453.0,295.0,279.0,229.0,191.0
2019/12/19,200.0,239.0,154.0,164.0,155.0,125.0,102.0,99.0,66.0,88.0,71.0,30.0,48.0,67.0,38.0,48.0,47.0,42.0,31.0,59.0,24.0,47.0,18.0,32.0,58.0,72.0,119.0,178.0,239.0,365.0,455.0,608.0,939.0,1030.0,1332.0,1403.0,1326.0,1387.0,1350.0,1345.0,1304.0,1251.0,1247.0,1380.0,1345.0,1217.0,1256.0,1273.0,1242.0,1291.0,1378.0,1369.0,1211.0,1210.0,1305.0,1426.0,1341.0,1237.0,1307.0,1208.0,1253.0,989.0,1029.0,1206.0,1111.0,1197.0,1258.0,1102.0,1248.0,1282.0,1225.0,927.0,1140.0,1231.0,1331.0,1215.0,1125.0,1140.0,1236.0,1039.0,1262.0,1320.0,1209.0,1334.0,1227.0,1300.0,1177.0,1101.0,762.0,596.0,424.0,380.0,327.0,373.0,278.0,241.0
2019/12/20,282.0,203.0,265.0,267.0,265.0,220.0,168.0,120.0,165.0,184.0,113.0,97.0,154.0,130.0,106.0,101.0,137.0,132.0,80.0,119.0,101.0,68.0,75.0,48.0,102.0,228.0,195.0,205.0,284.0,330.0,478.0,691.0,858.0,1031.0,1247.0,1460.0,1364.0,1655.0,1404.0,1290.0,1342.0,1302.0,1184.0,1248.0,1175.0,1308.0,1316.0,1480.0,1594.0,1456.0,1722.0,1387.0,1474.0,1394.0,1142.0,1538.0,1378.0,1373.0,1185.0,1628.0,1320.0,1335.0,1466.0,1374.0,1411.0,1426.0,1312.0,1209.0,1261.0,1250.0,1153.0,1224.0,1142.0,1038.0,1050.0,1073.0,1094.0,1069.0,1079.0,1100.0,1159.0,1032.0,1046.0,1169.0,1165.0,1275.0,1206.0,1204.0,909.0,605.0,425.0,317.0,350.0,326.0,321.0,274.0
2019/12/21,252.0,221.0,290.0,259.0,267.0,242.0,199.0,180.0,203.0,205.0,193.0,168.0,204.0,204.0,212.0,148.0,156.0,97.0,84.0,118.0,121.0,104.0,101.0,134.0,122.0,197.0,140.0,146.0,133.0,140.0,150.0,137.0,125.0,186.0,205.0,273.0,383.0,406.0,439.0,493.0,654.0,697.0,688.0,759.0,950.0,929.0,932.0,1010.0,1213.0,1036.0,1179.0,1199.0,1287.0,1285.0,1208.0,1158.0,1339.0,1116.0,1229.0,970.0,869.0,646.0,592.0,617.0,435.0,484.0,549.0,478.0,634.0,681.0,747.0,754.0,844.0,811.0,909.0,953.0,1063.0,999.0,950.0,988.0,972.0,984.0,978.0,885.0,956.0,909.0,1003.0,805.0,776.0,563.0,428.0,319.0,339.0,239.0,240.0,239.0
2019/12/22,253.0,285.0,186.0,257.0,247.0,297.0,140.0,286.0,205.0,187.0,176.0,208.0,137.0,178.0,183.0,156.0,86.0,124.0,118.0,99.0,107.0,118.0,91.0,115.0,109.0,100.0,112.0,125.0,113.0,134.0,154.0,130.0,131.0,126.0,95.0,167.0,171.0,218.0,241.0,284.0,365.0,414.0,554.0,652.0,689.0,850.0,820.0,681.0,884.0,832.0,1033.0,932.0,1141.0,1017.0,1063.0,1112.0,1246.0,1055.0,1083.0,970.0,642.0,441.0,482.0,384.0,414.0,415.0,403.0,605.0,472.0,628.0,774.0,644.0,765.0,903.0,1081.0,952.0,801.0,935.0,1085.0,961.0,1062.0,1258.0,1182.0,1047.0,897.0,606.0,584.0,580.0,472.0,411.0,329.0,180.0,207.0,340.0,395.0,262.0
2019/12/23,199.0,195.0,159.0,180.0,94.0,109.0,76.0,61.0,42.0,41.0,55.0,75.0,38.0,66.0,59.0,41.0,51.0,27.0,39.0,28.0,39.0,33.0,43.0,39.0,58.0,102.0,133.0,177.0,219.0,234.0,350.0,494.0,598.0,688.0,778.0,875.0,857.0,831.0,939.0,1090.0,1136.0,1169.0,1110.0,1237.0,1325.0,1285.0,1377.0,1381.0,1278.0,1225.0,1371.0,1407.0,1285.0,1423.0,1313.0,1301.0,1210.0,1239.0,1241.0,1172.0,983.0,880.0,861.0,887.0,841.0,867.0,933.0,933.0,1065.0,1093.0,1195.0,1198.0,1309.0,1287.0,1267.0,1441.0,1229.0,1308.0,1145.0,1121.0,1098.0,1001.0,1016.0,960.0,1085.0,891.0,945.0,721.0,701.0,484.0,379.0,259.0,225.0,218.0,202.0,207.0
2019/12/24,213.0,237.0,145.0,162.0,148.0,135.0,137.0,81.0,96.0,77.0,53.0,86.0,31.0,52.0,49.0,65.0,63.0,28.0,45.0,46.0,17.0,90.0,26.0,33.0,92.0,114.0,128.0,142.0,111.0,191.0,241.0,273.0,328.0,394.0,415.0,553.0,495.0,592.0,677.0,698.0,919.0,653.0,860.0,815.0,1004.0,1052.0,1069.0,1173.0,1206.0,1291.0,1139.0,1301.0,1391.0,1165.0,1353.0,1271.0,1293.0,1231.0,1025.0,827.0,755.0,657.0,595.0,595.0,538.0,568.0,584.0,548.0,629.0,595.0,549.0,560.0,545.0,578.0,707.0,588.0,560.0,661.0,559.0,723.0,798.0,849.0,914.0,928.0,780.0,752.0,465.0,255.0,138.0,107.0,91.0,82.0,69.0,123.0,149.0,180.0
2019/12/25,233.0,260.0,343.0,354.0,368.0,455.0,464.0,403.0,352.0,353.0,287.0,194.0,185.0,127.0,111.0,59.0,55.0,33.0,63.0,56.0,47.0,35.0,38.0,34.0,57.0,73.0,63.0,82.0,93.0,95.0,90.0,118.0,67.0,64.0,50.0,82.0,56.0,85.0,84.0,99.0,121.0,108.0,165.0,124.0,204.0,195.0,189.0,274.0,354.0,389.0,386.0,355.0,634.0,527.0,583.0,737.0,957.0,974.0,719.0,712.0,433.0,256.0,215.0,148.0,130.0,196.0,204.0,189.0,291.0,270.0,358.0,375.0,469.0,596.0,508.0,550.0,585.0,547.0,533.0,563.0,626.0,587.0,546.0,513.0,614.0,482.0,402.0,414.0,384.0,312.0,267.0,235.0,183.0,233.0,142.0,117.0
2019/12/26,131.0,96.0,120.0,76.0,75.0,36.0,44.0,46.0,42.0,27.0,21.0,15.0,26.0,25.0,38.0,16.0,16.0,15.0,24.0,21.0,26.0,34.0,34.0,33.0,48.0,125.0,116.0,147.0,166.0,266.0,283.0,390.0,430.0,535.0,627.0,753.0,781.0,757.0,789.0,806.0,869.0,851.0,910.0,1090.0,993.0,968.0,947.0,1094.0,1112.0,1180.0,1062.0,1109.0,1067.0,1040.0,943.0,1170.0,1052.0,1036.0,1029.0,936.0,970.0,700.0,693.0,580.0,666.0,749.0,801.0,740.0,840.0,802.0,903.0,934.0,1073.0,1086.0,1117.0,1095.0,1078.0,960.0,1102.0,885.0,919.0,839.0,941.0,817.0,721.0,737.0,675.0,576.0,480.0,378.0,284.0,297.0,268.0,274.0,257.0,241.0
2019/12/27,224.0,208.0,191.0,174.0,158.0,141.0,92.0,89.0,59.0,29.0,70.0,45.0,40.0,31.0,51.0,57.0,47.0,28.0,39.0,51.0,52.0,67.0,54.0,41.0,45.0,105.0,123.0,119.0,194.0,199.0,290.0,419.0,492.0,551.0,538.0,706.0,769.0,762.0,790.0,881.0,746.0,759.0,897.0,965.0,1090.0,966.0,1043.0,1078.0,1005.0,1009.0,1089.0,1079.0,1028.0,1113.0,1107.0,1097.0,1203.0,1228.0,1301.0,1233.0,1179.0,1037.0,943.0,832.0,649.0,616.0,696.0,648.0,660.0,772.0,889.0,824.0,850.0,896.0,950.0,919.0,997.0,893.0,738.0,801.0,805.0,755.0,706.0,716.0,851.0,874.0,724.0,780.0,609.0,465.0,356.0,262.0,231.0,227.0,208.0,240.0
2019/12/28,195.0,184.0,181.0,251.0,198.0,131.0,144.0,149.0,125.0,108.0,101.0,99.0,68.0,89.0,57.0,92.0,51.0,87.0,73.0,95.0,99.0,57.0,58.0,106.0,49.0,129.0,131.0,101.0,99.0,128.0,133.0,142.0,141.0,133.0,146.0,143.0,203.0,248.0,305.0,306.0,424.0,454.0,418.0,513.0,701.0,716.0,750.0,675.0,725.0,815.0,872.0,693.0,853.0,858.0,863.0,868.0,873.0,702.0,799.0,699.0,564.0,496.0,445.0,322.0,385.0,352.0,336.0,411.0,381.0,415.0,509.0,596.0,677.0,636.0,697.0,673.0,809.0,828.0,639.0,678.0,658.0,676.0,667.0,681.0,644.0,730.0,597.0,530.0,467.0,435.0,346.0,237.0,243.0,258.0,221.0,244.0
2019/12/29,167.0,182.0,185.0,163.0,163.0,157.0,142.0,117.0,133.0,100.0,122.0,99.0,68.0,77.0,92.0,79.0,50.0,76.0,67.0,55.0,47.0,61.0,62.0,54.0,73.0,93.0,94.0,72.0,60.0,88.0,72.0,115.0,81.0,115.0,107.0,119.0,125.0,123.0,233.0,260.0,264.0,240.0,296.0,390.0,484.0,523.0,559.0,576.0,744.0,586.0,671.0,764.0,819.0,805.0,805.0,839.0,837.0,826.0,714.0,740.0,583.0,488.0,355.0,329.0,397.0,365.0,368.0,395.0,423.0,421.0,470.0,551.0,602.0,587.0,671.0,702.0,759.0,674.0,675.0,581.0,613.0,527.0,632.0,686.0,601.0,500.0,445.0,483.0,442.0,276.0,257.0,209.0,153.0,161.0,184.0,152.0
2019/12/30,142.0,120.0,144.0,144.0,93.0,49.0,68.0,31.0,16.0,44.0,39.0,13.0,24.0,30.0,21.0,12.0,8.0,17.0,24.0,16.0,12.0,26.0,29.0,38.0,46.0,90.0,102.0,134.0,128.0,247.0,299.0,356.0,388.0,516.0,497.0,673.0,710.0,752.0,826.0,785.0,782.0,908.0,851.0,991.0,863.0,1116.0,1127.0,1015.0,1205.0,1195.0,1019.0,1157.0,1137.0,1136.0,1112.0,937.0,1076.0,1027.0,889.0,921.0,741.0,650.0,649.0,712.0,621.0,609.0,701.0,765.0,954.0,763.0,977.0,910.0,966.0,996.0,1041.0,1080.0,938.0,907.0,834.0,768.0,749.0,829.0,941.0,872.0,680.0,699.0,637.0,628.0,459.0,435.0,334.0,211.0,219.0,213.0,165.0,164.0
2019/12/31,189.0,139.0,142.0,133.0,120.0,83.0,78.0,101.0,74.0,53.0,53.0,45.0,43.0,50.0,27.0,41.0,36.0,24.0,46.0,26.0,35.0,34.0,36.0,31.0,51.0,111.0,110.0,118.0,143.0,145.0,163.0,210.0,250.0,203.0,296.0,407.0,487.0,511.0,487.0,601.0,687.0,688.0,760.0,765.0,787.0,894.0,971.0,866.0,1048.0,1100.0,1073.0,1009.0,1082.0,1087.0,1048.0,1043.0,1217.0,929.0,892.0,816.0,654.0,571.0,539.0,523.0,358.0,471.0,492.0,566.0,601.0,612.0,454.0,521.0,539.0,520.0,572.0,466.0,513.0,431.0,535.0,463.0,532.0,508.0,523.0,569.0,741.0,599.0,518.0,310.0,204.0,97.0,83.0,84.0,60.0,50.0,70.0,167.0
